; ============================================
; Cylindrical Mesh Tube
; Cylinder:  φ50.0mm × H50.0mm
; Nozzle:    1.8mm    Filament: 1.75mm
; Material:  PLA   Nozzle 230°C  Bed 60°C
; Speed:     15.0mm/s (900mm/min)
; Center:    X200.0 Y200.0
; E/mm ring: 0.8980  E/mm mesh: 1.1225
; ============================================

; --- Start sequence ---
M104 S230          ; Nozzle preheat
M140 S60             ; Bed preheat
G28                    ; Home all
M109 S230          ; Wait nozzle temp
M190 S60             ; Wait bed temp
G21                    ; Units mm
G90                    ; Absolute XYZ
M83                    ; Relative extrusion
G92 E0                 ; Reset extruder

G1 Z10 F6000           ; Safety lift
G1 X225.000 Y200.000 F6000  ; Move to start XY
G1 Z1.200 F3000       ; Lower to start Z
G1 F900                ; Set print speed

; --- Bottom ring ---
G1 X225.000 Y200.000 Z1.200  ; Start point (no extrusion)
G1 X224.988 Y200.789 Z1.200 E0.70882
G1 X224.950 Y201.578 Z1.200 E0.70882
G1 X224.888 Y202.364 Z1.200 E0.70882
G1 X224.801 Y203.149 Z1.200 E0.70882
G1 X224.689 Y203.930 Z1.200 E0.70882
G1 X224.553 Y204.708 Z1.200 E0.70882
G1 X224.392 Y205.481 Z1.200 E0.70882
G1 X224.207 Y206.248 Z1.200 E0.70882
G1 X223.997 Y207.009 Z1.200 E0.70882
G1 X223.764 Y207.763 Z1.200 E0.70882
G1 X223.507 Y208.509 Z1.200 E0.70882
G1 X223.227 Y209.247 Z1.200 E0.70882
G1 X222.923 Y209.976 Z1.200 E0.70882
G1 X222.597 Y210.694 Z1.200 E0.70882
G1 X222.248 Y211.402 Z1.200 E0.70882
G1 X221.877 Y212.099 Z1.200 E0.70882
G1 X221.484 Y212.784 Z1.200 E0.70882
G1 X221.070 Y213.456 Z1.200 E0.70882
G1 X220.635 Y214.114 Z1.200 E0.70882
G1 X220.179 Y214.758 Z1.200 E0.70882
G1 X219.703 Y215.388 Z1.200 E0.70882
G1 X219.207 Y216.002 Z1.200 E0.70882
G1 X218.693 Y216.601 Z1.200 E0.70882
G1 X218.159 Y217.183 Z1.200 E0.70882
G1 X217.608 Y217.747 Z1.200 E0.70882
G1 X217.039 Y218.294 Z1.200 E0.70882
G1 X216.453 Y218.823 Z1.200 E0.70882
G1 X215.850 Y219.333 Z1.200 E0.70882
G1 X215.232 Y219.824 Z1.200 E0.70882
G1 X214.599 Y220.295 Z1.200 E0.70882
G1 X213.951 Y220.746 Z1.200 E0.70882
G1 X213.289 Y221.176 Z1.200 E0.70882
G1 X212.614 Y221.585 Z1.200 E0.70882
G1 X211.926 Y221.972 Z1.200 E0.70882
G1 X211.227 Y222.338 Z1.200 E0.70882
G1 X210.516 Y222.681 Z1.200 E0.70882
G1 X209.795 Y223.001 Z1.200 E0.70882
G1 X209.064 Y223.299 Z1.200 E0.70882
G1 X208.323 Y223.574 Z1.200 E0.70882
G1 X207.575 Y223.825 Z1.200 E0.70882
G1 X206.819 Y224.052 Z1.200 E0.70882
G1 X206.057 Y224.255 Z1.200 E0.70882
G1 X205.288 Y224.434 Z1.200 E0.70882
G1 X204.514 Y224.589 Z1.200 E0.70882
G1 X203.735 Y224.719 Z1.200 E0.70882
G1 X202.953 Y224.825 Z1.200 E0.70882
G1 X202.168 Y224.906 Z1.200 E0.70882
G1 X201.381 Y224.962 Z1.200 E0.70882
G1 X200.592 Y224.993 Z1.200 E0.70882
G1 X199.803 Y224.999 Z1.200 E0.70882
G1 X199.014 Y224.981 Z1.200 E0.70882
G1 X198.225 Y224.937 Z1.200 E0.70882
G1 X197.439 Y224.868 Z1.200 E0.70882
G1 X196.655 Y224.775 Z1.200 E0.70882
G1 X195.875 Y224.657 Z1.200 E0.70882
G1 X195.099 Y224.515 Z1.200 E0.70882
G1 X194.327 Y224.348 Z1.200 E0.70882
G1 X193.561 Y224.157 Z1.200 E0.70882
G1 X192.802 Y223.941 Z1.200 E0.70882
G1 X192.050 Y223.702 Z1.200 E0.70882
G1 X191.305 Y223.439 Z1.200 E0.70882
G1 X190.570 Y223.153 Z1.200 E0.70882
G1 X189.844 Y222.844 Z1.200 E0.70882
G1 X189.128 Y222.512 Z1.200 E0.70882
G1 X188.422 Y222.158 Z1.200 E0.70882
G1 X187.729 Y221.781 Z1.200 E0.70882
G1 X187.047 Y221.383 Z1.200 E0.70882
G1 X186.379 Y220.963 Z1.200 E0.70882
G1 X185.724 Y220.523 Z1.200 E0.70882
G1 X185.083 Y220.062 Z1.200 E0.70882
G1 X184.457 Y219.581 Z1.200 E0.70882
G1 X183.846 Y219.080 Z1.200 E0.70882
G1 X183.252 Y218.561 Z1.200 E0.70882
G1 X182.675 Y218.023 Z1.200 E0.70882
G1 X182.114 Y217.467 Z1.200 E0.70882
G1 X181.572 Y216.894 Z1.200 E0.70882
G1 X181.048 Y216.304 Z1.200 E0.70882
G1 X180.542 Y215.697 Z1.200 E0.70882
G1 X180.057 Y215.075 Z1.200 E0.70882
G1 X179.591 Y214.438 Z1.200 E0.70882
G1 X179.145 Y213.787 Z1.200 E0.70882
G1 X178.720 Y213.121 Z1.200 E0.70882
G1 X178.317 Y212.443 Z1.200 E0.70882
G1 X177.935 Y211.752 Z1.200 E0.70882
G1 X177.575 Y211.050 Z1.200 E0.70882
G1 X177.237 Y210.336 Z1.200 E0.70882
G1 X176.922 Y209.613 Z1.200 E0.70882
G1 X176.630 Y208.879 Z1.200 E0.70882
G1 X176.361 Y208.137 Z1.200 E0.70882
G1 X176.116 Y207.387 Z1.200 E0.70882
G1 X175.895 Y206.629 Z1.200 E0.70882
G1 X175.698 Y205.865 Z1.200 E0.70882
G1 X175.525 Y205.095 Z1.200 E0.70882
G1 X175.376 Y204.320 Z1.200 E0.70882
G1 X175.252 Y203.540 Z1.200 E0.70882
G1 X175.152 Y202.757 Z1.200 E0.70882
G1 X175.078 Y201.971 Z1.200 E0.70882
G1 X175.028 Y201.184 Z1.200 E0.70882
G1 X175.003 Y200.395 Z1.200 E0.70882
G1 X175.003 Y199.605 Z1.200 E0.70882
G1 X175.028 Y198.816 Z1.200 E0.70882
G1 X175.078 Y198.029 Z1.200 E0.70882
G1 X175.152 Y197.243 Z1.200 E0.70882
G1 X175.252 Y196.460 Z1.200 E0.70882
G1 X175.376 Y195.680 Z1.200 E0.70882
G1 X175.525 Y194.905 Z1.200 E0.70882
G1 X175.698 Y194.135 Z1.200 E0.70882
G1 X175.895 Y193.371 Z1.200 E0.70882
G1 X176.116 Y192.613 Z1.200 E0.70882
G1 X176.361 Y191.863 Z1.200 E0.70882
G1 X176.630 Y191.121 Z1.200 E0.70882
G1 X176.922 Y190.387 Z1.200 E0.70882
G1 X177.237 Y189.664 Z1.200 E0.70882
G1 X177.575 Y188.950 Z1.200 E0.70882
G1 X177.935 Y188.248 Z1.200 E0.70882
G1 X178.317 Y187.557 Z1.200 E0.70882
G1 X178.720 Y186.879 Z1.200 E0.70882
G1 X179.145 Y186.213 Z1.200 E0.70882
G1 X179.591 Y185.562 Z1.200 E0.70882
G1 X180.057 Y184.925 Z1.200 E0.70882
G1 X180.542 Y184.303 Z1.200 E0.70882
G1 X181.048 Y183.696 Z1.200 E0.70882
G1 X181.572 Y183.106 Z1.200 E0.70882
G1 X182.114 Y182.533 Z1.200 E0.70882
G1 X182.675 Y181.977 Z1.200 E0.70882
G1 X183.252 Y181.439 Z1.200 E0.70882
G1 X183.846 Y180.920 Z1.200 E0.70882
G1 X184.457 Y180.419 Z1.200 E0.70882
G1 X185.083 Y179.938 Z1.200 E0.70882
G1 X185.724 Y179.477 Z1.200 E0.70882
G1 X186.379 Y179.037 Z1.200 E0.70882
G1 X187.047 Y178.617 Z1.200 E0.70882
G1 X187.729 Y178.219 Z1.200 E0.70882
G1 X188.422 Y177.842 Z1.200 E0.70882
G1 X189.128 Y177.488 Z1.200 E0.70882
G1 X189.844 Y177.156 Z1.200 E0.70882
G1 X190.570 Y176.847 Z1.200 E0.70882
G1 X191.305 Y176.561 Z1.200 E0.70882
G1 X192.050 Y176.298 Z1.200 E0.70882
G1 X192.802 Y176.059 Z1.200 E0.70882
G1 X193.561 Y175.843 Z1.200 E0.70882
G1 X194.327 Y175.652 Z1.200 E0.70882
G1 X195.099 Y175.485 Z1.200 E0.70882
G1 X195.875 Y175.343 Z1.200 E0.70882
G1 X196.655 Y175.225 Z1.200 E0.70882
G1 X197.439 Y175.132 Z1.200 E0.70882
G1 X198.225 Y175.063 Z1.200 E0.70882
G1 X199.014 Y175.019 Z1.200 E0.70882
G1 X199.803 Y175.001 Z1.200 E0.70882
G1 X200.592 Y175.007 Z1.200 E0.70882
G1 X201.381 Y175.038 Z1.200 E0.70882
G1 X202.168 Y175.094 Z1.200 E0.70882
G1 X202.953 Y175.175 Z1.200 E0.70882
G1 X203.735 Y175.281 Z1.200 E0.70882
G1 X204.514 Y175.411 Z1.200 E0.70882
G1 X205.288 Y175.566 Z1.200 E0.70882
G1 X206.057 Y175.745 Z1.200 E0.70882
G1 X206.819 Y175.948 Z1.200 E0.70882
G1 X207.575 Y176.175 Z1.200 E0.70882
G1 X208.323 Y176.426 Z1.200 E0.70882
G1 X209.064 Y176.701 Z1.200 E0.70882
G1 X209.795 Y176.999 Z1.200 E0.70882
G1 X210.516 Y177.319 Z1.200 E0.70882
G1 X211.227 Y177.662 Z1.200 E0.70882
G1 X211.926 Y178.028 Z1.200 E0.70882
G1 X212.614 Y178.415 Z1.200 E0.70882
G1 X213.289 Y178.824 Z1.200 E0.70882
G1 X213.951 Y179.254 Z1.200 E0.70882
G1 X214.599 Y179.705 Z1.200 E0.70882
G1 X215.232 Y180.176 Z1.200 E0.70882
G1 X215.850 Y180.667 Z1.200 E0.70882
G1 X216.453 Y181.177 Z1.200 E0.70882
G1 X217.039 Y181.706 Z1.200 E0.70882
G1 X217.608 Y182.253 Z1.200 E0.70882
G1 X218.159 Y182.817 Z1.200 E0.70882
G1 X218.693 Y183.399 Z1.200 E0.70882
G1 X219.207 Y183.998 Z1.200 E0.70882
G1 X219.703 Y184.612 Z1.200 E0.70882
G1 X220.179 Y185.242 Z1.200 E0.70882
G1 X220.635 Y185.886 Z1.200 E0.70882
G1 X221.070 Y186.544 Z1.200 E0.70882
G1 X221.484 Y187.216 Z1.200 E0.70882
G1 X221.877 Y187.901 Z1.200 E0.70882
G1 X222.248 Y188.598 Z1.200 E0.70882
G1 X222.597 Y189.306 Z1.200 E0.70882
G1 X222.923 Y190.024 Z1.200 E0.70882
G1 X223.227 Y190.753 Z1.200 E0.70882
G1 X223.507 Y191.491 Z1.200 E0.70882
G1 X223.764 Y192.237 Z1.200 E0.70882
G1 X223.997 Y192.991 Z1.200 E0.70882
G1 X224.207 Y193.752 Z1.200 E0.70882
G1 X224.392 Y194.519 Z1.200 E0.70882
G1 X224.553 Y195.292 Z1.200 E0.70882
G1 X224.689 Y196.070 Z1.200 E0.70882
G1 X224.801 Y196.851 Z1.200 E0.70882
G1 X224.888 Y197.636 Z1.200 E0.70882
G1 X224.950 Y198.422 Z1.200 E0.70882
G1 X224.988 Y199.211 Z1.200 E0.70882
G1 X225.000 Y200.000 Z1.200 E0.70882
; --- 0th pre-rev ---
G1 X224.988 Y200.789 Z1.200 E0.88603
G1 X224.950 Y201.578 Z1.200 E0.88603
G1 X224.888 Y202.364 Z1.200 E0.88603
G1 X224.801 Y203.149 Z1.200 E0.88603
G1 X224.689 Y203.930 Z1.200 E0.88603
G1 X224.553 Y204.708 Z1.200 E0.88603
G1 X224.392 Y205.481 Z1.200 E0.88603
G1 X224.207 Y206.248 Z1.200 E0.88603
G1 X223.997 Y207.009 Z1.200 E0.88603
G1 X223.764 Y207.763 Z1.200 E0.88603
G1 X223.507 Y208.509 Z1.200 E0.88603
G1 X223.227 Y209.247 Z1.200 E0.88603
G1 X222.923 Y209.976 Z1.200 E0.88603
G1 X222.597 Y210.694 Z1.200 E0.88603
G1 X222.248 Y211.402 Z1.200 E0.88603
G1 X221.877 Y212.099 Z1.200 E0.88603
G1 X221.484 Y212.784 Z1.200 E0.88603
G1 X221.070 Y213.456 Z1.200 E0.88603
G1 X220.635 Y214.114 Z1.238 E0.88704
G1 X220.179 Y214.758 Z1.441 E0.91503
G1 X219.703 Y215.388 Z1.516 E0.89002
G1 X219.207 Y216.002 Z1.458 E0.88849
G1 X218.693 Y216.601 Z1.271 E0.91035
G1 X218.159 Y217.183 Z1.200 E0.88963
G1 X217.608 Y217.747 Z1.200 E0.88603
G1 X217.039 Y218.294 Z1.200 E0.88603
G1 X216.453 Y218.823 Z1.200 E0.88603
G1 X215.850 Y219.333 Z1.200 E0.88603
G1 X215.232 Y219.824 Z1.200 E0.88603
G1 X214.599 Y220.295 Z1.200 E0.88603
G1 X213.951 Y220.746 Z1.200 E0.88603
G1 X213.289 Y221.176 Z1.200 E0.88603
G1 X212.614 Y221.585 Z1.200 E0.88603
G1 X211.926 Y221.972 Z1.200 E0.88603
G1 X211.227 Y222.338 Z1.200 E0.88603
G1 X210.516 Y222.681 Z1.200 E0.88603
G1 X209.795 Y223.001 Z1.200 E0.88603
G1 X209.064 Y223.299 Z1.200 E0.88603
G1 X208.323 Y223.574 Z1.257 E0.88835
G1 X207.575 Y223.825 Z1.567 E0.95194
G1 X206.819 Y224.052 Z1.764 E0.91325
G1 X206.057 Y224.255 Z1.832 E0.88931
G1 X205.288 Y224.434 Z1.767 E0.88910
G1 X204.514 Y224.589 Z1.574 E0.91200
G1 X203.735 Y224.719 Z1.273 E0.94812
G1 X202.953 Y224.825 Z1.200 E0.88985
G1 X202.168 Y224.906 Z1.200 E0.88603
G1 X201.381 Y224.962 Z1.200 E0.88603
G1 X200.592 Y224.993 Z1.200 E0.88603
G1 X199.803 Y224.999 Z1.200 E0.88603
G1 X199.014 Y224.981 Z1.200 E0.88603
G1 X198.225 Y224.937 Z1.200 E0.88603
G1 X197.439 Y224.868 Z1.200 E0.88603
G1 X196.655 Y224.775 Z1.200 E0.88603
G1 X195.875 Y224.657 Z1.200 E0.88603
G1 X195.099 Y224.515 Z1.200 E0.88603
G1 X194.327 Y224.348 Z1.200 E0.88603
G1 X193.561 Y224.157 Z1.200 E0.88603
G1 X192.802 Y223.941 Z1.200 E0.88603
G1 X192.050 Y223.702 Z1.592 E0.98912
G1 X191.305 Y223.439 Z1.896 E0.94975
G1 X190.570 Y223.153 Z2.087 E0.91152
G1 X189.844 Y222.844 Z2.148 E0.88867
G1 X189.128 Y222.512 Z2.075 E0.88979
G1 X188.422 Y222.158 Z1.877 E0.91368
G1 X187.729 Y221.781 Z1.571 E0.95012
G1 X187.047 Y221.383 Z1.200 E0.97897
G1 X186.379 Y220.963 Z1.200 E0.88603
G1 X185.724 Y220.523 Z1.200 E0.88603
G1 X185.083 Y220.062 Z1.200 E0.88603
G1 X184.457 Y219.581 Z1.200 E0.88603
G1 X183.846 Y219.080 Z1.200 E0.88603
G1 X183.252 Y218.561 Z1.200 E0.88603
G1 X182.675 Y218.023 Z1.200 E0.88603
G1 X182.114 Y217.467 Z1.200 E0.88603
G1 X181.572 Y216.894 Z1.200 E0.88603
G1 X181.048 Y216.304 Z1.200 E0.88603
G1 X180.542 Y215.697 Z1.200 E0.88603
G1 X180.057 Y215.075 Z1.200 E0.88603
G1 X179.591 Y214.438 Z1.537 E0.96339
G1 X179.145 Y213.787 Z1.926 E0.98778
G1 X178.720 Y213.121 Z2.225 E0.94757
G1 X178.317 Y212.443 Z2.409 E0.90982
G1 X177.935 Y211.752 Z2.463 E0.88809
G1 X177.575 Y211.050 Z2.384 E0.89054
G1 X177.237 Y210.336 Z2.179 E0.91541
G1 X176.922 Y209.613 Z1.868 E0.95212
G1 X176.630 Y208.879 Z1.481 E0.98680
G1 X176.361 Y208.137 Z1.200 E0.94055
G1 X176.116 Y207.387 Z1.200 E0.88603
G1 X175.895 Y206.629 Z1.200 E0.88603
G1 X175.698 Y205.865 Z1.200 E0.88603
G1 X175.525 Y205.095 Z1.200 E0.88603
G1 X175.376 Y204.320 Z1.200 E0.88603
G1 X175.252 Y203.540 Z1.200 E0.88603
G1 X175.152 Y202.757 Z1.200 E0.88603
G1 X175.078 Y201.971 Z1.200 E0.88603
G1 X175.028 Y201.184 Z1.200 E0.88603
G1 X175.003 Y200.395 Z1.200 E0.88603
G1 X175.003 Y199.605 Z1.432 E0.92340
G1 X175.028 Y198.816 Z1.875 E1.01620
G1 X175.078 Y198.029 Z2.260 E0.98583
G1 X175.152 Y197.243 Z2.554 E0.94540
G1 X175.252 Y196.460 Z2.731 E0.90817
G1 X175.376 Y195.680 Z2.778 E0.88759
G1 X175.525 Y194.905 Z2.692 E0.89135
G1 X175.698 Y194.135 Z2.481 E0.91716
G1 X175.895 Y193.371 Z2.165 E0.95412
G1 X176.116 Y192.613 Z1.775 E0.98832
G1 X176.361 Y191.863 Z1.346 E1.00825
G1 X176.630 Y191.121 Z1.200 E0.90115
G1 X176.922 Y190.387 Z1.200 E0.88603
G1 X177.237 Y189.664 Z1.200 E0.88603
G1 X177.575 Y188.950 Z1.200 E0.88603
G1 X177.935 Y188.248 Z1.200 E0.88603
G1 X178.317 Y187.557 Z1.200 E0.88603
G1 X178.720 Y186.879 Z1.200 E0.88603
G1 X179.145 Y186.213 Z1.200 E0.88603
G1 X179.591 Y185.562 Z1.200 E0.88603
G1 X180.057 Y184.925 Z1.308 E0.89434
G1 X180.542 Y184.303 Z1.772 E1.02736
G1 X181.048 Y183.696 Z2.213 E1.01503
G1 X181.572 Y183.106 Z2.594 E0.98385
G1 X182.114 Y182.533 Z2.882 E0.94323
G1 X182.675 Y181.977 Z3.053 E0.90657
G1 X183.252 Y181.439 Z3.093 E0.88715
G1 X183.846 Y180.920 Z2.999 E0.89222
G1 X184.457 Y180.419 Z2.782 E0.91895
G1 X185.083 Y179.938 Z2.462 E0.95610
G1 X185.724 Y179.477 Z2.069 E0.98981
G1 X186.379 Y179.037 Z1.639 E1.00876
G1 X187.047 Y178.617 Z1.213 E1.00706
G1 X187.729 Y178.219 Z1.200 E0.88615
G1 X188.422 Y177.842 Z1.200 E0.88603
G1 X189.128 Y177.488 Z1.200 E0.88603
G1 X189.844 Y177.156 Z1.200 E0.88603
G1 X190.570 Y176.847 Z1.200 E0.88603
G1 X191.305 Y176.561 Z1.200 E0.88603
G1 X192.050 Y176.298 Z1.200 E0.88603
G1 X192.802 Y176.059 Z1.201 E0.88603
G1 X193.561 Y175.843 Z1.648 E1.01839
G1 X194.327 Y175.652 Z2.112 E1.02726
G1 X195.099 Y175.485 Z2.550 E1.01380
G1 X195.875 Y175.343 Z2.927 E0.98184
G1 X196.655 Y175.225 Z3.210 E0.94108
G1 X197.439 Y175.132 Z3.374 E0.90502
G1 X198.225 Y175.063 Z3.407 E0.88679
G1 X199.014 Y175.019 Z3.307 E0.89316
G1 X199.803 Y175.001 Z3.083 E0.92077
G1 X200.592 Y175.007 Z2.759 E0.95808
G1 X201.381 Y175.038 Z2.363 E0.99125
G1 X202.168 Y175.094 Z1.932 E1.00921
G1 X202.953 Y175.175 Z1.507 E1.00638
G1 X203.735 Y175.281 Z1.200 E0.95074
G1 X204.514 Y175.411 Z1.200 E0.88603
G1 X205.288 Y175.566 Z1.200 E0.88603
G1 X206.057 Y175.745 Z1.200 E0.88603
G1 X206.819 Y175.948 Z1.200 E0.88603
G1 X207.575 Y176.175 Z1.200 E0.88603
G1 X208.323 Y176.426 Z1.200 E0.88603
G1 X209.064 Y176.701 Z1.539 E0.96449
G1 X209.795 Y176.999 Z1.989 E1.01940
G1 X210.516 Y177.319 Z2.451 E1.02711
G1 X211.227 Y177.662 Z2.888 E1.01251
G1 X211.926 Y178.028 Z3.261 E0.97981
G1 X212.614 Y178.415 Z3.537 E0.93894
G1 X213.289 Y178.824 Z3.695 E0.90352
G1 X213.951 Y179.254 Z3.721 E0.88650
G1 X214.599 Y179.705 Z3.614 E0.89416
G1 X215.232 Y180.176 Z3.384 E0.92261
G1 X215.850 Y180.667 Z3.055 E0.96005
G1 X216.453 Y181.177 Z2.656 E0.99265
G1 X217.039 Y181.706 Z2.225 E1.00960
G1 X217.608 Y182.253 Z1.801 E1.00564
G1 X218.159 Y182.817 Z1.424 E0.98199
G1 X218.693 Y183.399 Z1.200 E0.92110
G1 X219.207 Y183.998 Z1.200 E0.88603
G1 X219.703 Y184.612 Z1.200 E0.88603
G1 X220.179 Y185.242 Z1.200 E0.88603
G1 X220.635 Y185.886 Z1.200 E0.88603
G1 X221.070 Y186.544 Z1.478 E0.93924
G1 X221.484 Y187.216 Z1.878 E0.99345
G1 X221.877 Y187.901 Z2.329 E1.02035
G1 X222.248 Y188.598 Z2.791 E1.02688
G1 X222.597 Y189.306 Z3.225 E1.01118
G1 X222.923 Y190.024 Z3.594 E0.97775
G1 X223.227 Y190.753 Z3.865 E0.93681
G1 X223.507 Y191.491 Z4.016 E0.90207
G1 X223.764 Y192.237 Z4.034 E0.88627
G1 X223.997 Y192.991 Z3.920 E0.89522
G1 X224.207 Y193.752 Z3.685 E0.92448
G1 X224.392 Y194.519 Z3.351 E0.96200
G1 X224.553 Y195.292 Z2.950 E0.99400
G1 X224.689 Y196.070 Z2.518 E1.00993
G1 X224.801 Y196.851 Z2.096 E1.00485
G1 X224.888 Y197.636 Z1.722 E0.98031
G1 X224.950 Y198.422 Z1.432 E0.94410
G1 X224.988 Y199.211 Z1.252 E0.90874
G1 X225.000 Y200.000 Z1.200 E0.88794
; --- Mesh ---
G1 X224.988 Y200.786 Z1.281 E0.88661
G1 X224.951 Y201.570 Z1.490 E0.91233
G1 X224.889 Y202.353 Z1.808 E0.95137
G1 X224.803 Y203.134 Z2.208 E0.99007
G1 X224.692 Y203.912 Z2.658 E1.01614
G1 X224.557 Y204.686 Z3.118 E1.02196
G1 X224.398 Y205.455 Z3.549 E1.00589
G1 X224.214 Y206.219 Z3.914 E0.97251
G1 X224.007 Y206.977 Z4.183 E0.93192
G1 X223.776 Y207.728 Z4.332 E0.89764
G1 X223.521 Y208.471 Z4.350 E0.88212
G1 X223.243 Y209.206 Z4.237 E0.89102
G1 X222.943 Y209.932 Z4.003 E0.91996
G1 X222.619 Y210.648 Z3.672 E0.95713
G1 X222.273 Y211.353 Z3.273 E0.98899
G1 X221.906 Y212.048 Z2.844 E1.00510
G1 X221.516 Y212.730 Z2.422 E1.00054
G1 X221.106 Y213.400 Z2.049 E0.97667
G1 X220.674 Y214.056 Z1.756 E0.94098
G1 X220.222 Y214.699 Z1.573 E0.90566
G1 X219.751 Y215.327 Z1.515 E0.88424
G1 X219.259 Y215.940 Z1.591 E0.88594
G1 X218.749 Y216.537 Z1.793 E0.91077
G1 X218.220 Y217.118 Z2.107 E0.94949
G1 X217.673 Y217.682 Z2.505 E0.98850
G1 X217.109 Y218.229 Z2.953 E1.01536
G1 X216.527 Y218.757 Z3.413 E1.02218
G1 X215.930 Y219.268 Z3.846 E1.00706
G1 X215.317 Y219.759 Z4.215 E0.97428
G1 X214.688 Y220.230 Z4.489 E0.93374
G1 X214.045 Y220.682 Z4.644 E0.89887
G1 X213.389 Y221.113 Z4.668 E0.88231
G1 X212.719 Y221.523 Z4.560 E0.89011
G1 X212.036 Y221.912 Z4.332 E0.91836
G1 X211.342 Y222.279 Z4.004 E0.95545
G1 X210.636 Y222.625 Z3.608 E0.98782
G1 X209.920 Y222.948 Z3.179 E1.00481
G1 X209.194 Y223.248 Z2.757 E1.00120
G1 X208.459 Y223.525 Z2.380 E0.97809
G1 X207.715 Y223.780 Z2.083 E0.94270
G1 X206.964 Y224.010 Z1.894 E0.90707
G1 X206.207 Y224.217 Z1.831 E0.88475
G1 X205.443 Y224.400 Z1.900 E0.88532
G1 X204.673 Y224.559 Z2.097 E0.90924
G1 X203.899 Y224.694 Z2.406 E0.94762
G1 X203.121 Y224.804 Z2.801 E0.98690
G1 X202.340 Y224.890 Z3.248 E1.01453
G1 X201.557 Y224.951 Z3.708 E1.02236
G1 X200.772 Y224.988 Z4.144 E1.00819
G1 X199.987 Y225.000 Z4.516 E0.97604
G1 X199.201 Y224.987 Z4.794 E0.93558
G1 X198.417 Y224.950 Z4.955 E0.90015
G1 X197.633 Y224.888 Z4.985 E0.88254
G1 X196.853 Y224.801 Z4.884 E0.88924
G1 X196.075 Y224.690 Z4.661 E0.91677
G1 X195.301 Y224.554 Z4.337 E0.95377
G1 X194.532 Y224.395 Z3.943 E0.98661
G1 X193.768 Y224.211 Z3.515 E1.00446
G1 X193.010 Y224.003 Z3.091 E1.00182
G1 X192.260 Y223.772 Z2.711 E0.97949
G1 X191.517 Y223.517 Z2.410 E0.94443
G1 X190.782 Y223.238 Z2.216 E0.90850
G1 X190.056 Y222.937 Z2.147 E0.88532
G1 X189.340 Y222.614 Z2.210 E0.88475
G1 X188.635 Y222.267 Z2.401 E0.90774
G1 X187.941 Y221.899 Z2.706 E0.94574
G1 X187.259 Y221.510 Z3.097 E0.98528
G1 X186.589 Y221.099 Z3.542 E1.01366
G1 X185.933 Y220.667 Z4.003 E1.02249
G1 X185.291 Y220.215 Z4.441 E1.00928
G1 X184.663 Y219.742 Z4.817 E0.97778
G1 X184.050 Y219.251 Z5.100 E0.93742
G1 X183.453 Y218.740 Z5.266 E0.90146
G1 X182.872 Y218.211 Z5.303 E0.88283
G1 X182.308 Y217.664 Z5.207 E0.88842
G1 X181.762 Y217.099 Z4.989 E0.91521
G1 X181.234 Y216.518 Z4.669 E0.95207
G1 X180.724 Y215.920 Z4.278 E0.98538
G1 X180.233 Y215.306 Z3.850 E1.00408
G1 X179.762 Y214.678 Z3.426 E1.00240
G1 X179.311 Y214.035 Z3.043 E0.98086
G1 X178.880 Y213.378 Z2.738 E0.94615
G1 X178.470 Y212.707 Z2.538 E0.90996
G1 X178.082 Y212.025 Z2.463 E0.88593
G1 X177.715 Y211.330 Z2.520 E0.88423
G1 X177.370 Y210.624 Z2.706 E0.90627
G1 X177.047 Y209.908 Z3.006 E0.94386
G1 X176.747 Y209.182 Z3.394 E0.98364
G1 X176.470 Y208.447 Z3.837 E1.01275
G1 X176.216 Y207.703 Z4.298 E1.02257
G1 X175.986 Y206.952 Z4.738 E1.01033
G1 X175.779 Y206.194 Z5.117 E0.97950
G1 X175.597 Y205.430 Z5.405 E0.93927
G1 X175.438 Y204.660 Z5.577 E0.90280
G1 X175.304 Y203.886 Z5.620 E0.88317
G1 X175.194 Y203.108 Z5.530 E0.88764
G1 X175.109 Y202.327 Z5.317 E0.91366
G1 X175.048 Y201.544 Z5.001 E0.95037
G1 X175.012 Y200.759 Z4.612 E0.98411
G1 X175.000 Y199.974 Z4.186 E1.00364
G1 X175.013 Y199.188 Z3.760 E1.00294
G1 X175.051 Y198.404 Z3.375 E0.98220
G1 X175.114 Y197.620 Z3.065 E0.94786
G1 X175.201 Y196.840 Z2.860 E0.91145
G1 X175.312 Y196.062 Z2.779 E0.88659
G1 X175.448 Y195.288 Z2.830 E0.88376
G1 X175.608 Y194.519 Z3.011 E0.90484
G1 X175.792 Y193.755 Z3.306 E0.94200
G1 X176.001 Y192.998 Z3.690 E0.98197
G1 X176.233 Y192.247 Z4.132 E1.01180
G1 X176.488 Y191.504 Z4.593 E1.02260
G1 X176.766 Y190.770 Z5.034 E1.01134
G1 X177.068 Y190.044 Z5.417 E0.98119
G1 X177.392 Y189.329 Z5.710 E0.94113
G1 X177.739 Y188.623 Z5.888 E0.90419
G1 X178.107 Y187.930 Z5.936 E0.88356
G1 X178.497 Y187.248 Z5.852 E0.88691
G1 X178.908 Y186.578 Z5.645 E0.91214
G1 X179.341 Y185.922 Z5.334 E0.94866
G1 X179.793 Y185.280 Z4.947 E0.98281
G1 X180.266 Y184.652 Z4.521 E1.00317
G1 X180.758 Y184.040 Z4.095 E1.00343
G1 X181.269 Y183.443 Z3.707 E0.98351
G1 X181.798 Y182.863 Z3.393 E0.94958
G1 X182.345 Y182.299 Z3.183 E0.91296
G1 X182.910 Y181.753 Z3.096 E0.88730
G1 X183.492 Y181.225 Z3.141 E0.88334
G1 X184.090 Y180.716 Z3.315 E0.90344
G1 X184.704 Y180.225 Z3.606 E0.94013
G1 X185.333 Y179.755 Z3.987 E0.98028
G1 X185.976 Y179.304 Z4.427 E1.01080
G1 X186.634 Y178.873 Z4.888 E1.02259
G1 X187.304 Y178.464 Z5.331 E1.01231
G1 X187.987 Y178.075 Z5.718 E0.98287
G1 X188.682 Y177.709 Z6.015 E0.94300
G1 X189.388 Y177.364 Z6.198 E0.90561
G1 X190.104 Y177.042 Z6.253 E0.88401
G1 X190.830 Y176.742 Z6.175 E0.88623
G1 X191.566 Y176.466 Z5.973 E0.91065
G1 X192.309 Y176.212 Z5.665 E0.94694
G1 X193.061 Y175.982 Z5.282 E0.98148
G1 X193.819 Y175.776 Z4.857 E1.00265
G1 X194.583 Y175.594 Z4.429 E1.00388
G1 X195.353 Y175.436 Z4.039 E0.98480
G1 X196.127 Y175.302 Z3.721 E0.95128
G1 X196.905 Y175.192 Z3.506 E0.91449
G1 X197.686 Y175.107 Z3.413 E0.88805
G1 X198.469 Y175.047 Z3.452 E0.88298
G1 X199.254 Y175.011 Z3.621 E0.90207
G1 X200.039 Y175.000 Z3.906 E0.93828
G1 X200.825 Y175.014 Z4.284 E0.97857
G1 X201.609 Y175.052 Z4.722 E1.00977
G1 X202.393 Y175.115 Z5.183 E1.02253
G1 X203.173 Y175.202 Z5.628 E1.01324
G1 X203.951 Y175.314 Z6.017 E0.98453
G1 X204.725 Y175.451 Z6.320 E0.94487
G1 X205.494 Y175.611 Z6.509 E0.90706
G1 X206.257 Y175.796 Z6.569 E0.88450
G1 X207.015 Y176.004 Z6.497 E0.88559
G1 X207.765 Y176.237 Z6.300 E0.90917
G1 X208.508 Y176.492 Z5.997 E0.94522
G1 X209.243 Y176.771 Z5.616 E0.98013
G1 X209.968 Y177.073 Z5.192 E1.00210
G1 X210.683 Y177.398 Z4.764 E1.00429
G1 X211.388 Y177.744 Z4.371 E0.98605
G1 X212.082 Y178.113 Z4.049 E0.95298
G1 X212.764 Y178.504 Z3.829 E0.91605
G1 X213.433 Y178.915 Z3.730 E0.88885
G1 X214.089 Y179.348 Z3.763 E0.88267
G1 X214.731 Y179.801 Z3.926 E0.90075
G1 X215.358 Y180.274 Z4.207 E0.93643
G1 X215.970 Y180.766 Z4.581 E0.97684
G1 X216.567 Y181.277 Z5.017 E1.00869
G1 X217.147 Y181.807 Z5.478 E1.02242
G1 X217.710 Y182.355 Z5.924 E1.01413
G1 X218.256 Y182.920 Z6.317 E0.98616
G1 X218.783 Y183.502 Z6.624 E0.94675
G1 X219.293 Y184.100 Z6.819 E0.90854
G1 X219.783 Y184.714 Z6.885 E0.88505
G1 X220.253 Y185.344 Z6.819 E0.88501
G1 X220.704 Y185.987 Z6.627 E0.90773
G1 X221.134 Y186.645 Z6.329 E0.94350
G1 X221.543 Y187.315 Z5.950 E0.97874
G1 X221.931 Y187.998 Z5.528 E1.00149
G1 X222.297 Y188.693 Z5.099 E1.00465
G1 X222.641 Y189.400 Z4.704 E0.98727
G1 X222.963 Y190.116 Z4.378 E0.95468
G1 X223.262 Y190.843 Z4.152 E0.91763
G1 X223.539 Y191.578 Z4.047 E0.88970
G1 X223.792 Y192.322 Z4.074 E0.88241
G1 X224.021 Y193.073 Z4.232 E0.89946
G1 X224.227 Y193.831 Z4.507 E0.93459
G1 X224.409 Y194.596 Z4.878 E0.97509
G1 X224.567 Y195.365 Z5.312 E1.00758
G1 X224.700 Y196.140 Z5.773 E1.02227
G1 X224.809 Y196.918 Z6.220 E1.01498
G1 X224.894 Y197.699 Z6.617 E0.98777
G1 X224.954 Y198.482 Z6.928 E0.94863
G1 X224.989 Y199.267 Z7.128 E0.91006
G1 X225.000 Y200.052 Z7.201 E0.88564
G1 X224.986 Y200.838 Z7.141 E0.88447
G1 X224.947 Y201.623 Z6.954 E0.90631
G1 X224.884 Y202.406 Z6.660 E0.94177
G1 X224.796 Y203.186 Z6.285 E0.97733
G1 X224.684 Y203.964 Z5.863 E1.00085
G1 X224.547 Y204.738 Z5.434 E1.00497
G1 X224.386 Y205.506 Z5.036 E0.98845
G1 X224.201 Y206.270 Z4.707 E0.95636
G1 X223.992 Y207.027 Z4.476 E0.91922
G1 X223.759 Y207.778 Z4.365 E0.89059
G1 X223.503 Y208.520 Z4.386 E0.88220
G1 X223.224 Y209.255 Z4.538 E0.89820
G1 X222.922 Y209.980 Z4.808 E0.93276
G1 X222.597 Y210.695 Z5.175 E0.97333
G1 X222.250 Y211.400 Z5.607 E1.00643
G1 X221.880 Y212.093 Z6.067 E1.02207
G1 X221.490 Y212.775 Z6.516 E1.01579
G1 X221.078 Y213.444 Z6.916 E0.98935
G1 X220.645 Y214.099 Z7.232 E0.95051
G1 X220.192 Y214.741 Z7.437 E0.91161
G1 X219.718 Y215.368 Z7.516 E0.88629
G1 X219.226 Y215.980 Z7.462 E0.88398
G1 X218.714 Y216.577 Z7.281 E0.90492
G1 X218.184 Y217.156 Z6.991 E0.94005
G1 X217.636 Y217.719 Z6.619 E0.97589
G1 X217.070 Y218.265 Z6.199 E1.00017
G1 X216.488 Y218.792 Z5.769 E1.00525
G1 X215.890 Y219.301 Z5.369 E0.98961
G1 X215.275 Y219.791 Z5.035 E0.95803
G1 X214.646 Y220.261 Z4.799 E0.92084
G1 X214.002 Y220.711 Z4.683 E0.89153
G1 X213.344 Y221.141 Z4.698 E0.88205
G1 X212.673 Y221.550 Z4.844 E0.89699
G1 X211.990 Y221.937 Z5.109 E0.93095
G1 X211.295 Y222.303 Z5.473 E0.97155
G1 X210.589 Y222.647 Z5.902 E1.00525
G1 X209.872 Y222.968 Z6.362 E1.02182
G1 X209.145 Y223.267 Z6.813 E1.01655
G1 X208.410 Y223.543 Z7.215 E0.99090
G1 X207.666 Y223.796 Z7.535 E0.95238
G1 X206.914 Y224.025 Z7.747 E0.91318
G1 X206.156 Y224.230 Z7.831 E0.88699
G1 X205.391 Y224.412 Z7.783 E0.88354
G1 X204.622 Y224.569 Z7.608 E0.90356
G1 X203.847 Y224.702 Z7.322 E0.93833
G1 X203.069 Y224.811 Z6.953 E0.97443
G1 X202.288 Y224.895 Z6.534 E0.99944
G1 X201.505 Y224.955 Z6.104 E1.00548
G1 X200.720 Y224.990 Z5.702 E0.99073
G1 X199.935 Y225.000 Z5.365 E0.95968
G1 X199.149 Y224.986 Z5.123 E0.92247
G1 X198.364 Y224.946 Z5.001 E0.89250
G1 X197.581 Y224.883 Z5.010 E0.88194
G1 X196.801 Y224.794 Z5.150 E0.89582
G1 X196.023 Y224.682 Z5.411 E0.92915
G1 X195.250 Y224.545 Z5.770 E0.96975
G1 X194.481 Y224.383 Z6.198 E1.00402
G1 X193.717 Y224.198 Z6.657 E1.02153
G1 X192.960 Y223.988 Z7.109 E1.01727
G1 X192.210 Y223.755 Z7.514 E0.99243
G1 X191.467 Y223.499 Z7.839 E0.95426
G1 X190.733 Y223.219 Z8.055 E0.91479
G1 X190.008 Y222.916 Z8.146 E0.88773
G1 X189.293 Y222.591 Z8.104 E0.88316
G1 X188.588 Y222.244 Z7.934 E0.90223
G1 X187.895 Y221.874 Z7.653 E0.93661
G1 X187.214 Y221.483 Z7.287 E0.97294
G1 X186.545 Y221.071 Z6.870 E0.99867
G1 X185.890 Y220.637 Z6.439 E1.00567
G1 X185.248 Y220.184 Z6.035 E0.99181
G1 X184.621 Y219.710 Z5.694 E0.96133
G1 X184.010 Y219.217 Z5.448 E0.92411
G1 X183.414 Y218.705 Z5.320 E0.89352
G1 X182.834 Y218.175 Z5.322 E0.88190
G1 X182.271 Y217.627 Z5.457 E0.89469
G1 X181.726 Y217.061 Z5.712 E0.92736
G1 X181.199 Y216.478 Z6.068 E0.96794
G1 X180.691 Y215.879 Z6.493 E1.00276
G1 X180.201 Y215.265 Z6.952 E1.02119
G1 X179.732 Y214.635 Z7.404 E1.01794
G1 X179.282 Y213.991 Z7.813 E0.99393
G1 X178.852 Y213.333 Z8.142 E0.95613
G1 X178.444 Y212.662 Z8.364 E0.91642
G1 X178.057 Y211.979 Z8.461 E0.88853
G1 X177.691 Y211.283 Z8.424 E0.88282
G1 X177.348 Y210.577 Z8.260 E0.90094
G1 X177.026 Y209.860 Z7.984 E0.93489
G1 X176.728 Y209.133 Z7.621 E0.97143
G1 X176.452 Y208.397 Z7.205 E0.99787
G1 X176.200 Y207.653 Z6.774 E1.00581
G1 X175.972 Y206.902 Z6.368 E0.99286
G1 X175.767 Y206.143 Z6.023 E0.96296
G1 X175.585 Y205.379 Z5.772 E0.92577
G1 X175.429 Y204.609 Z5.639 E0.89458
G1 X175.296 Y203.835 Z5.635 E0.88190
G1 X175.188 Y203.056 Z5.764 E0.89361
G1 X175.104 Y202.275 Z6.014 E0.92560
G1 X175.045 Y201.492 Z6.366 E0.96611
G1 X175.010 Y200.707 Z6.788 E1.00147
G1 X175.000 Y199.921 Z7.246 E1.02080
G1 X175.015 Y199.136 Z7.700 E1.01857
G1 X175.054 Y198.351 Z8.112 E0.99540
G1 X175.119 Y197.568 Z8.445 E0.95800
G1 X175.207 Y196.788 Z8.672 E0.91807
G1 X175.320 Y196.010 Z8.775 E0.88937
G1 X175.458 Y195.237 Z8.745 E0.88253
G1 X175.620 Y194.468 Z8.586 E0.89968
G1 X175.806 Y193.705 Z8.314 E0.93318
G1 X176.015 Y192.948 Z7.955 E0.96990
G1 X176.249 Y192.197 Z7.540 E0.99702
G1 X176.506 Y191.455 Z7.109 E1.00591
G1 X176.786 Y190.721 Z6.701 E0.99387
G1 X177.089 Y189.996 Z6.353 E0.96457
G1 X177.414 Y189.281 Z6.097 E0.92744
G1 X177.762 Y188.577 Z5.958 E0.89568
G1 X178.132 Y187.884 Z5.948 E0.88196
G1 X178.524 Y187.203 Z6.071 E0.89256
G1 X178.937 Y186.534 Z6.316 E0.92385
G1 X179.370 Y185.879 Z6.663 E0.96428
G1 X179.824 Y185.238 Z7.084 E1.00014
G1 X180.298 Y184.611 Z7.541 E1.02037
G1 X180.791 Y184.000 Z7.996 E1.01916
G1 X181.303 Y183.404 Z8.410 E0.99684
G1 X181.834 Y182.825 Z8.748 E0.95987
G1 X182.383 Y182.262 Z8.980 E0.91975
G1 X182.949 Y181.717 Z9.089 E0.89026
G1 X183.532 Y181.191 Z9.065 E0.88230
G1 X184.131 Y180.683 Z8.912 E0.89845
G1 X184.745 Y180.193 Z8.645 E0.93147
G1 X185.375 Y179.724 Z8.288 E0.96835
G1 X186.020 Y179.274 Z7.876 E0.99614
G1 X186.678 Y178.845 Z7.445 E1.00596
G1 X187.349 Y178.437 Z7.034 E0.99485
G1 X188.033 Y178.050 Z6.683 E0.96617
G1 X188.728 Y177.685 Z6.422 E0.92913
G1 X189.435 Y177.342 Z6.277 E0.89682
G1 X190.152 Y177.021 Z6.262 E0.88206
G1 X190.879 Y176.723 Z6.378 E0.89157
G1 X191.615 Y176.448 Z6.618 E0.92211
G1 X192.359 Y176.196 Z6.962 E0.96243
G1 X193.111 Y175.968 Z7.379 E0.99878
G1 X193.870 Y175.763 Z7.836 E1.01989
G1 X194.634 Y175.583 Z8.292 E1.01970
G1 X195.404 Y175.426 Z8.708 E0.99824
G1 X196.178 Y175.294 Z9.050 E0.96172
G1 X196.957 Y175.186 Z9.288 E0.92145
G1 X197.738 Y175.103 Z9.402 E0.89119
G1 X198.521 Y175.044 Z9.385 E0.88212
G1 X199.306 Y175.010 Z9.237 E0.89726
G1 X200.092 Y175.000 Z8.975 E0.92978
G1 X200.877 Y175.015 Z8.622 E0.96678
G1 X201.662 Y175.055 Z8.211 E0.99521
G1 X202.445 Y175.120 Z7.780 E1.00597
G1 X203.225 Y175.209 Z7.368 E0.99579
G1 X204.003 Y175.323 Z7.013 E0.96775
G1 X204.776 Y175.460 Z6.748 E0.93082
G1 X205.545 Y175.623 Z6.597 E0.89799
G1 X206.308 Y175.809 Z6.575 E0.88222
G1 X207.065 Y176.019 Z6.686 E0.89061
G1 X207.815 Y176.253 Z6.921 E0.92040
G1 X208.557 Y176.510 Z7.260 E0.96058
G1 X209.291 Y176.791 Z7.675 E0.99738
G1 X210.016 Y177.094 Z8.130 E1.01937
G1 X210.731 Y177.420 Z8.587 E1.02019
G1 X211.435 Y177.768 Z9.007 E0.99962
G1 X212.128 Y178.139 Z9.352 E0.96357
G1 X212.809 Y178.531 Z9.596 E0.92318
G1 X213.477 Y178.944 Z9.716 E0.89217
G1 X214.132 Y179.377 Z9.704 E0.88199
G1 X214.773 Y179.832 Z9.562 E0.89611
G1 X215.399 Y180.306 Z9.305 E0.92809
G1 X216.011 Y180.799 Z8.955 E0.96519
G1 X216.606 Y181.312 Z8.546 E0.99425
G1 X217.185 Y181.843 Z8.115 E1.00593
G1 X217.747 Y182.392 Z7.702 E0.99669
G1 X218.291 Y182.958 Z7.343 E0.96931
G1 X218.818 Y183.541 Z7.073 E0.93252
G1 X219.326 Y184.141 Z6.917 E0.89920
G1 X219.815 Y184.756 Z6.889 E0.88244
G1 X220.284 Y185.386 Z6.994 E0.88971
G1 X220.733 Y186.031 Z7.223 E0.91872
G1 X221.162 Y186.689 Z7.558 E0.95872
G1 X221.569 Y187.360 Z7.971 E0.99596
G1 X221.956 Y188.044 Z8.425 E1.01880
G1 X222.321 Y188.740 Z8.883 E1.02064
G1 X222.664 Y189.447 Z9.305 E1.00096
G1 X222.984 Y190.164 Z9.654 E0.96541
G1 X223.282 Y190.891 Z9.903 E0.92492
G1 X223.556 Y191.627 Z10.029 E0.89320
G1 X223.808 Y192.372 Z10.023 E0.88191
G1 X224.036 Y193.124 Z9.887 E0.89500
G1 X224.240 Y193.882 Z9.635 E0.92641
G1 X224.420 Y194.647 Z9.289 E0.96358
G1 X224.576 Y195.417 Z8.882 E0.99325
G1 X224.708 Y196.191 Z8.451 E1.00585
G1 X224.816 Y196.970 Z8.035 E0.99755
G1 X224.899 Y197.751 Z7.674 E0.97085
G1 X224.957 Y198.534 Z7.399 E0.93423
G1 X224.991 Y199.319 Z7.237 E0.90045
G1 X225.000 Y200.105 Z7.203 E0.88270
G1 X224.984 Y200.890 Z7.302 E0.88885
G1 X224.944 Y201.675 Z7.526 E0.91705
G1 X224.879 Y202.458 Z7.857 E0.95685
G1 X224.789 Y203.238 Z8.266 E0.99450
G1 X224.675 Y204.016 Z8.720 E1.01819
G1 X224.537 Y204.789 Z9.178 E1.02105
G1 X224.374 Y205.558 Z9.602 E1.00227
G1 X224.188 Y206.321 Z9.956 E0.96724
G1 X223.977 Y207.078 Z10.210 E0.92668
G1 X223.743 Y207.827 Z10.342 E0.89427
G1 X223.485 Y208.570 Z10.342 E0.88189
G1 X223.204 Y209.303 Z10.212 E0.89392
G1 X222.901 Y210.028 Z9.964 E0.92475
G1 X222.574 Y210.742 Z9.622 E0.96196
G1 X222.226 Y211.446 Z9.217 E0.99222
G1 X221.855 Y212.139 Z8.786 E1.00573
G1 X221.463 Y212.820 Z8.369 E0.99837
G1 X221.049 Y213.488 Z8.004 E0.97237
G1 X220.615 Y214.143 Z7.725 E0.93595
G1 X220.161 Y214.783 Z7.557 E0.90173
G1 X219.686 Y215.410 Z7.518 E0.88302
G1 X219.192 Y216.021 Z7.611 E0.88803
G1 X218.679 Y216.616 Z7.829 E0.91541
G1 X218.148 Y217.194 Z8.156 E0.95498
G1 X217.599 Y217.756 Z8.562 E0.99301
G1 X217.032 Y218.300 Z9.014 E1.01753
G1 X216.449 Y218.827 Z9.473 E1.02140
G1 X215.849 Y219.334 Z9.900 E1.00354
G1 X215.234 Y219.823 Z10.258 E0.96905
G1 X214.603 Y220.291 Z10.517 E0.92846
G1 X213.959 Y220.740 Z10.655 E0.89538
G1 X213.300 Y221.169 Z10.661 E0.88192
G1 X212.628 Y221.576 Z10.536 E0.89289
G1 X211.944 Y221.962 Z10.293 E0.92310
G1 X211.248 Y222.327 Z9.955 E0.96032
G1 X210.541 Y222.669 Z9.552 E0.99115
G1 X209.824 Y222.989 Z9.121 E1.00556
G1 X209.096 Y223.286 Z8.703 E0.99915
G1 X208.360 Y223.561 Z8.335 E0.97386
G1 X207.616 Y223.812 Z8.051 E0.93766
G1 X206.864 Y224.039 Z7.878 E0.90305
G1 X206.105 Y224.243 Z7.832 E0.88339
G1 X205.340 Y224.423 Z7.919 E0.88727
G1 X204.570 Y224.579 Z8.132 E0.91380
G1 X203.796 Y224.710 Z8.455 E0.95311
G1 X203.017 Y224.817 Z8.858 E0.99149
G1 X202.236 Y224.900 Z9.309 E1.01683
G1 X201.453 Y224.958 Z9.769 E1.02172
G1 X200.668 Y224.991 Z10.198 E1.00478
G1 X199.882 Y225.000 Z10.559 E0.97086
G1 X199.097 Y224.984 Z10.823 E0.93025
G1 X198.312 Y224.943 Z10.967 E0.89654
G1 X197.529 Y224.878 Z10.979 E0.88200
G1 X196.749 Y224.788 Z10.861 E0.89190
G1 X195.971 Y224.673 Z10.623 E0.92146
G1 X195.198 Y224.535 Z10.288 E0.95867
G1 X194.430 Y224.372 Z9.887 E0.99004
G1 X193.667 Y224.184 Z9.457 E1.00534
G1 X192.910 Y223.974 Z9.037 E0.99989
G1 X192.160 Y223.739 Z8.666 E0.97533
G1 X191.418 Y223.481 Z8.378 E0.93939
G1 X190.684 Y223.200 Z8.199 E0.90439
G1 X189.960 Y222.895 Z8.147 E0.88381
G1 X189.246 Y222.569 Z8.228 E0.88655
G1 X188.542 Y222.220 Z8.436 E0.91221
G1 X187.849 Y221.849 Z8.754 E0.95123
G1 X187.169 Y221.456 Z9.154 E0.98995
G1 X186.501 Y221.042 Z9.604 E1.01608
G1 X185.846 Y220.608 Z10.064 E1.02198
G1 X185.206 Y220.153 Z10.495 E1.00598
G1 X184.580 Y219.678 Z10.861 E0.97264
G1 X183.969 Y219.184 Z11.129 E0.93206
G1 X183.374 Y218.671 Z11.279 E0.89773
G1 X182.796 Y218.139 Z11.297 E0.88214
G1 X182.235 Y217.589 Z11.185 E0.89095
G1 X181.691 Y217.023 Z10.952 E0.91984
G1 X181.165 Y216.439 Z10.621 E0.95700
G1 X180.658 Y215.839 Z10.222 E0.98890
G1 X180.169 Y215.223 Z9.792 E1.00508
G1 X179.701 Y214.593 Z9.371 E1.00059
G1 X179.252 Y213.948 Z8.997 E0.97678
G1 X178.824 Y213.289 Z8.704 E0.94111
G1 X178.417 Y212.617 Z8.520 E0.90577
G1 X178.032 Y211.933 Z8.463 E0.88427
G1 X177.667 Y211.236 Z8.537 E0.88589
G1 X177.325 Y210.529 Z8.740 E0.91065
G1 X177.006 Y209.812 Z9.053 E0.94935
G1 X176.709 Y209.084 Z9.450 E0.98838
G1 X176.435 Y208.348 Z9.899 E1.01530
G1 X176.184 Y207.603 Z10.359 E1.02220
G1 X175.957 Y206.851 Z10.792 E1.00715
G1 X175.754 Y206.092 Z11.162 E0.97442
G1 X175.574 Y205.328 Z11.435 E0.93389
G1 X175.419 Y204.557 Z11.591 E0.89897
G1 X175.288 Y203.783 Z11.615 E0.88232
G1 X175.181 Y203.004 Z11.508 E0.89004
G1 X175.099 Y202.223 Z11.280 E0.91824
G1 X175.041 Y201.440 Z10.953 E0.95532
G1 X175.009 Y200.655 Z10.557 E0.98773
G1 X175.000 Y199.869 Z10.128 E1.00478
G1 X175.017 Y199.084 Z9.706 E1.00125
G1 X175.058 Y198.299 Z9.328 E0.97820
G1 X175.124 Y197.516 Z9.031 E0.94283
G1 X175.214 Y196.736 Z8.842 E0.90718
G1 X175.329 Y195.959 Z8.778 E0.88479
G1 X175.468 Y195.185 Z8.847 E0.88527
G1 X175.631 Y194.417 Z9.044 E0.90912
G1 X175.819 Y193.654 Z9.352 E0.94747
G1 X176.030 Y192.897 Z9.747 E0.98678
G1 X176.265 Y192.148 Z10.193 E1.01446
G1 X176.524 Y191.406 Z10.654 E1.02237
G1 X176.805 Y190.672 Z11.090 E1.00827
G1 X177.110 Y189.948 Z11.462 E0.97617
G1 X177.437 Y189.234 Z11.741 E0.93572
G1 X177.786 Y188.530 Z11.902 E0.90024
G1 X178.158 Y187.838 Z11.933 E0.88256
G1 X178.551 Y187.158 Z11.832 E0.88917
G1 X178.965 Y186.490 Z11.609 E0.91665
G1 X179.400 Y185.836 Z11.286 E0.95364
G1 X179.855 Y185.195 Z10.892 E0.98652
G1 X180.330 Y184.570 Z10.463 E1.00443
G1 X180.825 Y183.959 Z10.040 E1.00187
G1 X181.338 Y183.365 Z9.660 E0.97960
G1 X181.870 Y182.787 Z9.359 E0.94456
G1 X182.420 Y182.225 Z9.164 E0.90861
G1 X182.987 Y181.682 Z9.094 E0.88536
G1 X183.571 Y181.156 Z9.157 E0.88471
G1 X184.171 Y180.649 Z9.348 E0.90763
G1 X184.787 Y180.162 Z9.652 E0.94559
G1 X185.418 Y179.693 Z10.043 E0.98516
G1 X186.063 Y179.245 Z10.488 E1.01359
G1 X186.722 Y178.817 Z10.949 E1.02250
G1 X187.394 Y178.411 Z11.387 E1.00936
G1 X188.079 Y178.025 Z11.763 E0.97791
G1 X188.775 Y177.662 Z12.047 E0.93756
G1 X189.483 Y177.320 Z12.213 E0.90156
G1 X190.201 Y177.001 Z12.250 E0.88285
G1 X190.928 Y176.704 Z12.155 E0.88836
G1 X191.664 Y176.431 Z11.937 E0.91509
G1 X192.409 Y176.180 Z11.618 E0.95194
G1 X193.161 Y175.954 Z11.227 E0.98528
G1 X193.920 Y175.751 Z10.799 E1.00404
G1 X194.685 Y175.571 Z10.374 E1.00244
G1 X195.455 Y175.417 Z9.992 E0.98096
G1 X196.230 Y175.286 Z9.686 E0.94628
G1 X197.009 Y175.180 Z9.486 E0.91008
G1 X197.790 Y175.098 Z9.410 E0.88598
G1 X198.573 Y175.041 Z9.467 E0.88419
G1 X199.358 Y175.008 Z9.652 E0.90616
G1 X200.144 Y175.000 Z9.952 E0.94372
G1 X200.929 Y175.017 Z10.340 E0.98351
G1 X201.714 Y175.059 Z10.783 E1.01268
G1 X202.497 Y175.125 Z11.244 E1.02257
G1 X203.277 Y175.216 Z11.683 E1.01041
G1 X204.054 Y175.331 Z12.063 E0.97963
G1 X204.827 Y175.471 Z12.352 E0.93942
G1 X205.596 Y175.634 Z12.524 E0.90291
G1 X206.359 Y175.822 Z12.567 E0.88320
G1 X207.115 Y176.034 Z12.478 E0.88758
G1 X207.865 Y176.269 Z12.265 E0.91355
G1 X208.607 Y176.528 Z11.950 E0.95023
G1 X209.340 Y176.810 Z11.561 E0.98401
G1 X210.064 Y177.115 Z11.134 E1.00361
G1 X210.778 Y177.443 Z10.709 E1.00298
G1 X211.481 Y177.792 Z10.323 E0.98230
G1 X212.174 Y178.164 Z10.014 E0.94800
G1 X212.854 Y178.557 Z9.808 E0.91156
G1 X213.521 Y178.972 Z9.726 E0.88664
G1 X214.175 Y179.407 Z9.777 E0.88373
G1 X214.815 Y179.863 Z9.957 E0.90473
G1 X215.441 Y180.338 Z10.252 E0.94185
G1 X216.051 Y180.833 Z10.636 E0.98184
G1 X216.645 Y181.347 Z11.078 E1.01172
G1 X217.223 Y181.879 Z11.539 E1.02260
G1 X217.784 Y182.429 Z11.980 E1.01142
G1 X218.327 Y182.997 Z12.364 E0.98132
G1 X218.852 Y183.581 Z12.657 E0.94128
G1 X219.359 Y184.181 Z12.835 E0.90430
G1 X219.846 Y184.797 Z12.884 E0.88359
G1 X220.314 Y185.429 Z12.800 E0.88686
G1 X220.762 Y186.074 Z12.593 E0.91203
G1 X221.189 Y186.733 Z12.282 E0.94852
G1 X221.596 Y187.406 Z11.896 E0.98271
G1 X221.981 Y188.090 Z11.470 E1.00313
G1 X222.344 Y188.787 Z11.043 E1.00347
G1 X222.686 Y189.495 Z10.655 E0.98361
G1 X223.004 Y190.213 Z10.341 E0.94971
G1 X223.301 Y190.940 Z10.131 E0.91308
G1 X223.574 Y191.677 Z10.043 E0.88735
G1 X223.824 Y192.422 Z10.088 E0.88331
G1 X224.050 Y193.174 Z10.262 E0.90333
G1 X224.253 Y193.933 Z10.552 E0.93999
G1 X224.431 Y194.698 Z10.933 E0.98015
G1 X224.586 Y195.468 Z11.373 E1.01072
G1 X224.716 Y196.243 Z11.834 E1.02259
G1 X224.822 Y197.022 Z12.277 E1.01239
G1 X224.903 Y197.803 Z12.664 E0.98300
G1 X224.960 Y198.587 Z12.962 E0.94315
G1 X224.992 Y199.372 Z13.145 E0.90572
G1 X225.000 Y200.157 Z13.200 E0.88404
G1 X224.982 Y200.943 Z13.123 E0.88618
G1 X224.940 Y201.727 Z12.921 E0.91053
G1 X224.874 Y202.510 Z12.614 E0.94681
G1 X224.783 Y203.290 Z12.230 E0.98138
G1 X224.667 Y204.067 Z11.806 E1.00261
G1 X224.527 Y204.840 Z11.378 E1.00391
G1 X224.363 Y205.609 Z10.988 E0.98489
G1 X224.174 Y206.371 Z10.669 E0.95142
G1 X223.962 Y207.128 Z10.454 E0.91461
G1 X223.727 Y207.877 Z10.360 E0.88811
G1 X223.467 Y208.619 Z10.399 E0.88295
G1 X223.185 Y209.352 Z10.567 E0.90197
G1 X222.880 Y210.076 Z10.852 E0.93813
G1 X222.552 Y210.790 Z11.230 E0.97844
G1 X222.202 Y211.493 Z11.668 E1.00969
G1 X221.829 Y212.185 Z12.129 E1.02252
G1 X221.436 Y212.865 Z12.573 E1.01331
G1 X221.021 Y213.532 Z12.964 E0.98465
G1 X220.585 Y214.186 Z13.266 E0.94502
G1 X220.130 Y214.826 Z13.456 E0.90717
G1 X219.654 Y215.451 Z13.517 E0.88454
G1 X219.159 Y216.061 Z13.445 E0.88555
G1 X218.644 Y216.655 Z13.248 E0.90906
G1 X218.112 Y217.232 Z12.946 E0.94509
G1 X217.562 Y217.793 Z12.565 E0.98002
G1 X216.994 Y218.336 Z12.141 E1.00205
G1 X216.409 Y218.861 Z11.713 E1.00432
G1 X215.809 Y219.367 Z11.320 E0.98614
G1 X215.192 Y219.854 Z10.998 E0.95311
G1 X214.561 Y220.322 Z10.777 E0.91617
G1 X213.915 Y220.769 Z10.677 E0.88892
G1 X213.256 Y221.196 Z10.710 E0.88265
G1 X212.583 Y221.602 Z10.873 E0.90065
G1 X211.898 Y221.987 Z11.153 E0.93629
G1 X211.201 Y222.350 Z11.527 E0.97671
G1 X210.494 Y222.691 Z11.963 E1.00861
G1 X209.775 Y223.010 Z12.424 E1.02241
G1 X209.048 Y223.305 Z12.870 E1.01420
G1 X208.311 Y223.578 Z13.263 E0.98628
G1 X207.566 Y223.828 Z13.570 E0.94689
G1 X206.813 Y224.054 Z13.765 E0.90866
G1 X206.054 Y224.256 Z13.832 E0.88509
G1 X205.289 Y224.434 Z13.767 E0.88496
G1 X204.519 Y224.588 Z13.576 E0.90762
G1 X203.744 Y224.718 Z13.277 E0.94336
G1 X202.965 Y224.824 Z12.899 E0.97863
G1 X202.184 Y224.904 Z12.477 E1.00145
G1 X201.400 Y224.961 Z12.048 E1.00468
G1 X200.615 Y224.992 Z11.652 E0.98736
G1 X199.830 Y224.999 Z11.326 E0.95481
G1 X199.044 Y224.982 Z11.100 E0.91775
G1 X198.260 Y224.939 Z10.995 E0.88977
G1 X197.477 Y224.872 Z11.021 E0.88239
G1 X196.697 Y224.781 Z11.178 E0.89936
G1 X195.920 Y224.665 Z11.454 E0.93445
G1 X195.147 Y224.524 Z11.824 E0.97496
G1 X194.379 Y224.360 Z12.258 E1.00750
G1 X193.616 Y224.171 Z12.718 E1.02226
G1 X192.860 Y223.959 Z13.166 E1.01504
G1 X192.110 Y223.722 Z13.563 E0.98789
G1 X191.369 Y223.463 Z13.874 E0.94877
G1 X190.636 Y223.180 Z14.075 E0.91018
G1 X189.912 Y222.874 Z14.148 E0.88569
G1 X189.198 Y222.546 Z14.088 E0.88443
G1 X188.495 Y222.196 Z13.903 E0.90620
G1 X187.804 Y221.823 Z13.609 E0.94164
G1 X187.124 Y221.429 Z13.234 E0.97722
G1 X186.457 Y221.014 Z12.812 E1.00080
G1 X185.803 Y220.578 Z12.383 E1.00499
G1 X185.164 Y220.122 Z11.985 E0.98854
G1 X184.539 Y219.646 Z11.655 E0.95649
G1 X183.929 Y219.150 Z11.424 E0.91934
G1 X183.335 Y218.636 Z11.312 E0.89066
G1 X182.758 Y218.103 Z11.333 E0.88219
G1 X182.198 Y217.552 Z11.484 E0.89811
G1 X181.655 Y216.984 Z11.754 E0.93262
G1 X181.130 Y216.399 Z12.121 E0.97319
G1 X180.624 Y215.798 Z12.553 E1.00634
G1 X180.138 Y215.182 Z13.013 E1.02205
G1 X179.670 Y214.550 Z13.462 E1.01585
G1 X179.223 Y213.904 Z13.862 E0.98947
G1 X178.797 Y213.245 Z14.178 E0.95065
G1 X178.391 Y212.572 Z14.384 E0.91173
G1 X178.007 Y211.887 Z14.463 E0.88634
G1 X177.644 Y211.190 Z14.410 E0.88394
G1 X177.303 Y210.482 Z14.229 E0.90481
G1 X176.985 Y209.763 Z13.940 E0.93992
G1 X176.690 Y209.035 Z13.568 E0.97578
G1 X176.417 Y208.298 Z13.148 E1.00011
G1 X176.168 Y207.553 Z12.718 E1.00527
G1 X175.943 Y206.801 Z12.318 E0.98969
G1 X175.741 Y206.042 Z11.984 E0.95815
G1 X175.563 Y205.276 Z11.747 E0.92096
G1 X175.409 Y204.506 Z11.631 E0.89160
G1 X175.280 Y203.731 Z11.645 E0.88204
G1 X175.175 Y202.952 Z11.790 E0.89690
G1 X175.094 Y202.171 Z12.056 E0.93081
G1 X175.039 Y201.387 Z12.419 E0.97141
G1 X175.007 Y200.602 Z12.848 E1.00515
G1 X175.001 Y199.817 Z13.308 E1.02180
G1 X175.019 Y199.031 Z13.758 E1.01660
G1 X175.062 Y198.247 Z14.161 E0.99102
G1 X175.129 Y197.464 Z14.482 E0.95253
G1 X175.221 Y196.684 Z14.693 E0.91331
G1 X175.337 Y195.907 Z14.778 E0.88704
G1 X175.478 Y195.134 Z14.731 E0.88351
G1 X175.643 Y194.366 Z14.556 E0.90346
G1 X175.832 Y193.603 Z14.271 E0.93819
G1 X176.045 Y192.847 Z13.902 E0.97432
G1 X176.282 Y192.098 Z13.483 E0.99938
G1 X176.542 Y191.357 Z13.053 E1.00550
G1 X176.825 Y190.624 Z12.650 E0.99081
G1 X177.131 Y189.900 Z12.313 E0.95981
G1 X177.460 Y189.187 Z12.072 E0.92259
G1 X177.810 Y188.484 Z11.949 E0.89258
G1 X178.183 Y187.792 Z11.957 E0.88194
G1 X178.578 Y187.113 Z12.097 E0.89573
G1 X178.993 Y186.446 Z12.357 E0.92901
G1 X179.429 Y185.793 Z12.716 E0.96961
G1 X179.886 Y185.153 Z13.143 E1.00393
G1 X180.362 Y184.529 Z13.603 E1.02151
G1 X180.858 Y183.919 Z14.054 E1.01732
G1 X181.373 Y183.326 Z14.460 E0.99255
G1 X181.906 Y182.749 Z14.785 E0.95440
G1 X182.457 Y182.189 Z15.002 E0.91491
G1 X183.025 Y181.646 Z15.093 E0.88779
G1 X183.610 Y181.122 Z15.052 E0.88313
G1 X184.212 Y180.616 Z14.882 E0.90213
G1 X184.829 Y180.130 Z14.602 E0.93647
G1 X185.460 Y179.663 Z14.236 E0.97283
G1 X186.107 Y179.216 Z13.818 E0.99861
G1 X186.767 Y178.790 Z13.388 E1.00568
G1 X187.440 Y178.384 Z12.983 E0.99189
G1 X188.125 Y178.000 Z12.642 E0.96146
G1 X188.822 Y177.638 Z12.396 E0.92424
G1 X189.530 Y177.298 Z12.267 E0.89360
G1 X190.249 Y176.980 Z12.270 E0.88189
G1 X190.977 Y176.685 Z12.403 E0.89461
G1 X191.714 Y176.413 Z12.659 E0.92723
G1 X192.459 Y176.164 Z13.014 E0.96780
G1 X193.212 Y175.939 Z13.439 E1.00267
G1 X193.971 Y175.738 Z13.897 E1.02116
G1 X194.736 Y175.560 Z14.350 E1.01799
G1 X195.507 Y175.407 Z14.759 E0.99404
G1 X196.282 Y175.278 Z15.088 E0.95628
G1 X197.061 Y175.173 Z15.311 E0.91654
G1 X197.842 Y175.093 Z15.408 E0.88859
G1 X198.626 Y175.038 Z15.372 E0.88280
G1 X199.411 Y175.007 Z15.208 E0.90084
G1 X200.196 Y175.001 Z14.932 E0.93476
G1 X200.982 Y175.019 Z14.570 E0.97132
G1 X201.766 Y175.062 Z14.154 E0.99780
G1 X202.549 Y175.130 Z13.723 E1.00582
G1 X203.329 Y175.223 Z13.317 E0.99294
G1 X204.106 Y175.339 Z12.972 E0.96308
G1 X204.879 Y175.481 Z12.720 E0.92590
G1 X205.647 Y175.646 Z12.586 E0.89466
G1 X206.409 Y175.836 Z12.582 E0.88190
G1 X207.165 Y176.049 Z12.710 E0.89352
G1 X207.914 Y176.286 Z12.960 E0.92546
G1 X208.656 Y176.546 Z13.312 E0.96597
G1 X209.388 Y176.830 Z13.734 E1.00137
G1 X210.112 Y177.136 Z14.192 E1.02077
G1 X210.825 Y177.465 Z14.646 E1.01862
G1 X211.528 Y177.817 Z15.058 E0.99551
G1 X212.219 Y178.190 Z15.391 E0.95815
G1 X212.899 Y178.584 Z15.619 E0.91820
G1 X213.565 Y179.000 Z15.722 E0.88944
G1 X214.218 Y179.437 Z15.692 E0.88251
G1 X214.857 Y179.894 Z15.534 E0.89958
G1 X215.482 Y180.371 Z15.263 E0.93305
G1 X216.091 Y180.867 Z14.903 E0.96978
G1 X216.684 Y181.382 Z14.489 E0.99695
G1 X217.261 Y181.915 Z14.058 E1.00591
G1 X217.821 Y182.466 Z13.650 E0.99395
G1 X218.363 Y183.035 Z13.301 E0.96470
G1 X218.887 Y183.620 Z13.045 E0.92757
G1 X219.392 Y184.222 Z12.905 E0.89577
G1 X219.878 Y184.839 Z12.895 E0.88196
G1 X220.345 Y185.471 Z13.018 E0.89249
G1 X220.791 Y186.118 Z13.262 E0.92371
G1 X221.217 Y186.778 Z13.609 E0.96414
G1 X221.622 Y187.451 Z14.030 E1.00004
G1 X222.006 Y188.136 Z14.487 E1.02034
G1 X222.368 Y188.834 Z14.942 E1.01920
G1 X222.708 Y189.542 Z15.356 E0.99695
G1 X223.025 Y190.261 Z15.694 E0.96001
G1 X223.320 Y190.989 Z15.927 E0.91988
G1 X223.591 Y191.726 Z16.036 E0.89033
G1 X223.840 Y192.472 Z16.012 E0.88228
G1 X224.064 Y193.224 Z15.860 E0.89836
G1 X224.265 Y193.984 Z15.593 E0.93134
G1 X224.442 Y194.749 Z15.237 E0.96823
G1 X224.595 Y195.520 Z14.825 E0.99607
G1 X224.724 Y196.295 Z14.393 E1.00596
G1 X224.828 Y197.074 Z13.983 E0.99492
G1 X224.908 Y197.855 Z13.631 E0.96629
G1 X224.963 Y198.639 Z13.370 E0.92926
G1 X224.993 Y199.424 Z13.225 E0.89691
G1 X224.999 Y200.210 Z13.209 E0.88207
G1 X224.980 Y200.995 Z13.325 E0.89149
G1 X224.937 Y201.779 Z13.565 E0.92198
G1 X224.868 Y202.562 Z13.908 E0.96229
G1 X224.776 Y203.342 Z14.325 E0.99867
G1 X224.658 Y204.119 Z14.781 E1.01985
G1 X224.517 Y204.892 Z15.237 E1.01974
G1 X224.351 Y205.660 Z15.654 E0.99835
G1 X224.161 Y206.422 Z15.996 E0.96187
G1 X223.947 Y207.178 Z16.235 E0.92159
G1 X223.710 Y207.927 Z16.350 E0.89127
G1 X223.449 Y208.668 Z16.332 E0.88211
G1 X223.165 Y209.400 Z16.185 E0.89717
G1 X222.858 Y210.124 Z15.923 E0.92965
G1 X222.529 Y210.837 Z15.571 E0.96666
G1 X222.177 Y211.540 Z15.160 E0.99514
G1 X221.804 Y212.231 Z14.729 E1.00597
G1 X221.409 Y212.910 Z14.317 E0.99586
G1 X220.993 Y213.576 Z13.961 E0.96787
G1 X220.556 Y214.229 Z13.696 E0.93095
G1 X220.098 Y214.868 Z13.544 E0.89808
G1 X219.621 Y215.492 Z13.522 E0.88224
G1 X219.125 Y216.101 Z13.633 E0.89054
G1 X218.610 Y216.694 Z13.867 E0.92027
G1 X218.076 Y217.270 Z14.206 E0.96044
G1 X217.524 Y217.830 Z14.621 E0.99727
G1 X216.955 Y218.372 Z15.076 E1.01933
G1 X216.370 Y218.895 Z15.533 E1.02023
G1 X215.768 Y219.400 Z15.953 E0.99972
G1 X215.151 Y219.886 Z16.299 E0.96371
G1 X214.518 Y220.352 Z16.542 E0.92331
G1 X213.872 Y220.799 Z16.663 E0.89225
G1 X213.211 Y221.224 Z16.652 E0.88198
G1 X212.538 Y221.629 Z16.510 E0.89603
G1 X211.852 Y222.012 Z16.253 E0.92796
G1 X211.154 Y222.374 Z15.904 E0.96507
G1 X210.446 Y222.713 Z15.495 E0.99418
G1 X209.727 Y223.030 Z15.064 E1.00593
G1 X208.999 Y223.324 Z14.650 E0.99675
G1 X208.261 Y223.596 Z14.292 E0.96943
G1 X207.516 Y223.843 Z14.021 E0.93265
G1 X206.763 Y224.068 Z13.864 E0.89930
G1 X206.003 Y224.268 Z13.836 E0.88246
G1 X205.238 Y224.445 Z13.941 E0.88964
G1 X204.467 Y224.598 Z14.170 E0.91859
G1 X203.692 Y224.726 Z14.504 E0.95858
G1 X202.913 Y224.830 Z14.916 E0.99584
G1 X202.132 Y224.909 Z15.371 E1.01876
G1 X201.348 Y224.964 Z15.829 E1.02068
G1 X200.563 Y224.994 Z16.251 E1.00106
G1 X199.777 Y224.999 Z16.601 E0.96555
G1 X198.992 Y224.980 Z16.850 E0.92505
G1 X198.208 Y224.936 Z16.976 E0.89328
G1 X197.425 Y224.867 Z16.971 E0.88191
G1 X196.645 Y224.774 Z16.835 E0.89491
G1 X195.868 Y224.656 Z16.583 E0.92628
G1 X195.095 Y224.514 Z16.237 E0.96346
G1 X194.328 Y224.348 Z15.830 E0.99317
G1 X193.565 Y224.158 Z15.399 E1.00584
G1 X192.809 Y223.944 Z14.984 E0.99761
G1 X192.061 Y223.706 Z14.622 E0.97097
G1 X191.320 Y223.445 Z14.347 E0.93436
G1 X190.587 Y223.160 Z14.185 E0.90055
G1 X189.864 Y222.853 Z14.150 E0.88273
G1 X189.151 Y222.523 Z14.249 E0.88878
G1 X188.449 Y222.171 Z14.472 E0.91692
G1 X187.758 Y221.798 Z14.803 E0.95671
G1 X187.079 Y221.402 Z15.212 E0.99439
G1 X186.413 Y220.986 Z15.665 E1.01814
G1 X185.760 Y220.548 Z16.124 E1.02108
G1 X185.122 Y220.091 Z16.548 E1.00237
G1 X184.498 Y219.613 Z16.903 E0.96738
G1 X183.889 Y219.116 Z17.157 E0.92682
G1 X183.296 Y218.601 Z17.289 E0.89435
G1 X182.720 Y218.067 Z17.290 E0.88189
G1 X182.161 Y217.515 Z17.160 E0.89384
G1 X181.620 Y216.946 Z16.913 E0.92462
G1 X181.096 Y216.360 Z16.571 E0.96183
G1 X180.591 Y215.758 Z16.166 E0.99214
G1 X180.106 Y215.140 Z15.735 E1.00571
G1 X179.640 Y214.508 Z15.318 E0.99843
G1 X179.194 Y213.861 Z14.953 E0.97248
G1 X178.769 Y213.200 Z14.673 E0.93608
G1 X178.365 Y212.526 Z14.505 E0.90183
G1 X177.982 Y211.840 Z14.465 E0.88305
G1 X177.621 Y211.143 Z14.557 E0.88797
G1 X177.282 Y210.434 Z14.776 E0.91529
G1 X176.965 Y209.715 Z15.102 E0.95484
G1 X176.671 Y208.986 Z15.508 E0.99290
G1 X176.400 Y208.249 Z15.960 E1.01748
G1 X176.153 Y207.503 Z16.419 E1.02143
G1 X175.929 Y206.750 Z16.846 E1.00364
G1 X175.728 Y205.991 Z17.204 E0.96919
G1 X175.552 Y205.225 Z17.463 E0.92860
G1 X175.400 Y204.454 Z17.602 E0.89547
G1 X175.272 Y203.679 Z17.608 E0.88192
G1 X175.169 Y202.900 Z17.484 E0.89281
G1 X175.090 Y202.119 Z17.242 E0.92297
G1 X175.036 Y201.335 Z16.904 E0.96019
G1 X175.006 Y200.550 Z16.501 E0.99106
G1 X175.001 Y199.764 Z16.070 E1.00554
G1 X175.021 Y198.979 Z15.652 E0.99921
G1 X175.065 Y198.195 Z15.284 E0.97397
G1 X175.134 Y197.412 Z14.999 E0.93780
G1 X175.228 Y196.632 Z14.826 E0.90315
G1 X175.346 Y195.855 Z14.780 E0.88342
G1 X175.488 Y195.083 Z14.866 E0.88721
G1 X175.655 Y194.315 Z15.079 E0.91367
G1 X175.846 Y193.553 Z15.401 E0.95296
G1 X176.060 Y192.797 Z15.804 E0.99138
G1 X176.298 Y192.048 Z16.255 E1.01677
G1 X176.560 Y191.307 Z16.714 E1.02174
G1 X176.845 Y190.575 Z17.144 E1.00487
G1 X177.152 Y189.852 Z17.506 E0.97099
G1 X177.482 Y189.139 Z17.770 E0.93039
G1 X177.835 Y188.437 Z17.914 E0.89663
G1 X178.209 Y187.747 Z17.927 E0.88201
G1 X178.605 Y187.068 Z17.809 E0.89182
G1 X179.022 Y186.402 Z17.571 E0.92134
G1 X179.459 Y185.750 Z17.236 E0.95854
G1 X179.917 Y185.111 Z16.836 E0.98996
G1 X180.395 Y184.487 Z16.406 E1.00532
G1 X180.892 Y183.879 Z15.986 E0.99995
G1 X181.408 Y183.287 Z15.615 E0.97544
G1 X181.942 Y182.711 Z15.326 E0.93952
G1 X182.494 Y182.152 Z15.147 E0.90450
G1 X183.064 Y181.611 Z15.095 E0.88384
G1 X183.650 Y181.088 Z15.175 E0.88650
G1 X184.252 Y180.583 Z15.382 E0.91209
G1 X184.870 Y180.098 Z15.700 E0.95108
G1 X185.503 Y179.632 Z16.100 E0.98983
G1 X186.150 Y179.187 Z16.550 E1.01602
G1 X186.811 Y178.762 Z17.010 E1.02200
G1 X187.485 Y178.358 Z17.441 E1.00607
G1 X188.171 Y177.976 Z17.807 E0.97278
G1 X188.869 Y177.615 Z18.076 E0.93220
G1 X189.578 Y177.276 Z18.226 E0.89783
G1 X190.297 Y176.960 Z18.245 E0.88215
G1 X191.026 Y176.666 Z18.133 E0.89087
G1 X191.763 Y176.396 Z17.900 E0.91972
G1 X192.509 Y176.149 Z17.569 E0.95687
G1 X193.262 Y175.925 Z17.171 E0.98881
G1 X194.022 Y175.725 Z16.741 E1.00506
G1 X194.788 Y175.549 Z16.320 E1.00064
G1 X195.559 Y175.398 Z15.946 E0.97689
G1 X196.334 Y175.270 Z15.653 E0.94124
G1 X197.113 Y175.167 Z15.468 E0.90588
G1 X197.894 Y175.089 Z15.410 E0.88431
G1 X198.678 Y175.035 Z15.484 E0.88584
G1 X199.463 Y175.006 Z15.686 E0.91053
G1 X200.249 Y175.001 Z15.999 E0.94920
G1 X201.034 Y175.021 Z16.396 E0.98826
G1 X201.819 Y175.066 Z16.844 E1.01523
G1 X202.601 Y175.136 Z17.305 E1.02221
G1 X203.381 Y175.230 Z17.738 E1.00723
G1 X204.158 Y175.348 Z18.108 E0.97455
G1 X204.930 Y175.491 Z18.382 E0.93403
G1 X205.698 Y175.658 Z18.538 E0.89907
G1 X206.460 Y175.849 Z18.563 E0.88234
G1 X207.216 Y176.064 Z18.456 E0.88997
G1 X207.964 Y176.302 Z18.229 E0.91811
G1 X208.705 Y176.564 Z17.902 E0.95519
G1 X209.437 Y176.850 Z17.506 E0.98764
G1 X210.160 Y177.157 Z17.077 E1.00476
G1 X210.872 Y177.488 Z16.654 E1.00130
G1 X211.574 Y177.841 Z16.277 E0.97831
G1 X212.265 Y178.215 Z15.980 E0.94297
G1 X212.943 Y178.611 Z15.790 E0.90729
G1 X213.609 Y179.029 Z15.725 E0.88484
G1 X214.261 Y179.467 Z15.794 E0.88523
G1 X214.899 Y179.925 Z15.990 E0.90901
G1 X215.523 Y180.403 Z16.298 E0.94733
G1 X216.131 Y180.900 Z16.693 E0.98666
G1 X216.723 Y181.417 Z17.139 E1.01440
G1 X217.299 Y181.951 Z17.600 E1.02238
G1 X217.857 Y182.504 Z18.035 E1.00836
G1 X218.398 Y183.074 Z18.409 E0.97631
G1 X218.921 Y183.660 Z18.688 E0.93586
G1 X219.425 Y184.263 Z18.849 E0.90034
G1 X219.910 Y184.881 Z18.880 E0.88258
G1 X220.375 Y185.514 Z18.780 E0.88911
G1 X220.820 Y186.161 Z18.557 E0.91653
G1 X221.245 Y186.822 Z18.234 E0.95351
G1 X221.648 Y187.496 Z17.841 E0.98643
G1 X222.031 Y188.183 Z17.412 E1.00441
G1 X222.391 Y188.881 Z16.989 E1.00191
G1 X222.729 Y189.590 Z16.609 E0.97970
G1 X223.045 Y190.309 Z16.307 E0.94469
G1 X223.338 Y191.038 Z16.112 E0.90872
G1 X223.608 Y191.776 Z16.041 E0.88541
G1 X223.855 Y192.522 Z16.104 E0.88466
G1 X224.078 Y193.275 Z16.294 E0.90751
G1 X224.278 Y194.035 Z16.598 E0.94545
G1 X224.453 Y194.800 Z16.989 E0.98503
G1 X224.605 Y195.571 Z17.434 E1.01352
G1 X224.732 Y196.347 Z17.895 E1.02250
G1 X224.834 Y197.126 Z18.332 E1.00944
G1 X224.912 Y197.907 Z18.709 E0.97804
G1 X224.966 Y198.691 Z18.993 E0.93771
G1 X224.995 Y199.476 Z19.160 E0.90166
G1 X224.999 Y200.262 Z19.198 E0.88288
G1 X224.978 Y201.047 Z19.103 E0.88830
G1 X224.933 Y201.832 Z18.886 E0.91497
G1 X224.863 Y202.614 Z18.567 E0.95181
G1 X224.769 Y203.394 Z18.175 E0.98518
G1 X224.650 Y204.171 Z17.748 E1.00401
G1 X224.506 Y204.943 Z17.323 E1.00249
G1 X224.339 Y205.711 Z16.940 E0.98107
G1 X224.148 Y206.473 Z16.634 E0.94641
G1 X223.932 Y207.228 Z16.434 E0.91019
G1 X223.693 Y207.977 Z16.357 E0.88603
G1 X223.431 Y208.717 Z16.414 E0.88415
G1 X223.146 Y209.449 Z16.599 E0.90605
G1 X222.837 Y210.172 Z16.898 E0.94358
G1 X222.506 Y210.884 Z17.285 E0.98338
G1 X222.153 Y211.586 Z17.729 E1.01260
G1 X221.778 Y212.276 Z18.190 E1.02258
G1 X221.382 Y212.955 Z18.629 E1.01049
G1 X220.964 Y213.620 Z19.010 E0.97976
G1 X220.526 Y214.272 Z19.298 E0.93956
G1 X220.067 Y214.910 Z19.471 E0.90301
G1 X219.589 Y215.533 Z19.515 E0.88323
G1 X219.091 Y216.141 Z19.426 E0.88753
G1 X218.575 Y216.733 Z19.214 E0.91343
G1 X218.040 Y217.308 Z18.899 E0.95010
G1 X217.487 Y217.866 Z18.510 E0.98391
G1 X216.917 Y218.407 Z18.083 E1.00357
G1 X216.330 Y218.930 Z17.658 E1.00302
G1 X215.727 Y219.433 Z17.272 E0.98241
G1 X215.109 Y219.918 Z16.962 E0.94813
G1 X214.476 Y220.383 Z16.756 E0.91168
G1 X213.828 Y220.828 Z16.674 E0.88670
G1 X213.167 Y221.252 Z16.724 E0.88369
G1 X212.492 Y221.655 Z16.904 E0.90462
G1 X211.806 Y222.037 Z17.198 E0.94171
G1 X211.108 Y222.397 Z17.582 E0.98171
G1 X210.398 Y222.735 Z18.024 E1.01164
G1 X209.679 Y223.050 Z18.485 E1.02260
G1 X208.950 Y223.343 Z18.926 E1.01149
G1 X208.212 Y223.613 Z19.310 E0.98145
G1 X207.466 Y223.859 Z19.603 E0.94142
G1 X206.713 Y224.082 Z19.782 E0.90440
G1 X205.953 Y224.281 Z19.831 E0.88363
G1 X205.187 Y224.456 Z19.748 E0.88680
G1 X204.416 Y224.607 Z19.542 E0.91191
G1 X203.640 Y224.734 Z19.231 E0.94839
G1 X202.861 Y224.836 Z18.845 E0.98261
G1 X202.080 Y224.913 Z18.419 E1.00309
G1 X201.296 Y224.966 Z17.992 E1.00350
G1 X200.511 Y224.995 Z17.604 E0.98371
G1 X199.725 Y224.998 Z17.290 E0.94984
G1 X198.940 Y224.978 Z17.079 E0.91319
G1 X198.155 Y224.932 Z16.991 E0.88741
G1 X197.373 Y224.862 Z17.035 E0.88328
G1 X196.593 Y224.767 Z17.209 E0.90323
G1 X195.816 Y224.647 Z17.498 E0.93985
G1 X195.044 Y224.504 Z17.879 E0.98002
G1 X194.277 Y224.336 Z18.319 E1.01065
G1 X193.515 Y224.144 Z18.780 E1.02258
G1 X192.759 Y223.928 Z19.223 E1.01246
G1 X192.011 Y223.689 Z19.610 E0.98313
G1 X191.271 Y223.426 Z19.908 E0.94329
G1 X190.539 Y223.141 Z20.092 E0.90583
G1 X189.816 Y222.832 Z20.148 E0.88408
G1 X189.104 Y222.501 Z20.071 E0.88613
G1 X188.402 Y222.147 Z19.869 E0.91042
G1 X187.712 Y221.772 Z19.563 E0.94668
G1 X187.034 Y221.375 Z19.179 E0.98128
G1 X186.369 Y220.957 Z18.754 E1.00257
G1 X185.717 Y220.518 Z18.327 E1.00395
G1 X185.080 Y220.059 Z17.936 E0.98499
G1 X184.457 Y219.581 Z17.618 E0.95155
G1 X183.849 Y219.083 Z17.401 E0.91473
G1 X183.257 Y218.566 Z17.307 E0.88817
G1 X182.682 Y218.031 Z17.346 E0.88293
G1 X182.124 Y217.477 Z17.514 E0.90187
G1 X181.584 Y216.907 Z17.798 E0.93799
G1 X181.062 Y216.320 Z18.176 E0.97831
G1 X180.558 Y215.717 Z18.614 E1.00961
G1 X180.074 Y215.098 Z19.075 E1.02252
G1 X179.610 Y214.465 Z19.519 E1.01338
G1 X179.165 Y213.817 Z19.910 E0.98478
G1 X178.741 Y213.156 Z20.213 E0.94516
G1 X178.338 Y212.481 Z20.402 E0.90729
G1 X177.957 Y211.794 Z20.464 E0.88458
G1 X177.597 Y211.096 Z20.393 E0.88550
G1 X177.260 Y210.386 Z20.197 E0.90895
G1 X176.945 Y209.667 Z19.894 E0.94496
G1 X176.652 Y208.938 Z19.514 E0.97991
G1 X176.383 Y208.200 Z19.090 E1.00201
G1 X176.137 Y207.453 Z18.662 E1.00435
G1 X175.915 Y206.700 Z18.268 E0.98624
G1 X175.716 Y205.940 Z17.946 E0.95325
G1 X175.541 Y205.174 Z17.725 E0.91629
G1 X175.391 Y204.403 Z17.625 E0.88898
G1 X175.265 Y203.627 Z17.657 E0.88262
G1 X175.163 Y202.848 Z17.819 E0.90054
G1 X175.086 Y202.067 Z18.099 E0.93614
G1 X175.033 Y201.283 Z18.473 E0.97657
G1 X175.005 Y200.498 Z18.909 E1.00853
G1 X175.002 Y199.712 Z19.369 E1.02240
G1 X175.023 Y198.927 Z19.816 E1.01427
G1 X175.069 Y198.142 Z20.209 E0.98641
G1 X175.140 Y197.360 Z20.517 E0.94704
G1 X175.235 Y196.580 Z20.712 E0.90878
G1 X175.355 Y195.804 Z20.780 E0.88514
G1 X175.499 Y195.031 Z20.715 E0.88492
G1 X175.667 Y194.264 Z20.524 E0.90751
G1 X175.859 Y193.502 Z20.226 E0.94323
G1 X176.075 Y192.747 Z19.848 E0.97853
G1 X176.315 Y191.999 Z19.425 E1.00140
G1 X176.578 Y191.258 Z18.997 E1.00470
G1 X176.864 Y190.527 Z18.601 E0.98745
G1 X177.173 Y189.804 Z18.275 E0.95493
G1 X177.505 Y189.092 Z18.048 E0.91787
G1 X177.859 Y188.391 Z17.942 E0.88984
G1 X178.235 Y187.701 Z17.968 E0.88237
G1 X178.632 Y187.023 Z18.125 E0.89926
G1 X179.050 Y186.358 Z18.400 E0.93431
G1 X179.489 Y185.707 Z18.770 E0.97482
G1 X179.948 Y185.069 Z19.204 E1.00741
G1 X180.427 Y184.446 Z19.664 E1.02224
G1 X180.926 Y183.839 Z20.112 E1.01511
G1 X181.443 Y183.248 Z20.509 E0.98801
G1 X181.979 Y182.673 Z20.821 E0.94892
G1 X182.532 Y182.115 Z21.022 E0.91030
G1 X183.102 Y181.575 Z21.095 E0.88574
G1 X183.690 Y181.053 Z21.036 E0.88439
G1 X184.293 Y180.550 Z20.851 E0.90609
G1 X184.912 Y180.066 Z20.557 E0.94151
G1 X185.546 Y179.602 Z20.182 E0.97711
G1 X186.194 Y179.158 Z19.761 E1.00075
G1 X186.856 Y178.734 Z19.332 E1.00502
G1 X187.530 Y178.332 Z18.933 E0.98863
G1 X188.217 Y177.951 Z18.603 E0.95661
G1 X188.916 Y177.591 Z18.372 E0.91947
G1 X189.625 Y177.254 Z18.260 E0.89073
G1 X190.345 Y176.940 Z18.280 E0.88217
G1 X191.075 Y176.648 Z18.431 E0.89802
G1 X191.813 Y176.379 Z18.701 E0.93248
G1 X192.559 Y176.133 Z19.067 E0.97305
G1 X193.313 Y175.911 Z19.499 E1.00625
G1 X194.073 Y175.713 Z19.959 E1.02204
G1 X194.839 Y175.539 Z20.408 E1.01591
G1 X195.610 Y175.388 Z20.808 E0.98959
G1 X196.386 Y175.263 Z21.125 E0.95079
G1 X197.165 Y175.161 Z21.331 E0.91185
G1 X197.947 Y175.084 Z21.411 E0.88640
G1 X198.730 Y175.032 Z21.358 E0.88391
G1 X199.516 Y175.005 Z21.178 E0.90471
G1 X200.301 Y175.002 Z20.888 E0.93978
G1 X201.086 Y175.024 Z20.517 E0.97567
G1 X201.871 Y175.070 Z20.096 E1.00006
G1 X202.653 Y175.141 Z19.667 E1.00529
G1 X203.433 Y175.237 Z19.266 E0.98978
G1 X204.209 Y175.357 Z18.932 E0.95828
G1 X204.982 Y175.501 Z18.695 E0.92108
G1 X205.749 Y175.670 Z18.578 E0.89167
G1 X206.511 Y175.863 Z18.592 E0.88203
G1 X207.266 Y176.079 Z18.737 E0.89681
G1 X208.014 Y176.319 Z19.002 E0.93067
G1 X208.754 Y176.583 Z19.364 E0.97127
G1 X209.485 Y176.869 Z19.794 E1.00506
G1 X210.207 Y177.179 Z20.254 E1.02178
G1 X210.920 Y177.511 Z20.704 E1.01666
G1 X211.621 Y177.865 Z21.107 E0.99114
G1 X212.311 Y178.241 Z21.428 E0.95267
G1 X212.988 Y178.639 Z21.640 E0.91343
G1 X213.653 Y179.057 Z21.726 E0.88710
G1 X214.304 Y179.497 Z21.679 E0.88348
G1 X214.941 Y179.956 Z21.504 E0.90336
G1 X215.564 Y180.436 Z21.219 E0.93806
G1 X216.171 Y180.934 Z20.851 E0.97420
G1 X216.762 Y181.452 Z20.432 E0.99932
G1 X217.337 Y181.988 Z20.002 E1.00551
G1 X217.894 Y182.541 Z19.599 E0.99090
G1 X218.434 Y183.112 Z19.261 E0.95994
G1 X218.955 Y183.700 Z19.020 E0.92272
G1 X219.458 Y184.303 Z18.896 E0.89266
G1 X219.942 Y184.922 Z18.904 E0.88193
G1 X220.406 Y185.556 Z19.043 E0.89565
G1 X220.849 Y186.205 Z19.303 E0.92887
G1 X221.272 Y186.867 Z19.662 E0.96947
G1 X221.675 Y187.542 Z20.089 E1.00383
G1 X222.055 Y188.229 Z20.548 E1.02148
G1 X222.414 Y188.928 Z21.000 E1.01737
G1 X222.751 Y189.637 Z21.406 E0.99266
G1 X223.066 Y190.357 Z21.732 E0.95455
G1 X223.357 Y191.087 Z21.949 E0.91504
G1 X223.626 Y191.825 Z22.041 E0.88785
G1 X223.871 Y192.572 Z21.999 E0.88310
G1 X224.092 Y193.325 Z21.831 E0.90203
G1 X224.290 Y194.086 Z21.550 E0.93634
G1 X224.464 Y194.852 Z21.185 E0.97271
G1 X224.614 Y195.623 Z20.767 E0.99855
G1 X224.739 Y196.399 Z20.337 E1.00569
G1 X224.840 Y197.178 Z19.932 E0.99197
G1 X224.917 Y197.960 Z19.591 E0.96158
G1 X224.968 Y198.743 Z19.344 E0.92437
G1 X224.996 Y199.529 Z19.215 E0.89368
G1 X224.998 Y200.314 Z19.217 E0.88189
G1 X224.976 Y201.100 Z19.350 E0.89452
G1 X224.929 Y201.884 Z19.605 E0.92709
G1 X224.857 Y202.666 Z19.960 E0.96766
G1 X224.761 Y203.446 Z20.385 E1.00257
G1 X224.641 Y204.222 Z20.843 E1.02113
G1 X224.496 Y204.994 Z21.296 E1.01804
G1 X224.327 Y205.762 Z21.705 E0.99416
G1 X224.134 Y206.523 Z22.035 E0.95642
G1 X223.917 Y207.278 Z22.258 E0.91667
G1 X223.677 Y208.026 Z22.355 E0.88865
G1 X223.413 Y208.766 Z22.320 E0.88277
G1 X223.126 Y209.497 Z22.157 E0.90074
G1 X222.816 Y210.219 Z21.881 E0.93463
G1 X222.483 Y210.931 Z21.518 E0.97120
G1 X222.129 Y211.632 Z21.103 E0.99774
G1 X221.752 Y212.322 Z20.672 E1.00583
G1 X221.355 Y212.999 Z20.265 E0.99302
G1 X220.936 Y213.664 Z19.920 E0.96321
G1 X220.496 Y214.315 Z19.669 E0.92603
G1 X220.036 Y214.952 Z19.534 E0.89475
G1 X219.556 Y215.574 Z19.529 E0.88190
G1 X219.057 Y216.181 Z19.657 E0.89344
G1 X218.539 Y216.772 Z19.907 E0.92532
G1 X218.003 Y217.346 Z20.258 E0.96583
G1 X217.449 Y217.903 Z20.680 E1.00127
G1 X216.878 Y218.442 Z21.138 E1.02074
G1 X216.290 Y218.964 Z21.592 E1.01866
G1 X215.686 Y219.466 Z22.004 E0.99562
G1 X215.067 Y219.950 Z22.338 E0.95829
G1 X214.433 Y220.413 Z22.566 E0.91833
G1 X213.784 Y220.856 Z22.669 E0.88950
G1 X213.122 Y221.279 Z22.640 E0.88249
G1 X212.447 Y221.681 Z22.482 E0.89949
G1 X211.760 Y222.062 Z22.211 E0.93292
G1 X211.061 Y222.420 Z21.852 E0.96967
G1 X210.351 Y222.757 Z21.438 E0.99689
G1 X209.631 Y223.071 Z21.007 E1.00592
G1 X208.901 Y223.362 Z20.598 E0.99402
G1 X208.162 Y223.630 Z20.250 E0.96482
G1 X207.416 Y223.875 Z19.993 E0.92770
G1 X206.662 Y224.096 Z19.853 E0.89585
G1 X205.902 Y224.293 Z19.843 E0.88197
G1 X205.135 Y224.467 Z19.964 E0.89241
G1 X204.364 Y224.616 Z20.209 E0.92358
G1 X203.589 Y224.741 Z20.555 E0.96400
G1 X202.809 Y224.842 Z20.975 E0.99993
G1 X202.027 Y224.918 Z21.432 E1.02030
G1 X201.243 Y224.969 Z21.888 E1.01924
G1 X200.458 Y224.996 Z22.302 E0.99706
G1 X199.673 Y224.998 Z22.640 E0.96015
G1 X198.887 Y224.975 Z22.874 E0.92001
G1 X198.103 Y224.928 Z22.983 E0.89040
G1 X197.321 Y224.856 Z22.960 E0.88227
G1 X196.541 Y224.760 Z22.808 E0.89827
G1 X195.765 Y224.639 Z22.542 E0.93121
G1 X194.993 Y224.493 Z22.186 E0.96811
G1 X194.226 Y224.324 Z21.773 E0.99600
G1 X193.464 Y224.131 Z21.342 E1.00596
G1 X192.709 Y223.913 Z20.932 E0.99499
G1 X191.961 Y223.672 Z20.580 E0.96641
G1 X191.222 Y223.408 Z20.318 E0.92939
G1 X190.490 Y223.121 Z20.172 E0.89700
G1 X189.769 Y222.810 Z20.156 E0.88209
G1 X189.057 Y222.478 Z20.272 E0.89142
G1 X188.356 Y222.123 Z20.511 E0.92185
G1 X187.667 Y221.746 Z20.854 E0.96215
G1 X186.989 Y221.348 Z21.271 E0.99857
G1 X186.325 Y220.928 Z21.727 E1.01982
G1 X185.674 Y220.488 Z22.183 E1.01978
G1 X185.038 Y220.028 Z22.600 E0.99846
G1 X184.416 Y219.548 Z22.943 E0.96201
G1 X183.809 Y219.049 Z23.182 E0.92172
G1 X183.219 Y218.531 Z23.297 E0.89134
G1 X182.645 Y217.994 Z23.280 E0.88210
G1 X182.088 Y217.440 Z23.133 E0.89708
G1 X181.549 Y216.869 Z22.872 E0.92952
G1 X181.028 Y216.280 Z22.519 E0.96654
G1 X180.526 Y215.676 Z22.109 E0.99507
G1 X180.043 Y215.057 Z21.678 E1.00597
G1 X179.579 Y214.422 Z21.265 E0.99593
G1 X179.136 Y213.773 Z20.910 E0.96799
G1 X178.714 Y213.111 Z20.644 E0.93108
G1 X178.312 Y212.436 Z20.492 E0.89818
G1 X177.932 Y211.748 Z20.470 E0.88225
G1 X177.574 Y211.049 Z20.579 E0.89047
G1 X177.238 Y210.339 Z20.813 E0.92014
G1 X176.924 Y209.618 Z21.152 E0.96030
G1 X176.634 Y208.889 Z21.567 E0.99717
G1 X176.366 Y208.150 Z22.022 E1.01929
G1 X176.121 Y207.403 Z22.479 E1.02026
G1 X175.901 Y206.649 Z22.899 E0.99983
G1 X175.703 Y205.889 Z23.245 E0.96385
G1 X175.530 Y205.123 Z23.489 E0.92344
G1 X175.382 Y204.351 Z23.610 E0.89233
G1 X175.257 Y203.576 Z23.599 E0.88198
G1 X175.157 Y202.796 Z23.459 E0.89594
G1 X175.081 Y202.014 Z23.202 E0.92783
G1 X175.030 Y201.230 Z22.853 E0.96494
G1 X175.004 Y200.445 Z22.444 E0.99410
G1 X175.002 Y199.660 Z22.013 E1.00592
G1 X175.025 Y198.874 Z21.599 E0.99682
G1 X175.073 Y198.090 Z21.240 E0.96955
G1 X175.145 Y197.308 Z20.969 E0.93278
G1 X175.242 Y196.528 Z20.812 E0.89939
G1 X175.364 Y195.752 Z20.784 E0.88248
G1 X175.509 Y194.980 Z20.887 E0.88957
G1 X175.679 Y194.213 Z21.116 E0.91846
G1 X175.873 Y193.452 Z21.450 E0.95843
G1 X176.091 Y192.697 Z21.862 E0.99573
G1 X176.332 Y191.949 Z22.316 E1.01871
G1 X176.596 Y191.209 Z22.774 E1.02071
G1 X176.884 Y190.478 Z23.197 E1.00117
G1 X177.195 Y189.757 Z23.547 E0.96569
G1 X177.528 Y189.045 Z23.796 E0.92519
G1 X177.883 Y188.344 Z23.923 E0.89336
G1 X178.260 Y187.655 Z23.919 E0.88191
G1 X178.659 Y186.978 Z23.783 E0.89483
G1 X179.079 Y186.314 Z23.531 E0.92616
G1 X179.519 Y185.664 Z23.186 E0.96333
G1 X179.980 Y185.027 Z22.779 E0.99310
G1 X180.460 Y184.405 Z22.348 E1.00584
G1 X180.960 Y183.799 Z21.933 E0.99768
G1 X181.478 Y183.209 Z21.571 E0.97108
G1 X182.015 Y182.635 Z21.295 E0.93449
G1 X182.569 Y182.079 Z21.132 E0.90065
G1 X183.141 Y181.540 Z21.098 E0.88275
G1 X183.729 Y181.019 Z21.196 E0.88872
G1 X184.334 Y180.517 Z21.419 E0.91680
G1 X184.954 Y180.035 Z21.749 E0.95657
G1 X185.589 Y179.572 Z22.158 E0.99427
G1 X186.238 Y179.129 Z22.611 E1.01809
G1 X186.900 Y178.707 Z23.070 E1.02110
G1 X187.576 Y178.306 Z23.494 E1.00247
G1 X188.263 Y177.926 Z23.849 E0.96752
G1 X188.963 Y177.568 Z24.103 E0.92695
G1 X189.673 Y177.233 Z24.236 E0.89444
G1 X190.394 Y176.919 Z24.237 E0.88189
G1 X191.124 Y176.629 Z24.108 E0.89376
G1 X191.862 Y176.362 Z23.861 E0.92449
G1 X192.609 Y176.117 Z23.519 E0.96171
G1 X193.363 Y175.897 Z23.114 E0.99206
G1 X194.124 Y175.700 Z22.684 E1.00570
G1 X194.890 Y175.528 Z22.267 E0.99849
G1 X195.662 Y175.379 Z21.901 E0.97260
G1 X196.437 Y175.255 Z21.621 E0.93621
G1 X197.217 Y175.155 Z21.453 E0.90193
G1 X197.999 Y175.080 Z21.412 E0.88307
G1 X198.783 Y175.030 Z21.504 E0.88791
G1 X199.568 Y175.004 Z21.722 E0.91516
G1 X200.354 Y175.002 Z22.048 E0.95469
G1 X201.139 Y175.026 Z22.454 E0.99278
G1 X201.923 Y175.074 Z22.906 E1.01743
G1 X202.705 Y175.147 Z23.365 E1.02146
G1 X203.485 Y175.244 Z23.792 E1.00374
G1 X204.261 Y175.366 Z24.150 E0.96933
G1 X205.033 Y175.512 Z24.410 E0.92874
G1 X205.800 Y175.682 Z24.549 E0.89556
G1 X206.561 Y175.876 Z24.556 E0.88193
G1 X207.316 Y176.094 Z24.432 E0.89273
G1 X208.063 Y176.336 Z24.190 E0.92284
G1 X208.803 Y176.601 Z23.852 E0.96007
G1 X209.534 Y176.889 Z23.450 E0.99098
G1 X210.255 Y177.200 Z23.019 E1.00553
G1 X210.967 Y177.534 Z22.601 E0.99927
G1 X211.667 Y177.889 Z22.232 E0.97409
G1 X212.356 Y178.267 Z21.948 E0.93793
G1 X213.033 Y178.666 Z21.774 E0.90325
G1 X213.697 Y179.086 Z21.727 E0.88345
G1 X214.347 Y179.527 Z21.813 E0.88716
G1 X214.983 Y179.988 Z22.025 E0.91355
G1 X215.605 Y180.468 Z22.347 E0.95282
G1 X216.211 Y180.968 Z22.750 E0.99126
G1 X216.801 Y181.487 Z23.201 E1.01672
G1 X217.374 Y182.024 Z23.660 E1.02176
G1 X217.930 Y182.579 Z24.090 E1.00497
G1 X218.469 Y183.151 Z24.452 E0.97113
G1 X218.989 Y183.739 Z24.716 E0.93053
G1 X219.491 Y184.344 Z24.861 E0.89672
G1 X219.973 Y184.964 Z24.874 E0.88202
G1 X220.436 Y185.599 Z24.757 E0.89175
G1 X220.878 Y186.249 Z24.519 E0.92121
G1 X221.300 Y186.911 Z24.185 E0.95841
G1 X221.701 Y187.587 Z23.785 E0.98987
G1 X222.080 Y188.275 Z23.355 E1.00531
G1 X222.437 Y188.975 Z22.935 E1.00000
G1 X222.773 Y189.685 Z22.563 E0.97556
G1 X223.086 Y190.406 Z22.274 E0.93965
G1 X223.376 Y191.136 Z22.095 E0.90460
G1 X223.643 Y191.875 Z22.042 E0.88387
G1 X223.886 Y192.622 Z22.122 E0.88645
G1 X224.106 Y193.376 Z22.329 E0.91197
G1 X224.303 Y194.136 Z22.646 E0.95094
G1 X224.475 Y194.903 Z23.046 E0.98971
G1 X224.623 Y195.675 Z23.495 E1.01597
G1 X224.747 Y196.450 Z23.955 E1.02202
G1 X224.846 Y197.230 Z24.387 E1.00616
G1 X224.921 Y198.012 Z24.753 E0.97292
G1 X224.971 Y198.796 Z25.023 E0.93234
G1 X224.996 Y199.581 Z25.173 E0.89792
G1 X224.997 Y200.367 Z25.192 E0.88216
G1 X224.973 Y201.152 Z25.080 E0.89080
G1 X224.925 Y201.936 Z24.848 E0.91959
G1 X224.852 Y202.718 Z24.518 E0.95674
G1 X224.754 Y203.498 Z24.120 E0.98872
G1 X224.632 Y204.274 Z23.690 E1.00504
G1 X224.486 Y205.046 Z23.269 E1.00070
G1 X224.315 Y205.813 Z22.894 E0.97700
G1 X224.120 Y206.574 Z22.601 E0.94138
G1 X223.902 Y207.328 Z22.416 E0.90599
G1 X223.660 Y208.076 Z22.357 E0.88435
G1 X223.394 Y208.815 Z22.431 E0.88579
G1 X223.106 Y209.546 Z22.633 E0.91042
G1 X222.794 Y210.267 Z22.945 E0.94906
G1 X222.461 Y210.978 Z23.342 E0.98813
G1 X222.104 Y211.679 Z23.790 E1.01517
G1 X221.727 Y212.367 Z24.251 E1.02223
G1 X221.327 Y213.044 Z24.684 E1.00732
G1 X220.907 Y213.708 Z25.054 E0.97469
G1 X220.466 Y214.358 Z25.329 E0.93417
G1 X220.005 Y214.994 Z25.485 E0.89916
G1 X219.524 Y215.615 Z25.510 E0.88236
G1 X219.023 Y216.221 Z25.404 E0.88990
G1 X218.504 Y216.810 Z25.177 E0.91799
G1 X217.967 Y217.384 Z24.850 E0.95506
G1 X217.412 Y217.940 Z24.455 E0.98754
G1 X216.840 Y218.478 Z24.026 E1.00473
G1 X216.251 Y218.998 Z23.603 E1.00135
G1 X215.646 Y219.499 Z23.226 E0.97842
G1 X215.025 Y219.981 Z22.928 E0.94310
G1 X214.390 Y220.443 Z22.738 E0.90740
G1 X213.741 Y220.885 Z22.673 E0.88488
G1 X213.078 Y221.307 Z22.741 E0.88518
G1 X212.402 Y221.707 Z22.937 E0.90889
G1 X211.713 Y222.086 Z23.245 E0.94718
G1 X211.014 Y222.443 Z23.638 E0.98653
G1 X210.303 Y222.778 Z24.085 E1.01433
G1 X209.582 Y223.091 Z24.546 E1.02239
G1 X208.852 Y223.380 Z24.981 E1.00844
G1 X208.113 Y223.647 Z25.355 E0.97644
G1 X207.366 Y223.890 Z25.634 E0.93600
G1 X206.612 Y224.110 Z25.796 E0.90044
G1 X205.851 Y224.306 Z25.828 E0.88260
G1 X205.084 Y224.478 Z25.728 E0.88905
G1 X204.313 Y224.625 Z25.506 E0.91641
G1 X203.537 Y224.749 Z25.183 E0.95338
G1 X202.757 Y224.847 Z24.789 E0.98633
G1 X201.975 Y224.922 Z24.361 E1.00438
G1 X201.191 Y224.972 Z23.937 E1.00196
G1 X200.406 Y224.997 Z23.557 E0.97981
G1 X199.620 Y224.997 Z23.255 E0.94482
G1 X198.835 Y224.973 Z23.059 E0.90884
G1 X198.051 Y224.924 Z22.989 E0.88545
G1 X197.269 Y224.850 Z23.051 E0.88462
G1 X196.489 Y224.752 Z23.241 E0.90740
G1 X195.713 Y224.630 Z23.544 E0.94531
G1 X194.941 Y224.483 Z23.935 E0.98491
G1 X194.175 Y224.312 Z24.380 E1.01345
G1 X193.414 Y224.117 Z24.841 E1.02251
G1 X192.659 Y223.898 Z25.278 E1.00952
G1 X191.912 Y223.655 Z25.655 E0.97817
G1 X191.173 Y223.390 Z25.940 E0.93785
G1 X190.442 Y223.101 Z26.107 E0.90176
G1 X189.721 Y222.789 Z26.145 E0.88290
G1 X189.010 Y222.455 Z26.051 E0.88823
G1 X188.310 Y222.098 Z25.834 E0.91485
G1 X187.621 Y221.720 Z25.515 E0.95168
G1 X186.945 Y221.320 Z25.124 E0.98509
G1 X186.281 Y220.900 Z24.697 E1.00398
G1 X185.631 Y220.458 Z24.272 E1.00253
G1 X184.996 Y219.997 Z23.889 E0.98117
G1 X184.375 Y219.515 Z23.583 E0.94654
G1 X183.769 Y219.015 Z23.382 E0.91030
G1 X183.180 Y218.495 Z23.305 E0.88608
G1 X182.607 Y217.958 Z23.361 E0.88412
G1 X182.051 Y217.402 Z23.545 E0.90594
G1 X181.513 Y216.830 Z23.844 E0.94343
G1 X180.994 Y216.241 Z24.231 E0.98326
G1 X180.493 Y215.635 Z24.675 E1.01253
G1 X180.011 Y215.015 Z25.136 E1.02258
G1 X179.549 Y214.379 Z25.575 E1.01057
G1 X179.107 Y213.730 Z25.956 E0.97989
G1 X178.686 Y213.066 Z26.245 E0.93970
G1 X178.286 Y212.390 Z26.418 E0.90312
G1 X177.908 Y211.702 Z26.462 E0.88326
G1 X177.551 Y211.002 Z26.374 E0.88747
G1 X177.216 Y210.291 Z26.162 E0.91331
G1 X176.904 Y209.570 Z25.847 E0.94997
G1 X176.615 Y208.840 Z25.459 E0.98381
G1 X176.349 Y208.101 Z25.032 E1.00354
G1 X176.106 Y207.353 Z24.606 E1.00306
G1 X175.887 Y206.599 Z24.221 E0.98251
G1 X175.691 Y205.838 Z23.910 E0.94826
G1 X175.520 Y205.071 Z23.704 E0.91179
G1 X175.373 Y204.300 Z23.621 E0.88675
G1 X175.250 Y203.524 Z23.671 E0.88366
G1 X175.151 Y202.744 Z23.850 E0.90451
G1 X175.077 Y201.962 Z24.144 E0.94156
G1 X175.028 Y201.178 Z24.528 E0.98158
G1 X175.003 Y200.393 Z24.969 E1.01157
G1 X175.003 Y199.607 Z25.431 E1.02260
G1 X175.028 Y198.822 Z25.872 E1.01157
G1 X175.077 Y198.038 Z26.256 E0.98158
G1 X175.151 Y197.256 Z26.550 E0.94156
G1 X175.250 Y196.476 Z26.729 E0.90451
G1 X175.373 Y195.700 Z26.779 E0.88366
G1 X175.520 Y194.929 Z26.696 E0.88675
G1 X175.691 Y194.162 Z26.490 E0.91179
G1 X175.887 Y193.401 Z26.179 E0.94826
G1 X176.106 Y192.647 Z25.794 E0.98251
G1 X176.349 Y191.899 Z25.368 E1.00306
G1 X176.615 Y191.160 Z24.941 E1.00354
G1 X176.904 Y190.430 Z24.553 E0.98381
G1 X177.216 Y189.709 Z24.238 E0.94997
G1 X177.551 Y188.998 Z24.026 E0.91331
G1 X177.908 Y188.298 Z23.938 E0.88747
G1 X178.286 Y187.610 Z23.982 E0.88326
G1 X178.686 Y186.934 Z24.155 E0.90312
G1 X179.107 Y186.270 Z24.444 E0.93970
G1 X179.549 Y185.621 Z24.825 E0.97989
G1 X180.011 Y184.985 Z25.264 E1.01057
G1 X180.493 Y184.365 Z25.725 E1.02258
G1 X180.994 Y183.759 Z26.169 E1.01253
G1 X181.513 Y183.170 Z26.556 E0.98326
G1 X182.051 Y182.598 Z26.855 E0.94343
G1 X182.607 Y182.042 Z27.039 E0.90594
G1 X183.180 Y181.505 Z27.095 E0.88412
G1 X183.769 Y180.985 Z27.018 E0.88608
G1 X184.375 Y180.485 Z26.817 E0.91030
G1 X184.996 Y180.003 Z26.511 E0.94654
G1 X185.631 Y179.542 Z26.128 E0.98117
G1 X186.281 Y179.100 Z25.703 E1.00253
G1 X186.945 Y178.680 Z25.276 E1.00398
G1 X187.621 Y178.280 Z24.885 E0.98509
G1 X188.310 Y177.902 Z24.566 E0.95168
G1 X189.010 Y177.545 Z24.349 E0.91485
G1 X189.721 Y177.211 Z24.255 E0.88823
G1 X190.442 Y176.899 Z24.293 E0.88290
G1 X191.173 Y176.610 Z24.460 E0.90176
G1 X191.912 Y176.345 Z24.745 E0.93785
G1 X192.659 Y176.102 Z25.122 E0.97817
G1 X193.414 Y175.883 Z25.559 E1.00952
G1 X194.175 Y175.688 Z26.020 E1.02251
G1 X194.941 Y175.517 Z26.465 E1.01345
G1 X195.713 Y175.370 Z26.856 E0.98491
G1 X196.489 Y175.248 Z27.159 E0.94531
G1 X197.269 Y175.150 Z27.349 E0.90740
G1 X198.051 Y175.076 Z27.411 E0.88462
G1 X198.835 Y175.027 Z27.341 E0.88545
G1 X199.620 Y175.003 Z27.145 E0.90884
G1 X200.406 Y175.003 Z26.843 E0.94482
G1 X201.191 Y175.028 Z26.463 E0.97981
G1 X201.975 Y175.078 Z26.039 E1.00196
G1 X202.757 Y175.153 Z25.611 E1.00438
G1 X203.537 Y175.251 Z25.217 E0.98633
G1 X204.313 Y175.375 Z24.894 E0.95338
G1 X205.084 Y175.522 Z24.672 E0.91641
G1 X205.851 Y175.694 Z24.572 E0.88905
G1 X206.612 Y175.890 Z24.604 E0.88260
G1 X207.366 Y176.110 Z24.766 E0.90044
G1 X208.113 Y176.353 Z25.045 E0.93600
G1 X208.852 Y176.620 Z25.419 E0.97644
G1 X209.582 Y176.909 Z25.854 E1.00844
G1 X210.303 Y177.222 Z26.315 E1.02239
G1 X211.014 Y177.557 Z26.762 E1.01433
G1 X211.713 Y177.914 Z27.155 E0.98653
G1 X212.402 Y178.293 Z27.463 E0.94718
G1 X213.078 Y178.693 Z27.659 E0.90889
G1 X213.741 Y179.115 Z27.727 E0.88518
G1 X214.390 Y179.557 Z27.662 E0.88488
G1 X215.025 Y180.019 Z27.472 E0.90740
G1 X215.646 Y180.501 Z27.174 E0.94310
G1 X216.251 Y181.002 Z26.797 E0.97842
G1 X216.840 Y181.522 Z26.374 E1.00135
G1 X217.412 Y182.060 Z25.945 E1.00473
G1 X217.967 Y182.616 Z25.550 E0.98754
G1 X218.504 Y183.190 Z25.223 E0.95506
G1 X219.023 Y183.779 Z24.996 E0.91799
G1 X219.524 Y184.385 Z24.890 E0.88990
G1 X220.005 Y185.006 Z24.915 E0.88236
G1 X220.466 Y185.642 Z25.071 E0.89916
G1 X220.907 Y186.292 Z25.346 E0.93417
G1 X221.327 Y186.956 Z25.716 E0.97469
G1 X221.727 Y187.633 Z26.149 E1.00732
G1 X222.104 Y188.321 Z26.610 E1.02223
G1 X222.461 Y189.022 Z27.058 E1.01517
G1 X222.794 Y189.733 Z27.455 E0.98813
G1 X223.106 Y190.454 Z27.767 E0.94906
G1 X223.394 Y191.185 Z27.969 E0.91042
G1 X223.660 Y191.924 Z28.043 E0.88579
G1 X223.902 Y192.672 Z27.984 E0.88435
G1 X224.120 Y193.426 Z27.799 E0.90599
G1 X224.315 Y194.187 Z27.506 E0.94138
G1 X224.486 Y194.954 Z27.131 E0.97700
G1 X224.632 Y195.726 Z26.710 E1.00070
G1 X224.754 Y196.502 Z26.280 E1.00504
G1 X224.852 Y197.282 Z25.882 E0.98872
G1 X224.925 Y198.064 Z25.552 E0.95674
G1 X224.973 Y198.848 Z25.320 E0.91959
G1 X224.997 Y199.633 Z25.208 E0.89080
G1 X224.996 Y200.419 Z25.227 E0.88216
G1 X224.971 Y201.204 Z25.377 E0.89792
G1 X224.921 Y201.988 Z25.647 E0.93234
G1 X224.846 Y202.770 Z26.013 E0.97292
G1 X224.747 Y203.550 Z26.445 E1.00616
G1 X224.623 Y204.325 Z26.905 E1.02202
G1 X224.475 Y205.097 Z27.354 E1.01597
G1 X224.303 Y205.864 Z27.754 E0.98971
G1 X224.106 Y206.624 Z28.071 E0.95094
G1 X223.886 Y207.378 Z28.278 E0.91197
G1 X223.643 Y208.125 Z28.358 E0.88645
G1 X223.376 Y208.864 Z28.305 E0.88387
G1 X223.086 Y209.594 Z28.126 E0.90460
G1 X222.773 Y210.315 Z27.837 E0.93965
G1 X222.437 Y211.025 Z27.465 E0.97556
G1 X222.080 Y211.725 Z27.045 E1.00000
G1 X221.701 Y212.413 Z26.615 E1.00531
G1 X221.300 Y213.089 Z26.215 E0.98987
G1 X220.878 Y213.751 Z25.881 E0.95841
G1 X220.436 Y214.401 Z25.643 E0.92121
G1 X219.973 Y215.036 Z25.526 E0.89175
G1 X219.491 Y215.656 Z25.539 E0.88202
G1 X218.989 Y216.261 Z25.684 E0.89672
G1 X218.469 Y216.849 Z25.948 E0.93053
G1 X217.930 Y217.421 Z26.310 E0.97113
G1 X217.374 Y217.976 Z26.740 E1.00497
G1 X216.801 Y218.513 Z27.199 E1.02176
G1 X216.211 Y219.032 Z27.650 E1.01672
G1 X215.605 Y219.532 Z28.053 E0.99126
G1 X214.983 Y220.012 Z28.375 E0.95282
G1 X214.347 Y220.473 Z28.587 E0.91355
G1 X213.697 Y220.914 Z28.673 E0.88716
G1 X213.033 Y221.334 Z28.626 E0.88345
G1 X212.356 Y221.733 Z28.452 E0.90325
G1 X211.667 Y222.111 Z28.168 E0.93793
G1 X210.967 Y222.466 Z27.799 E0.97409
G1 X210.255 Y222.800 Z27.381 E0.99927
G1 X209.534 Y223.111 Z26.950 E1.00553
G1 X208.803 Y223.399 Z26.548 E0.99098
G1 X208.063 Y223.664 Z26.210 E0.96007
G1 X207.316 Y223.906 Z25.968 E0.92284
G1 X206.561 Y224.124 Z25.844 E0.89273
G1 X205.800 Y224.318 Z25.851 E0.88193
G1 X205.033 Y224.488 Z25.990 E0.89556
G1 X204.261 Y224.634 Z26.250 E0.92874
G1 X203.485 Y224.756 Z26.608 E0.96933
G1 X202.705 Y224.853 Z27.035 E1.00374
G1 X201.923 Y224.926 Z27.494 E1.02146
G1 X201.139 Y224.974 Z27.946 E1.01743
G1 X200.354 Y224.998 Z28.352 E0.99278
G1 X199.568 Y224.996 Z28.678 E0.95469
G1 X198.783 Y224.970 Z28.896 E0.91516
G1 X197.999 Y224.920 Z28.988 E0.88791
G1 X197.217 Y224.845 Z28.947 E0.88307
G1 X196.437 Y224.745 Z28.779 E0.90193
G1 X195.662 Y224.621 Z28.499 E0.93621
G1 X194.890 Y224.472 Z28.133 E0.97260
G1 X194.124 Y224.300 Z27.716 E0.99849
G1 X193.363 Y224.103 Z27.286 E1.00570
G1 X192.609 Y223.883 Z26.881 E0.99206
G1 X191.862 Y223.638 Z26.539 E0.96171
G1 X191.124 Y223.371 Z26.292 E0.92449
G1 X190.394 Y223.081 Z26.163 E0.89376
G1 X189.673 Y222.767 Z26.164 E0.88189
G1 X188.963 Y222.432 Z26.297 E0.89444
G1 X188.263 Y222.074 Z26.551 E0.92695
G1 X187.576 Y221.694 Z26.906 E0.96752
G1 X186.900 Y221.293 Z27.330 E1.00247
G1 X186.238 Y220.871 Z27.789 E1.02110
G1 X185.589 Y220.428 Z28.242 E1.01809
G1 X184.954 Y219.965 Z28.651 E0.99427
G1 X184.334 Y219.483 Z28.981 E0.95657
G1 X183.729 Y218.981 Z29.204 E0.91680
G1 X183.141 Y218.460 Z29.302 E0.88872
G1 X182.569 Y217.921 Z29.268 E0.88275
G1 X182.015 Y217.365 Z29.105 E0.90065
G1 X181.478 Y216.791 Z28.829 E0.93449
G1 X180.960 Y216.201 Z28.467 E0.97108
G1 X180.460 Y215.595 Z28.052 E0.99768
G1 X179.980 Y214.973 Z27.621 E1.00584
G1 X179.519 Y214.336 Z27.214 E0.99310
G1 X179.079 Y213.686 Z26.869 E0.96333
G1 X178.659 Y213.022 Z26.617 E0.92616
G1 X178.260 Y212.345 Z26.481 E0.89483
G1 X177.883 Y211.656 Z26.477 E0.88191
G1 X177.528 Y210.955 Z26.604 E0.89336
G1 X177.195 Y210.243 Z26.853 E0.92519
G1 X176.884 Y209.522 Z27.203 E0.96569
G1 X176.596 Y208.791 Z27.626 E1.00117
G1 X176.332 Y208.051 Z28.084 E1.02071
G1 X176.091 Y207.303 Z28.538 E1.01871
G1 X175.873 Y206.548 Z28.950 E0.99573
G1 X175.679 Y205.787 Z29.284 E0.95843
G1 X175.509 Y205.020 Z29.513 E0.91846
G1 X175.364 Y204.248 Z29.616 E0.88957
G1 X175.242 Y203.472 Z29.588 E0.88248
G1 X175.145 Y202.692 Z29.431 E0.89939
G1 X175.073 Y201.910 Z29.160 E0.93278
G1 X175.025 Y201.126 Z28.801 E0.96955
G1 X175.002 Y200.340 Z28.387 E0.99682
G1 X175.004 Y199.555 Z27.956 E1.00592
G1 X175.030 Y198.770 Z27.547 E0.99410
G1 X175.081 Y197.986 Z27.198 E0.96494
G1 X175.157 Y197.204 Z26.941 E0.92783
G1 X175.257 Y196.424 Z26.801 E0.89594
G1 X175.382 Y195.649 Z26.790 E0.88198
G1 X175.530 Y194.877 Z26.911 E0.89233
G1 X175.703 Y194.111 Z27.155 E0.92344
G1 X175.901 Y193.351 Z27.501 E0.96385
G1 X176.121 Y192.597 Z27.921 E0.99983
G1 X176.366 Y191.850 Z28.378 E1.02026
G1 X176.634 Y191.111 Z28.833 E1.01929
G1 X176.924 Y190.382 Z29.248 E0.99717
G1 X177.238 Y189.661 Z29.587 E0.96030
G1 X177.574 Y188.951 Z29.821 E0.92014
G1 X177.932 Y188.252 Z29.930 E0.89047
G1 X178.312 Y187.564 Z29.908 E0.88225
G1 X178.714 Y186.889 Z29.756 E0.89818
G1 X179.136 Y186.227 Z29.490 E0.93108
G1 X179.579 Y185.578 Z29.135 E0.96799
G1 X180.043 Y184.943 Z28.722 E0.99593
G1 X180.526 Y184.324 Z28.291 E1.00597
G1 X181.028 Y183.720 Z27.881 E0.99507
G1 X181.549 Y183.131 Z27.528 E0.96654
G1 X182.088 Y182.560 Z27.267 E0.92952
G1 X182.645 Y182.006 Z27.120 E0.89708
G1 X183.219 Y181.469 Z27.103 E0.88210
G1 X183.809 Y180.951 Z27.218 E0.89134
G1 X184.416 Y180.452 Z27.457 E0.92172
G1 X185.038 Y179.972 Z27.800 E0.96201
G1 X185.674 Y179.512 Z28.217 E0.99846
G1 X186.325 Y179.072 Z28.673 E1.01978
G1 X186.989 Y178.652 Z29.129 E1.01982
G1 X187.667 Y178.254 Z29.546 E0.99857
G1 X188.356 Y177.877 Z29.889 E0.96215
G1 X189.057 Y177.522 Z30.128 E0.92185
G1 X189.769 Y177.190 Z30.244 E0.89142
G1 X190.490 Y176.879 Z30.228 E0.88209
G1 X191.222 Y176.592 Z30.082 E0.89700
G1 X191.961 Y176.328 Z29.820 E0.92939
G1 X192.709 Y176.087 Z29.468 E0.96641
G1 X193.464 Y175.869 Z29.058 E0.99499
G1 X194.226 Y175.676 Z28.627 E1.00596
G1 X194.993 Y175.507 Z28.214 E0.99600
G1 X195.765 Y175.361 Z27.858 E0.96811
G1 X196.541 Y175.240 Z27.592 E0.93121
G1 X197.321 Y175.144 Z27.440 E0.89827
G1 X198.103 Y175.072 Z27.417 E0.88227
G1 X198.887 Y175.025 Z27.526 E0.89040
G1 X199.673 Y175.002 Z27.760 E0.92001
G1 X200.458 Y175.004 Z28.098 E0.96015
G1 X201.243 Y175.031 Z28.512 E0.99706
G1 X202.027 Y175.082 Z28.968 E1.01924
G1 X202.809 Y175.158 Z29.425 E1.02030
G1 X203.589 Y175.259 Z29.845 E0.99993
G1 X204.364 Y175.384 Z30.191 E0.96400
G1 X205.135 Y175.533 Z30.436 E0.92358
G1 X205.902 Y175.707 Z30.557 E0.89241
G1 X206.662 Y175.904 Z30.547 E0.88197
G1 X207.416 Y176.125 Z30.407 E0.89585
G1 X208.162 Y176.370 Z30.150 E0.92770
G1 X208.901 Y176.638 Z29.802 E0.96482
G1 X209.631 Y176.929 Z29.393 E0.99402
G1 X210.351 Y177.243 Z28.962 E1.00592
G1 X211.061 Y177.580 Z28.548 E0.99689
G1 X211.760 Y177.938 Z28.189 E0.96967
G1 X212.447 Y178.319 Z27.918 E0.93292
G1 X213.122 Y178.721 Z27.760 E0.89949
G1 X213.784 Y179.144 Z27.731 E0.88249
G1 X214.433 Y179.587 Z27.834 E0.88950
G1 X215.067 Y180.050 Z28.062 E0.91833
G1 X215.686 Y180.534 Z28.396 E0.95829
G1 X216.290 Y181.036 Z28.808 E0.99562
G1 X216.878 Y181.558 Z29.262 E1.01866
G1 X217.449 Y182.097 Z29.720 E1.02074
G1 X218.003 Y182.654 Z30.142 E1.00127
G1 X218.539 Y183.228 Z30.493 E0.96583
G1 X219.057 Y183.819 Z30.743 E0.92532
G1 X219.556 Y184.426 Z30.871 E0.89344
G1 X220.036 Y185.048 Z30.866 E0.88190
G1 X220.496 Y185.685 Z30.731 E0.89475
G1 X220.936 Y186.336 Z30.480 E0.92603
G1 X221.355 Y187.001 Z30.135 E0.96321
G1 X221.752 Y187.678 Z29.728 E0.99302
G1 X222.129 Y188.368 Z29.297 E1.00583
G1 X222.483 Y189.069 Z28.882 E0.99774
G1 X222.816 Y189.781 Z28.519 E0.97120
G1 X223.126 Y190.503 Z28.243 E0.93463
G1 X223.413 Y191.234 Z28.080 E0.90074
G1 X223.677 Y191.974 Z28.045 E0.88277
G1 X223.917 Y192.722 Z28.142 E0.88865
G1 X224.134 Y193.477 Z28.365 E0.91667
G1 X224.327 Y194.238 Z28.695 E0.95642
G1 X224.496 Y195.006 Z29.104 E0.99416
G1 X224.641 Y195.778 Z29.557 E1.01804
G1 X224.761 Y196.554 Z30.015 E1.02113
G1 X224.857 Y197.334 Z30.440 E1.00257
G1 X224.929 Y198.116 Z30.795 E0.96766
G1 X224.976 Y198.900 Z31.050 E0.92709
G1 X224.998 Y199.686 Z31.183 E0.89452
G1 X224.996 Y200.471 Z31.185 E0.88189
G1 X224.968 Y201.257 Z31.056 E0.89368
G1 X224.917 Y202.040 Z30.809 E0.92437
G1 X224.840 Y202.822 Z30.468 E0.96158
G1 X224.739 Y203.601 Z30.063 E0.99197
G1 X224.614 Y204.377 Z29.633 E1.00569
G1 X224.464 Y205.148 Z29.215 E0.99855
G1 X224.290 Y205.914 Z28.850 E0.97271
G1 X224.092 Y206.675 Z28.569 E0.93634
G1 X223.871 Y207.428 Z28.401 E0.90203
G1 X223.626 Y208.175 Z28.359 E0.88310
G1 X223.357 Y208.913 Z28.451 E0.88785
G1 X223.066 Y209.643 Z28.668 E0.91504
G1 X222.751 Y210.363 Z28.994 E0.95455
G1 X222.414 Y211.072 Z29.400 E0.99266
G1 X222.055 Y211.771 Z29.852 E1.01737
G1 X221.675 Y212.458 Z30.311 E1.02148
G1 X221.272 Y213.133 Z30.738 E1.00383
G1 X220.849 Y213.795 Z31.097 E0.96947
G1 X220.406 Y214.444 Z31.357 E0.92887
G1 X219.942 Y215.078 Z31.496 E0.89565
G1 X219.458 Y215.697 Z31.504 E0.88193
G1 X218.955 Y216.300 Z31.380 E0.89266
G1 X218.434 Y216.888 Z31.139 E0.92272
G1 X217.894 Y217.459 Z30.801 E0.95994
G1 X217.337 Y218.012 Z30.398 E0.99090
G1 X216.762 Y218.548 Z29.968 E1.00551
G1 X216.171 Y219.066 Z29.549 E0.99932
G1 X215.564 Y219.564 Z29.181 E0.97420
G1 X214.941 Y220.044 Z28.896 E0.93806
G1 X214.304 Y220.503 Z28.721 E0.90336
G1 X213.653 Y220.943 Z28.674 E0.88348
G1 X212.988 Y221.361 Z28.760 E0.88710
G1 X212.311 Y221.759 Z28.972 E0.91343
G1 X211.621 Y222.135 Z29.293 E0.95267
G1 X210.920 Y222.489 Z29.696 E0.99114
G1 X210.207 Y222.821 Z30.146 E1.01666
G1 X209.485 Y223.131 Z30.606 E1.02178
G1 X208.754 Y223.417 Z31.036 E1.00506
G1 X208.014 Y223.681 Z31.398 E0.97127
G1 X207.266 Y223.921 Z31.663 E0.93067
G1 X206.511 Y224.137 Z31.808 E0.89681
G1 X205.749 Y224.330 Z31.822 E0.88203
G1 X204.982 Y224.499 Z31.705 E0.89167
G1 X204.209 Y224.643 Z31.468 E0.92108
G1 X203.433 Y224.763 Z31.134 E0.95828
G1 X202.653 Y224.859 Z30.733 E0.98978
G1 X201.871 Y224.930 Z30.304 E1.00529
G1 X201.086 Y224.976 Z29.883 E1.00006
G1 X200.301 Y224.998 Z29.512 E0.97567
G1 X199.516 Y224.995 Z29.222 E0.93978
G1 X198.730 Y224.968 Z29.042 E0.90471
G1 X197.947 Y224.916 Z28.989 E0.88391
G1 X197.165 Y224.839 Z29.069 E0.88640
G1 X196.386 Y224.737 Z29.275 E0.91185
G1 X195.610 Y224.612 Z29.592 E0.95079
G1 X194.839 Y224.461 Z29.992 E0.98959
G1 X194.073 Y224.287 Z30.441 E1.01591
G1 X193.313 Y224.089 Z30.901 E1.02204
G1 X192.559 Y223.867 Z31.333 E1.00625
G1 X191.813 Y223.621 Z31.699 E0.97305
G1 X191.075 Y223.352 Z31.969 E0.93248
G1 X190.345 Y223.060 Z32.120 E0.89802
G1 X189.625 Y222.746 Z32.140 E0.88217
G1 X188.916 Y222.409 Z32.028 E0.89073
G1 X188.217 Y222.049 Z31.797 E0.91947
G1 X187.530 Y221.668 Z31.467 E0.95661
G1 X186.856 Y221.266 Z31.068 E0.98863
G1 X186.194 Y220.842 Z30.639 E1.00502
G1 X185.546 Y220.398 Z30.218 E1.00075
G1 X184.912 Y219.934 Z29.843 E0.97711
G1 X184.293 Y219.450 Z29.549 E0.94151
G1 X183.690 Y218.947 Z29.364 E0.90609
G1 X183.102 Y218.425 Z29.305 E0.88439
G1 X182.532 Y217.885 Z29.378 E0.88574
G1 X181.979 Y217.327 Z29.579 E0.91030
G1 X181.443 Y216.752 Z29.891 E0.94892
G1 X180.926 Y216.161 Z30.288 E0.98801
G1 X180.427 Y215.554 Z30.736 E1.01511
G1 X179.948 Y214.931 Z31.196 E1.02224
G1 X179.489 Y214.293 Z31.630 E1.00741
G1 X179.050 Y213.642 Z32.000 E0.97482
G1 X178.632 Y212.977 Z32.275 E0.93431
G1 X178.235 Y212.299 Z32.432 E0.89926
G1 X177.859 Y211.609 Z32.458 E0.88237
G1 X177.505 Y210.908 Z32.352 E0.88984
G1 X177.173 Y210.196 Z32.125 E0.91787
G1 X176.864 Y209.473 Z31.799 E0.95493
G1 X176.578 Y208.742 Z31.403 E0.98745
G1 X176.315 Y208.001 Z30.975 E1.00470
G1 X176.075 Y207.253 Z30.552 E1.00140
G1 X175.859 Y206.498 Z30.174 E0.97853
G1 X175.667 Y205.736 Z29.876 E0.94323
G1 X175.499 Y204.969 Z29.685 E0.90751
G1 X175.355 Y204.196 Z29.620 E0.88492
G1 X175.235 Y203.420 Z29.688 E0.88514
G1 X175.140 Y202.640 Z29.883 E0.90878
G1 X175.069 Y201.858 Z30.191 E0.94704
G1 X175.023 Y201.073 Z30.584 E0.98641
G1 X175.002 Y200.288 Z31.031 E1.01427
G1 X175.005 Y199.502 Z31.491 E1.02240
G1 X175.033 Y198.717 Z31.927 E1.00853
G1 X175.086 Y197.933 Z32.301 E0.97657
G1 X175.163 Y197.152 Z32.581 E0.93614
G1 X175.265 Y196.373 Z32.743 E0.90054
G1 X175.391 Y195.597 Z32.775 E0.88262
G1 X175.541 Y194.826 Z32.675 E0.88898
G1 X175.716 Y194.060 Z32.454 E0.91629
G1 X175.915 Y193.300 Z32.132 E0.95325
G1 X176.137 Y192.547 Z31.738 E0.98624
G1 X176.383 Y191.800 Z31.310 E1.00435
G1 X176.652 Y191.062 Z30.886 E1.00201
G1 X176.945 Y190.333 Z30.506 E0.97991
G1 X177.260 Y189.614 Z30.203 E0.94496
G1 X177.597 Y188.904 Z30.007 E0.90895
G1 X177.957 Y188.206 Z29.936 E0.88550
G1 X178.338 Y187.519 Z29.998 E0.88458
G1 X178.741 Y186.844 Z30.187 E0.90729
G1 X179.165 Y186.183 Z30.490 E0.94516
G1 X179.610 Y185.535 Z30.881 E0.98478
G1 X180.074 Y184.902 Z31.325 E1.01338
G1 X180.558 Y184.283 Z31.786 E1.02252
G1 X181.062 Y183.680 Z32.224 E1.00961
G1 X181.584 Y183.093 Z32.602 E0.97831
G1 X182.124 Y182.523 Z32.886 E0.93799
G1 X182.682 Y181.969 Z33.054 E0.90187
G1 X183.257 Y181.434 Z33.093 E0.88293
G1 X183.849 Y180.917 Z32.999 E0.88817
G1 X184.457 Y180.419 Z32.782 E0.91473
G1 X185.080 Y179.941 Z32.464 E0.95155
G1 X185.717 Y179.482 Z32.073 E0.98499
G1 X186.369 Y179.043 Z31.646 E1.00395
G1 X187.034 Y178.625 Z31.221 E1.00257
G1 X187.712 Y178.228 Z30.837 E0.98128
G1 X188.402 Y177.853 Z30.531 E0.94668
G1 X189.104 Y177.499 Z30.329 E0.91042
G1 X189.816 Y177.168 Z30.252 E0.88613
G1 X190.539 Y176.859 Z30.308 E0.88408
G1 X191.271 Y176.574 Z30.492 E0.90583
G1 X192.011 Y176.311 Z30.790 E0.94329
G1 X192.759 Y176.072 Z31.177 E0.98313
G1 X193.515 Y175.856 Z31.620 E1.01246
G1 X194.277 Y175.664 Z32.081 E1.02258
G1 X195.044 Y175.496 Z32.521 E1.01065
G1 X195.816 Y175.353 Z32.902 E0.98002
G1 X196.593 Y175.233 Z33.191 E0.93985
G1 X197.373 Y175.138 Z33.365 E0.90323
G1 X198.155 Y175.068 Z33.409 E0.88328
G1 X198.940 Y175.022 Z33.321 E0.88741
G1 X199.725 Y175.002 Z33.110 E0.91319
G1 X200.511 Y175.005 Z32.796 E0.94984
G1 X201.296 Y175.034 Z32.408 E0.98371
G1 X202.080 Y175.087 Z31.981 E1.00350
G1 X202.861 Y175.164 Z31.555 E1.00309
G1 X203.640 Y175.266 Z31.169 E0.98261
G1 X204.416 Y175.393 Z30.858 E0.94839
G1 X205.187 Y175.544 Z30.652 E0.91191
G1 X205.953 Y175.719 Z30.569 E0.88680
G1 X206.713 Y175.918 Z30.618 E0.88363
G1 X207.466 Y176.141 Z30.797 E0.90440
G1 X208.212 Y176.387 Z31.090 E0.94142
G1 X208.950 Y176.657 Z31.474 E0.98145
G1 X209.679 Y176.950 Z31.915 E1.01149
G1 X210.398 Y177.265 Z32.376 E1.02260
G1 X211.108 Y177.603 Z32.818 E1.01164
G1 X211.806 Y177.963 Z33.202 E0.98171
G1 X212.492 Y178.345 Z33.496 E0.94171
G1 X213.167 Y178.748 Z33.676 E0.90462
G1 X213.828 Y179.172 Z33.726 E0.88369
G1 X214.476 Y179.617 Z33.644 E0.88670
G1 X215.109 Y180.082 Z33.438 E0.91168
G1 X215.727 Y180.567 Z33.128 E0.94813
G1 X216.330 Y181.070 Z32.742 E0.98241
G1 X216.917 Y181.593 Z32.317 E1.00302
G1 X217.487 Y182.134 Z31.890 E1.00357
G1 X218.040 Y182.692 Z31.501 E0.98391
G1 X218.575 Y183.267 Z31.186 E0.95010
G1 X219.091 Y183.859 Z30.974 E0.91343
G1 X219.589 Y184.467 Z30.885 E0.88753
G1 X220.067 Y185.090 Z30.929 E0.88323
G1 X220.526 Y185.728 Z31.102 E0.90301
G1 X220.964 Y186.380 Z31.390 E0.93956
G1 X221.382 Y187.045 Z31.771 E0.97976
G1 X221.778 Y187.724 Z32.210 E1.01049
G1 X222.153 Y188.414 Z32.671 E1.02258
G1 X222.506 Y189.116 Z33.115 E1.01260
G1 X222.837 Y189.828 Z33.502 E0.98338
G1 X223.146 Y190.551 Z33.801 E0.94358
G1 X223.431 Y191.283 Z33.986 E0.90605
G1 X223.693 Y192.023 Z34.043 E0.88415
G1 X223.932 Y192.772 Z33.966 E0.88603
G1 X224.148 Y193.527 Z33.766 E0.91019
G1 X224.339 Y194.289 Z33.460 E0.94641
G1 X224.506 Y195.057 Z33.077 E0.98107
G1 X224.650 Y195.829 Z32.652 E1.00249
G1 X224.769 Y196.606 Z32.225 E1.00401
G1 X224.863 Y197.386 Z31.833 E0.98518
G1 X224.933 Y198.168 Z31.514 E0.95181
G1 X224.978 Y198.953 Z31.297 E0.91497
G1 X224.999 Y199.738 Z31.202 E0.88830
G1 X224.995 Y200.524 Z31.240 E0.88288
G1 X224.966 Y201.309 Z31.407 E0.90166
G1 X224.912 Y202.093 Z31.691 E0.93771
G1 X224.834 Y202.874 Z32.068 E0.97804
G1 X224.732 Y203.653 Z32.505 E1.00944
G1 X224.605 Y204.429 Z32.966 E1.02250
G1 X224.453 Y205.200 Z33.411 E1.01352
G1 X224.278 Y205.965 Z33.802 E0.98503
G1 X224.078 Y206.725 Z34.106 E0.94545
G1 X223.855 Y207.478 Z34.296 E0.90751
G1 X223.608 Y208.224 Z34.359 E0.88466
G1 X223.338 Y208.962 Z34.288 E0.88541
G1 X223.045 Y209.691 Z34.093 E0.90872
G1 X222.729 Y210.410 Z33.791 E0.94469
G1 X222.391 Y211.119 Z33.411 E0.97970
G1 X222.031 Y211.817 Z32.988 E1.00191
G1 X221.648 Y212.504 Z32.559 E1.00441
G1 X221.245 Y213.178 Z32.166 E0.98643
G1 X220.820 Y213.839 Z31.843 E0.95351
G1 X220.375 Y214.486 Z31.620 E0.91653
G1 X219.910 Y215.119 Z31.520 E0.88911
G1 X219.425 Y215.737 Z31.551 E0.88258
G1 X218.921 Y216.340 Z31.712 E0.90034
G1 X218.398 Y216.926 Z31.991 E0.93586
G1 X217.857 Y217.496 Z32.365 E0.97631
G1 X217.299 Y218.049 Z32.800 E1.00836
G1 X216.723 Y218.583 Z33.261 E1.02238
G1 X216.131 Y219.100 Z33.707 E1.01440
G1 X215.523 Y219.597 Z34.102 E0.98666
G1 X214.899 Y220.075 Z34.410 E0.94733
G1 X214.261 Y220.533 Z34.606 E0.90901
G1 X213.609 Y220.971 Z34.675 E0.88523
G1 X212.943 Y221.389 Z34.610 E0.88484
G1 X212.265 Y221.785 Z34.420 E0.90729
G1 X211.574 Y222.159 Z34.123 E0.94297
G1 X210.872 Y222.512 Z33.746 E0.97831
G1 X210.160 Y222.843 Z33.323 E1.00130
G1 X209.437 Y223.150 Z32.894 E1.00476
G1 X208.705 Y223.436 Z32.498 E0.98764
G1 X207.964 Y223.698 Z32.171 E0.95519
G1 X207.216 Y223.936 Z31.944 E0.91811
G1 X206.460 Y224.151 Z31.837 E0.88997
G1 X205.698 Y224.342 Z31.862 E0.88234
G1 X204.930 Y224.509 Z32.018 E0.89907
G1 X204.158 Y224.652 Z32.292 E0.93403
G1 X203.381 Y224.770 Z32.662 E0.97455
G1 X202.601 Y224.864 Z33.095 E1.00723
G1 X201.819 Y224.934 Z33.556 E1.02221
G1 X201.034 Y224.979 Z34.004 E1.01523
G1 X200.249 Y224.999 Z34.401 E0.98826
G1 X199.463 Y224.994 Z34.714 E0.94920
G1 X198.678 Y224.965 Z34.916 E0.91053
G1 X197.894 Y224.911 Z34.990 E0.88584
G1 X197.113 Y224.833 Z34.932 E0.88431
G1 X196.334 Y224.730 Z34.747 E0.90588
G1 X195.559 Y224.602 Z34.454 E0.94124
G1 X194.788 Y224.451 Z34.080 E0.97689
G1 X194.022 Y224.275 Z33.659 E1.00064
G1 X193.262 Y224.075 Z33.229 E1.00506
G1 X192.509 Y223.851 Z32.831 E0.98881
G1 X191.763 Y223.604 Z32.500 E0.95687
G1 X191.026 Y223.334 Z32.267 E0.91972
G1 X190.297 Y223.040 Z32.155 E0.89087
G1 X189.578 Y222.724 Z32.174 E0.88215
G1 X188.869 Y222.385 Z32.324 E0.89783
G1 X188.171 Y222.024 Z32.593 E0.93220
G1 X187.485 Y221.642 Z32.959 E0.97278
G1 X186.811 Y221.238 Z33.390 E1.00607
G1 X186.150 Y220.813 Z33.850 E1.02200
G1 X185.503 Y220.368 Z34.300 E1.01602
G1 X184.870 Y219.902 Z34.700 E0.98983
G1 X184.252 Y219.417 Z35.018 E0.95108
G1 X183.650 Y218.912 Z35.225 E0.91209
G1 X183.064 Y218.389 Z35.305 E0.88650
G1 X182.494 Y217.848 Z35.253 E0.88384
G1 X181.942 Y217.289 Z35.074 E0.90450
G1 X181.408 Y216.713 Z34.785 E0.93952
G1 X180.892 Y216.121 Z34.414 E0.97544
G1 X180.395 Y215.513 Z33.994 E0.99995
G1 X179.917 Y214.889 Z33.564 E1.00532
G1 X179.459 Y214.250 Z33.164 E0.98996
G1 X179.022 Y213.598 Z32.829 E0.95854
G1 X178.605 Y212.932 Z32.591 E0.92134
G1 X178.209 Y212.253 Z32.473 E0.89182
G1 X177.835 Y211.563 Z32.486 E0.88201
G1 X177.482 Y210.861 Z32.630 E0.89663
G1 X177.152 Y210.148 Z32.894 E0.93039
G1 X176.845 Y209.425 Z33.256 E0.97099
G1 X176.560 Y208.693 Z33.686 E1.00487
G1 X176.298 Y207.952 Z34.145 E1.02174
G1 X176.060 Y207.203 Z34.596 E1.01677
G1 X175.846 Y206.447 Z34.999 E0.99138
G1 X175.655 Y205.685 Z35.321 E0.95296
G1 X175.488 Y204.917 Z35.534 E0.91367
G1 X175.346 Y204.145 Z35.620 E0.88721
G1 X175.228 Y203.368 Z35.574 E0.88342
G1 X175.134 Y202.588 Z35.401 E0.90315
G1 X175.065 Y201.805 Z35.116 E0.93780
G1 X175.021 Y201.021 Z34.748 E0.97397
G1 X175.001 Y200.236 Z34.330 E0.99921
G1 X175.006 Y199.450 Z33.899 E1.00554
G1 X175.036 Y198.665 Z33.496 E0.99106
G1 X175.090 Y197.881 Z33.158 E0.96019
G1 X175.169 Y197.100 Z32.916 E0.92297
G1 X175.272 Y196.321 Z32.792 E0.89281
G1 X175.400 Y195.546 Z32.798 E0.88192
G1 X175.552 Y194.775 Z32.937 E0.89547
G1 X175.728 Y194.009 Z33.196 E0.92860
G1 X175.929 Y193.250 Z33.554 E0.96919
G1 X176.153 Y192.497 Z33.981 E1.00364
G1 X176.400 Y191.751 Z34.440 E1.02143
G1 X176.671 Y191.014 Z34.892 E1.01748
G1 X176.965 Y190.285 Z35.298 E0.99290
G1 X177.282 Y189.566 Z35.624 E0.95484
G1 X177.621 Y188.857 Z35.843 E0.91529
G1 X177.982 Y188.160 Z35.935 E0.88797
G1 X178.365 Y187.474 Z35.895 E0.88305
G1 X178.769 Y186.800 Z35.727 E0.90183
G1 X179.194 Y186.139 Z35.447 E0.93608
G1 X179.640 Y185.492 Z35.082 E0.97248
G1 X180.106 Y184.860 Z34.665 E0.99843
G1 X180.591 Y184.242 Z34.234 E1.00571
G1 X181.096 Y183.640 Z33.829 E0.99214
G1 X181.620 Y183.054 Z33.487 E0.96183
G1 X182.161 Y182.485 Z33.240 E0.92462
G1 X182.720 Y181.933 Z33.110 E0.89384
G1 X183.296 Y181.399 Z33.111 E0.88189
G1 X183.889 Y180.884 Z33.243 E0.89435
G1 X184.498 Y180.387 Z33.497 E0.92682
G1 X185.122 Y179.909 Z33.852 E0.96738
G1 X185.760 Y179.452 Z34.276 E1.00237
G1 X186.413 Y179.014 Z34.735 E1.02108
G1 X187.079 Y178.598 Z35.188 E1.01814
G1 X187.758 Y178.202 Z35.597 E0.99439
G1 X188.449 Y177.829 Z35.928 E0.95671
G1 X189.151 Y177.477 Z36.151 E0.91692
G1 X189.864 Y177.147 Z36.250 E0.88878
G1 X190.587 Y176.840 Z36.215 E0.88273
G1 X191.320 Y176.555 Z36.053 E0.90055
G1 X192.061 Y176.294 Z35.778 E0.93436
G1 X192.809 Y176.056 Z35.416 E0.97097
G1 X193.565 Y175.842 Z35.001 E0.99761
G1 X194.328 Y175.652 Z34.570 E1.00584
G1 X195.095 Y175.486 Z34.163 E0.99317
G1 X195.868 Y175.344 Z33.817 E0.96346
G1 X196.645 Y175.226 Z33.565 E0.92628
G1 X197.425 Y175.133 Z33.429 E0.89491
G1 X198.208 Y175.064 Z33.424 E0.88191
G1 X198.992 Y175.020 Z33.550 E0.89328
G1 X199.777 Y175.001 Z33.799 E0.92505
G1 X200.563 Y175.006 Z34.149 E0.96555
G1 X201.348 Y175.036 Z34.571 E1.00106
G1 X202.132 Y175.091 Z35.029 E1.02068
G1 X202.913 Y175.170 Z35.484 E1.01876
G1 X203.692 Y175.274 Z35.896 E0.99584
G1 X204.467 Y175.402 Z36.230 E0.95858
G1 X205.238 Y175.555 Z36.459 E0.91859
G1 X206.003 Y175.732 Z36.564 E0.88964
G1 X206.763 Y175.932 Z36.536 E0.88246
G1 X207.516 Y176.157 Z36.379 E0.89930
G1 X208.261 Y176.404 Z36.108 E0.93265
G1 X208.999 Y176.676 Z35.750 E0.96943
G1 X209.727 Y176.970 Z35.336 E0.99675
G1 X210.446 Y177.287 Z34.905 E1.00593
G1 X211.154 Y177.626 Z34.496 E0.99418
G1 X211.852 Y177.988 Z34.147 E0.96507
G1 X212.538 Y178.371 Z33.890 E0.92796
G1 X213.211 Y178.776 Z33.748 E0.89603
G1 X213.872 Y179.201 Z33.737 E0.88198
G1 X214.518 Y179.648 Z33.858 E0.89225
G1 X215.151 Y180.114 Z34.101 E0.92331
G1 X215.768 Y180.600 Z34.447 E0.96371
G1 X216.370 Y181.105 Z34.867 E0.99972
G1 X216.955 Y181.628 Z35.324 E1.02023
G1 X217.524 Y182.170 Z35.779 E1.01933
G1 X218.076 Y182.730 Z36.194 E0.99727
G1 X218.610 Y183.306 Z36.533 E0.96044
G1 X219.125 Y183.899 Z36.767 E0.92027
G1 X219.621 Y184.508 Z36.878 E0.89054
G1 X220.098 Y185.132 Z36.856 E0.88224
G1 X220.556 Y185.771 Z36.704 E0.89808
G1 X220.993 Y186.424 Z36.439 E0.93095
G1 X221.409 Y187.090 Z36.083 E0.96787
G1 X221.804 Y187.769 Z35.671 E0.99586
G1 X222.177 Y188.460 Z35.240 E1.00597
G1 X222.529 Y189.163 Z34.829 E0.99514
G1 X222.858 Y189.876 Z34.477 E0.96666
G1 X223.165 Y190.600 Z34.215 E0.92965
G1 X223.449 Y191.332 Z34.068 E0.89717
G1 X223.710 Y192.073 Z34.050 E0.88211
G1 X223.947 Y192.822 Z34.165 E0.89127
G1 X224.161 Y193.578 Z34.404 E0.92159
G1 X224.351 Y194.340 Z34.746 E0.96187
G1 X224.517 Y195.108 Z35.163 E0.99835
G1 X224.658 Y195.881 Z35.619 E1.01974
G1 X224.776 Y196.658 Z36.075 E1.01985
G1 X224.868 Y197.438 Z36.492 E0.99867
G1 X224.937 Y198.221 Z36.835 E0.96229
G1 X224.980 Y199.005 Z37.075 E0.92198
G1 X224.999 Y199.790 Z37.191 E0.89149
G1 X224.993 Y200.576 Z37.175 E0.88207
G1 X224.963 Y201.361 Z37.030 E0.89691
G1 X224.908 Y202.145 Z36.769 E0.92926
G1 X224.828 Y202.926 Z36.417 E0.96629
G1 X224.724 Y203.705 Z36.007 E0.99492
G1 X224.595 Y204.480 Z35.575 E1.00596
G1 X224.442 Y205.251 Z35.163 E0.99607
G1 X224.265 Y206.016 Z34.807 E0.96823
G1 X224.064 Y206.776 Z34.540 E0.93134
G1 X223.840 Y207.528 Z34.388 E0.89836
G1 X223.591 Y208.274 Z34.364 E0.88228
G1 X223.320 Y209.011 Z34.473 E0.89033
G1 X223.025 Y209.739 Z34.706 E0.91988
G1 X222.708 Y210.458 Z35.044 E0.96001
G1 X222.368 Y211.166 Z35.458 E0.99695
G1 X222.006 Y211.864 Z35.913 E1.01920
G1 X221.622 Y212.549 Z36.370 E1.02034
G1 X221.217 Y213.222 Z36.791 E1.00004
G1 X220.791 Y213.882 Z37.138 E0.96414
G1 X220.345 Y214.529 Z37.382 E0.92371
G1 X219.878 Y215.161 Z37.505 E0.89249
G1 X219.392 Y215.778 Z37.495 E0.88196
G1 X218.887 Y216.380 Z37.355 E0.89577
G1 X218.363 Y216.965 Z37.099 E0.92757
G1 X217.821 Y217.534 Z36.750 E0.96470
G1 X217.261 Y218.085 Z36.342 E0.99395
G1 X216.684 Y218.618 Z35.911 E1.00591
G1 X216.091 Y219.133 Z35.497 E0.99695
G1 X215.482 Y219.629 Z35.137 E0.96978
G1 X214.857 Y220.106 Z34.866 E0.93305
G1 X214.218 Y220.563 Z34.708 E0.89958
G1 X213.565 Y221.000 Z34.678 E0.88251
G1 X212.899 Y221.416 Z34.781 E0.88944
G1 X212.219 Y221.810 Z35.009 E0.91820
G1 X211.528 Y222.183 Z35.342 E0.95815
G1 X210.825 Y222.535 Z35.754 E0.99551
G1 X210.112 Y222.864 Z36.208 E1.01862
G1 X209.388 Y223.170 Z36.666 E1.02077
G1 X208.656 Y223.454 Z37.088 E1.00137
G1 X207.914 Y223.714 Z37.440 E0.96597
G1 X207.165 Y223.951 Z37.690 E0.92546
G1 X206.409 Y224.164 Z37.818 E0.89352
G1 X205.647 Y224.354 Z37.814 E0.88190
G1 X204.879 Y224.519 Z37.680 E0.89466
G1 X204.106 Y224.661 Z37.428 E0.92590
G1 X203.329 Y224.777 Z37.083 E0.96308
G1 X202.549 Y224.870 Z36.677 E0.99294
G1 X201.766 Y224.938 Z36.246 E1.00582
G1 X200.982 Y224.981 Z35.830 E0.99780
G1 X200.196 Y224.999 Z35.468 E0.97132
G1 X199.411 Y224.993 Z35.192 E0.93476
G1 X198.626 Y224.962 Z35.028 E0.90084
G1 X197.842 Y224.907 Z34.992 E0.88280
G1 X197.061 Y224.827 Z35.089 E0.88859
G1 X196.282 Y224.722 Z35.312 E0.91654
G1 X195.507 Y224.593 Z35.641 E0.95628
G1 X194.736 Y224.440 Z36.050 E0.99404
G1 X193.971 Y224.262 Z36.503 E1.01799
G1 X193.212 Y224.061 Z36.961 E1.02116
G1 X192.459 Y223.836 Z37.386 E1.00267
G1 X191.714 Y223.587 Z37.741 E0.96780
G1 X190.977 Y223.315 Z37.997 E0.92723
G1 X190.249 Y223.020 Z38.130 E0.89461
G1 X189.530 Y222.702 Z38.133 E0.88189
G1 X188.822 Y222.362 Z38.004 E0.89360
G1 X188.125 Y222.000 Z37.758 E0.92424
G1 X187.440 Y221.616 Z37.417 E0.96146
G1 X186.767 Y221.210 Z37.012 E0.99189
G1 X186.107 Y220.784 Z36.582 E1.00568
G1 X185.460 Y220.337 Z36.164 E0.99861
G1 X184.829 Y219.870 Z35.798 E0.97283
G1 X184.212 Y219.384 Z35.518 E0.93647
G1 X183.610 Y218.878 Z35.348 E0.90213
G1 X183.025 Y218.354 Z35.307 E0.88313
G1 X182.457 Y217.811 Z35.398 E0.88779
G1 X181.906 Y217.251 Z35.615 E0.91491
G1 X181.373 Y216.674 Z35.940 E0.95440
G1 X180.858 Y216.081 Z36.346 E0.99255
G1 X180.362 Y215.471 Z36.797 E1.01732
G1 X179.886 Y214.847 Z37.257 E1.02151
G1 X179.429 Y214.207 Z37.684 E1.00393
G1 X178.993 Y213.554 Z38.043 E0.96961
G1 X178.578 Y212.887 Z38.303 E0.92901
G1 X178.183 Y212.208 Z38.443 E0.89573
G1 X177.810 Y211.516 Z38.451 E0.88194
G1 X177.460 Y210.813 Z38.328 E0.89258
G1 X177.131 Y210.100 Z38.087 E0.92259
G1 X176.825 Y209.376 Z37.750 E0.95981
G1 X176.542 Y208.643 Z37.347 E0.99081
G1 X176.282 Y207.902 Z36.917 E1.00550
G1 X176.045 Y207.153 Z36.498 E0.99938
G1 X175.832 Y206.397 Z36.129 E0.97432
G1 X175.643 Y205.634 Z35.844 E0.93819
G1 X175.478 Y204.866 Z35.669 E0.90346
G1 X175.337 Y204.093 Z35.622 E0.88351
G1 X175.221 Y203.316 Z35.707 E0.88704
G1 X175.129 Y202.536 Z35.918 E0.91331
G1 X175.062 Y201.753 Z36.239 E0.95253
G1 X175.019 Y200.969 Z36.642 E0.99102
G1 X175.001 Y200.183 Z37.092 E1.01660
G1 X175.007 Y199.398 Z37.552 E1.02180
G1 X175.039 Y198.613 Z37.981 E1.00515
G1 X175.094 Y197.829 Z38.344 E0.97141
G1 X175.175 Y197.048 Z38.610 E0.93081
G1 X175.280 Y196.269 Z38.755 E0.89690
G1 X175.409 Y195.494 Z38.769 E0.88204
G1 X175.563 Y194.724 Z38.653 E0.89160
G1 X175.741 Y193.958 Z38.416 E0.92096
G1 X175.943 Y193.199 Z38.082 E0.95815
G1 X176.168 Y192.447 Z37.682 E0.98969
G1 X176.417 Y191.702 Z37.252 E1.00527
G1 X176.690 Y190.965 Z36.832 E1.00011
G1 X176.985 Y190.237 Z36.460 E0.97578
G1 X177.303 Y189.518 Z36.171 E0.93992
G1 X177.644 Y188.810 Z35.990 E0.90481
G1 X178.007 Y188.113 Z35.937 E0.88394
G1 X178.391 Y187.428 Z36.016 E0.88634
G1 X178.797 Y186.755 Z36.222 E0.91173
G1 X179.223 Y186.096 Z36.538 E0.95065
G1 X179.670 Y185.450 Z36.938 E0.98947
G1 X180.138 Y184.818 Z37.387 E1.01585
G1 X180.624 Y184.202 Z37.847 E1.02205
G1 X181.130 Y183.601 Z38.279 E1.00634
G1 X181.655 Y183.016 Z38.646 E0.97319
G1 X182.198 Y182.448 Z38.916 E0.93262
G1 X182.758 Y181.897 Z39.067 E0.89811
G1 X183.335 Y181.364 Z39.088 E0.88219
G1 X183.929 Y180.850 Z38.976 E0.89066
G1 X184.539 Y180.354 Z38.745 E0.91934
G1 X185.164 Y179.878 Z38.415 E0.95649
G1 X185.803 Y179.422 Z38.017 E0.98854
G1 X186.457 Y178.986 Z37.588 E1.00499
G1 X187.124 Y178.571 Z37.166 E1.00080
G1 X187.804 Y178.177 Z36.791 E0.97722
G1 X188.495 Y177.804 Z36.497 E0.94164
G1 X189.198 Y177.454 Z36.312 E0.90620
G1 X189.912 Y177.126 Z36.252 E0.88443
G1 X190.636 Y176.820 Z36.325 E0.88569
G1 X191.369 Y176.537 Z36.526 E0.91018
G1 X192.110 Y176.278 Z36.837 E0.94877
G1 X192.860 Y176.041 Z37.234 E0.98789
G1 X193.616 Y175.829 Z37.682 E1.01504
G1 X194.379 Y175.640 Z38.142 E1.02226
G1 X195.147 Y175.476 Z38.576 E1.00750
G1 X195.920 Y175.335 Z38.946 E0.97496
G1 X196.697 Y175.219 Z39.222 E0.93445
G1 X197.477 Y175.128 Z39.379 E0.89936
G1 X198.260 Y175.061 Z39.405 E0.88239
G1 X199.044 Y175.018 Z39.300 E0.88977
G1 X199.830 Y175.001 Z39.074 E0.91775
G1 X200.615 Y175.008 Z38.748 E0.95481
G1 X201.400 Y175.039 Z38.352 E0.98736
G1 X202.184 Y175.096 Z37.923 E1.00468
G1 X202.965 Y175.176 Z37.501 E1.00145
G1 X203.744 Y175.282 Z37.123 E0.97863
G1 X204.519 Y175.412 Z36.824 E0.94336
G1 X205.289 Y175.566 Z36.633 E0.90762
G1 X206.054 Y175.744 Z36.568 E0.88496
G1 X206.813 Y175.946 Z36.635 E0.88509
G1 X207.566 Y176.172 Z36.830 E0.90866
G1 X208.311 Y176.422 Z37.137 E0.94689
G1 X209.048 Y176.695 Z37.530 E0.98628
G1 X209.775 Y176.990 Z37.976 E1.01420
G1 X210.494 Y177.309 Z38.437 E1.02241
G1 X211.201 Y177.650 Z38.873 E1.00861
G1 X211.898 Y178.013 Z39.247 E0.97671
G1 X212.583 Y178.398 Z39.527 E0.93629
G1 X213.256 Y178.804 Z39.690 E0.90065
G1 X213.915 Y179.231 Z39.723 E0.88265
G1 X214.561 Y179.678 Z39.623 E0.88892
G1 X215.192 Y180.146 Z39.402 E0.91617
G1 X215.809 Y180.633 Z39.080 E0.95311
G1 X216.409 Y181.139 Z38.687 E0.98614
G1 X216.994 Y181.664 Z38.259 E1.00432
G1 X217.562 Y182.207 Z37.835 E1.00205
G1 X218.112 Y182.768 Z37.454 E0.98002
G1 X218.644 Y183.345 Z37.152 E0.94509
G1 X219.159 Y183.939 Z36.955 E0.90906
G1 X219.654 Y184.549 Z36.883 E0.88555
G1 X220.130 Y185.174 Z36.944 E0.88454
G1 X220.585 Y185.814 Z37.134 E0.90717
G1 X221.021 Y186.468 Z37.436 E0.94502
G1 X221.436 Y187.135 Z37.827 E0.98465
G1 X221.829 Y187.815 Z38.271 E1.01331
G1 X222.202 Y188.507 Z38.732 E1.02252
G1 X222.552 Y189.210 Z39.170 E1.00969
G1 X222.880 Y189.924 Z39.548 E0.97844
G1 X223.185 Y190.648 Z39.833 E0.93813
G1 X223.467 Y191.381 Z40.001 E0.90197
G1 X223.727 Y192.123 Z40.040 E0.88295
G1 X223.962 Y192.872 Z39.946 E0.88811
G1 X224.174 Y193.629 Z39.731 E0.91461
G1 X224.363 Y194.391 Z39.412 E0.95142
G1 X224.527 Y195.160 Z39.022 E0.98489
G1 X224.667 Y195.933 Z38.594 E1.00391
G1 X224.783 Y196.710 Z38.170 E1.00261
G1 X224.874 Y197.490 Z37.786 E0.98138
G1 X224.940 Y198.273 Z37.479 E0.94681
G1 X224.982 Y199.057 Z37.277 E0.91053
G1 X225.000 Y199.843 Z37.200 E0.88618
G1 X224.992 Y200.628 Z37.255 E0.88404
G1 X224.960 Y201.413 Z37.438 E0.90572
G1 X224.903 Y202.197 Z37.736 E0.94315
G1 X224.822 Y202.978 Z38.123 E0.98300
G1 X224.716 Y203.757 Z38.566 E1.01239
G1 X224.586 Y204.532 Z39.027 E1.02259
G1 X224.431 Y205.302 Z39.467 E1.01072
G1 X224.253 Y206.067 Z39.848 E0.98015
G1 X224.050 Y206.826 Z40.138 E0.93999
G1 X223.824 Y207.578 Z40.312 E0.90333
G1 X223.574 Y208.323 Z40.357 E0.88331
G1 X223.301 Y209.060 Z40.269 E0.88735
G1 X223.004 Y209.787 Z40.059 E0.91308
G1 X222.686 Y210.505 Z39.745 E0.94971
G1 X222.344 Y211.213 Z39.357 E0.98361
G1 X221.981 Y211.910 Z38.930 E1.00347
G1 X221.596 Y212.594 Z38.504 E1.00313
G1 X221.189 Y213.267 Z38.118 E0.98271
G1 X220.762 Y213.926 Z37.807 E0.94852
G1 X220.314 Y214.571 Z37.600 E0.91203
G1 X219.846 Y215.203 Z37.516 E0.88686
G1 X219.359 Y215.819 Z37.565 E0.88359
G1 X218.852 Y216.419 Z37.743 E0.90430
G1 X218.327 Y217.003 Z38.036 E0.94128
G1 X217.784 Y217.571 Z38.420 E0.98132
G1 X217.223 Y218.121 Z38.861 E1.01142
G1 X216.645 Y218.653 Z39.322 E1.02260
G1 X216.051 Y219.167 Z39.764 E1.01172
G1 X215.441 Y219.662 Z40.148 E0.98184
G1 X214.815 Y220.137 Z40.443 E0.94185
G1 X214.175 Y220.593 Z40.623 E0.90473
G1 X213.521 Y221.028 Z40.674 E0.88373
G1 X212.854 Y221.443 Z40.592 E0.88664
G1 X212.174 Y221.836 Z40.386 E0.91156
G1 X211.481 Y222.208 Z40.077 E0.94800
G1 X210.778 Y222.557 Z39.691 E0.98230
G1 X210.064 Y222.885 Z39.266 E1.00298
G1 X209.340 Y223.190 Z38.839 E1.00361
G1 X208.607 Y223.472 Z38.450 E0.98401
G1 X207.865 Y223.731 Z38.135 E0.95023
G1 X207.115 Y223.966 Z37.922 E0.91355
G1 X206.359 Y224.178 Z37.833 E0.88758
G1 X205.596 Y224.366 Z37.876 E0.88320
G1 X204.827 Y224.529 Z38.048 E0.90291
G1 X204.054 Y224.669 Z38.337 E0.93942
G1 X203.277 Y224.784 Z38.717 E0.97963
G1 X202.497 Y224.875 Z39.156 E1.01041
G1 X201.714 Y224.941 Z39.617 E1.02257
G1 X200.929 Y224.983 Z40.060 E1.01268
G1 X200.144 Y225.000 Z40.448 E0.98351
G1 X199.358 Y224.992 Z40.748 E0.94372
G1 X198.573 Y224.959 Z40.933 E0.90616
G1 X197.790 Y224.902 Z40.990 E0.88419
G1 X197.009 Y224.820 Z40.914 E0.88598
G1 X196.230 Y224.714 Z40.714 E0.91008
G1 X195.455 Y224.583 Z40.408 E0.94628
G1 X194.685 Y224.429 Z40.026 E0.98096
G1 X193.920 Y224.249 Z39.601 E1.00244
G1 X193.161 Y224.046 Z39.173 E1.00404
G1 X192.409 Y223.820 Z38.782 E0.98528
G1 X191.664 Y223.569 Z38.463 E0.95194
G1 X190.928 Y223.296 Z38.245 E0.91509
G1 X190.201 Y222.999 Z38.150 E0.88836
G1 X189.483 Y222.680 Z38.187 E0.88285
G1 X188.775 Y222.338 Z38.353 E0.90156
G1 X188.079 Y221.975 Z38.637 E0.93756
G1 X187.394 Y221.589 Z39.013 E0.97791
G1 X186.722 Y221.183 Z39.451 E1.00936
G1 X186.063 Y220.755 Z39.912 E1.02250
G1 X185.418 Y220.307 Z40.357 E1.01359
G1 X184.787 Y219.838 Z40.748 E0.98516
G1 X184.171 Y219.351 Z41.052 E0.94559
G1 X183.571 Y218.844 Z41.243 E0.90763
G1 X182.987 Y218.318 Z41.306 E0.88471
G1 X182.420 Y217.775 Z41.236 E0.88536
G1 X181.870 Y217.213 Z41.041 E0.90861
G1 X181.338 Y216.635 Z40.740 E0.94456
G1 X180.825 Y216.041 Z40.360 E0.97960
G1 X180.330 Y215.430 Z39.937 E1.00187
G1 X179.855 Y214.805 Z39.508 E1.00443
G1 X179.400 Y214.164 Z39.114 E0.98652
G1 X178.965 Y213.510 Z38.791 E0.95364
G1 X178.551 Y212.842 Z38.568 E0.91665
G1 X178.158 Y212.162 Z38.467 E0.88917
G1 X177.786 Y211.470 Z38.498 E0.88256
G1 X177.437 Y210.766 Z38.659 E0.90024
G1 X177.110 Y210.052 Z38.938 E0.93572
G1 X176.805 Y209.328 Z39.310 E0.97617
G1 X176.524 Y208.594 Z39.746 E1.00827
G1 X176.265 Y207.852 Z40.207 E1.02237
G1 X176.030 Y207.103 Z40.653 E1.01446
G1 X175.819 Y206.346 Z41.048 E0.98678
G1 X175.631 Y205.583 Z41.356 E0.94747
G1 X175.468 Y204.815 Z41.553 E0.90912
G1 X175.329 Y204.041 Z41.622 E0.88527
G1 X175.214 Y203.264 Z41.558 E0.88479
G1 X175.124 Y202.484 Z41.369 E0.90718
G1 X175.058 Y201.701 Z41.072 E0.94283
G1 X175.017 Y200.916 Z40.694 E0.97820
G1 X175.000 Y200.131 Z40.272 E1.00125
G1 X175.009 Y199.345 Z39.843 E1.00478
G1 X175.041 Y198.560 Z39.447 E0.98773
G1 X175.099 Y197.777 Z39.120 E0.95532
G1 X175.181 Y196.996 Z38.892 E0.91824
G1 X175.288 Y196.217 Z38.785 E0.89004
G1 X175.419 Y195.443 Z38.809 E0.88232
G1 X175.574 Y194.672 Z38.965 E0.89897
G1 X175.754 Y193.908 Z39.238 E0.93389
G1 X175.957 Y193.149 Z39.608 E0.97442
G1 X176.184 Y192.397 Z40.041 E1.00715
G1 X176.435 Y191.652 Z40.501 E1.02220
G1 X176.709 Y190.916 Z40.950 E1.01530
G1 X177.006 Y190.188 Z41.347 E0.98838
G1 X177.325 Y189.471 Z41.660 E0.94935
G1 X177.667 Y188.764 Z41.863 E0.91065
G1 X178.032 Y188.067 Z41.937 E0.88589
G1 X178.417 Y187.383 Z41.880 E0.88427
G1 X178.824 Y186.711 Z41.696 E0.90577
G1 X179.252 Y186.052 Z41.403 E0.94111
G1 X179.701 Y185.407 Z41.029 E0.97678
G1 X180.169 Y184.777 Z40.608 E1.00059
G1 X180.658 Y184.161 Z40.178 E1.00508
G1 X181.165 Y183.561 Z39.779 E0.98890
G1 X181.691 Y182.977 Z39.448 E0.95700
G1 X182.235 Y182.411 Z39.215 E0.91984
G1 X182.796 Y181.861 Z39.103 E0.89095
G1 X183.374 Y181.329 Z39.121 E0.88214
G1 X183.969 Y180.816 Z39.271 E0.89773
G1 X184.580 Y180.322 Z39.539 E0.93206
G1 X185.206 Y179.847 Z39.905 E0.97264
G1 X185.846 Y179.392 Z40.336 E1.00598
G1 X186.501 Y178.958 Z40.796 E1.02198
G1 X187.169 Y178.544 Z41.246 E1.01608
G1 X187.849 Y178.151 Z41.646 E0.98995
G1 X188.542 Y177.780 Z41.964 E0.95123
G1 X189.246 Y177.431 Z42.172 E0.91221
G1 X189.960 Y177.105 Z42.253 E0.88655
G1 X190.684 Y176.800 Z42.201 E0.88381
G1 X191.418 Y176.519 Z42.022 E0.90439
G1 X192.160 Y176.261 Z41.734 E0.93939
G1 X192.910 Y176.026 Z41.363 E0.97533
G1 X193.667 Y175.816 Z40.943 E0.99989
G1 X194.430 Y175.628 Z40.513 E1.00534
G1 X195.198 Y175.465 Z40.112 E0.99004
G1 X195.971 Y175.327 Z39.777 E0.95867
G1 X196.749 Y175.212 Z39.539 E0.92146
G1 X197.529 Y175.122 Z39.421 E0.89190
G1 X198.312 Y175.057 Z39.433 E0.88200
G1 X199.097 Y175.016 Z39.577 E0.89654
G1 X199.882 Y175.000 Z39.841 E0.93025
G1 X200.668 Y175.009 Z40.202 E0.97086
G1 X201.453 Y175.042 Z40.631 E1.00478
G1 X202.236 Y175.100 Z41.091 E1.02172
G1 X203.017 Y175.183 Z41.542 E1.01683
G1 X203.796 Y175.290 Z41.945 E0.99149
G1 X204.570 Y175.421 Z42.268 E0.95311
G1 X205.340 Y175.577 Z42.481 E0.91380
G1 X206.105 Y175.757 Z42.568 E0.88727
G1 X206.864 Y175.961 Z42.522 E0.88339
G1 X207.616 Y176.188 Z42.349 E0.90305
G1 X208.360 Y176.439 Z42.065 E0.93766
G1 X209.096 Y176.714 Z41.697 E0.97386
G1 X209.824 Y177.011 Z41.279 E0.99915
G1 X210.541 Y177.331 Z40.848 E1.00556
G1 X211.248 Y177.673 Z40.445 E0.99115
G1 X211.944 Y178.038 Z40.107 E0.96032
G1 X212.628 Y178.424 Z39.864 E0.92310
G1 X213.300 Y178.831 Z39.739 E0.89289
G1 X213.959 Y179.260 Z39.745 E0.88192
G1 X214.603 Y179.709 Z39.883 E0.89538
G1 X215.234 Y180.177 Z40.142 E0.92846
G1 X215.849 Y180.666 Z40.500 E0.96905
G1 X216.449 Y181.173 Z40.927 E1.00354
G1 X217.032 Y181.700 Z41.386 E1.02140
G1 X217.599 Y182.244 Z41.838 E1.01753
G1 X218.148 Y182.806 Z42.244 E0.99301
G1 X218.679 Y183.384 Z42.571 E0.95498
G1 X219.192 Y183.979 Z42.789 E0.91541
G1 X219.686 Y184.590 Z42.882 E0.88803
G1 X220.161 Y185.217 Z42.843 E0.88302
G1 X220.615 Y185.857 Z42.675 E0.90173
G1 X221.049 Y186.512 Z42.396 E0.93595
G1 X221.463 Y187.180 Z42.031 E0.97237
G1 X221.855 Y187.861 Z41.614 E0.99837
G1 X222.226 Y188.554 Z41.183 E1.00573
G1 X222.574 Y189.258 Z40.778 E0.99222
G1 X222.901 Y189.972 Z40.436 E0.96196
G1 X223.204 Y190.697 Z40.188 E0.92475
G1 X223.485 Y191.430 Z40.058 E0.89392
G1 X223.743 Y192.173 Z40.058 E0.88189
G1 X223.977 Y192.922 Z40.190 E0.89427
G1 X224.188 Y193.679 Z40.444 E0.92668
G1 X224.374 Y194.442 Z40.798 E0.96724
G1 X224.537 Y195.211 Z41.222 E1.00227
G1 X224.675 Y195.984 Z41.680 E1.02105
G1 X224.789 Y196.762 Z42.134 E1.01819
G1 X224.879 Y197.542 Z42.543 E0.99450
G1 X224.944 Y198.325 Z42.874 E0.95685
G1 X224.984 Y199.110 Z43.098 E0.91705
G1 X225.000 Y199.895 Z43.197 E0.88885
G1 X224.991 Y200.681 Z43.163 E0.88270
G1 X224.957 Y201.466 Z43.001 E0.90045
G1 X224.899 Y202.249 Z42.726 E0.93423
G1 X224.816 Y203.030 Z42.365 E0.97085
G1 X224.708 Y203.809 Z41.949 E0.99755
G1 X224.576 Y204.583 Z41.518 E1.00585
G1 X224.420 Y205.353 Z41.111 E0.99325
G1 X224.240 Y206.118 Z40.765 E0.96358
G1 X224.036 Y206.876 Z40.513 E0.92641
G1 X223.808 Y207.628 Z40.377 E0.89500
G1 X223.556 Y208.373 Z40.371 E0.88191
G1 X223.282 Y209.109 Z40.497 E0.89320
G1 X222.984 Y209.836 Z40.746 E0.92492
G1 X222.664 Y210.553 Z41.095 E0.96541
G1 X222.321 Y211.260 Z41.517 E1.00096
G1 X221.956 Y211.956 Z41.975 E1.02064
G1 X221.569 Y212.640 Z42.429 E1.01880
G1 X221.162 Y213.311 Z42.842 E0.99596
G1 X220.733 Y213.969 Z43.177 E0.95872
G1 X220.284 Y214.614 Z43.406 E0.91872
G1 X219.815 Y215.244 Z43.511 E0.88971
G1 X219.326 Y215.859 Z43.483 E0.88244
G1 X218.818 Y216.459 Z43.327 E0.89920
G1 X218.291 Y217.042 Z43.057 E0.93252
G1 X217.747 Y217.608 Z42.698 E0.96931
G1 X217.185 Y218.157 Z42.285 E0.99669
G1 X216.606 Y218.688 Z41.854 E1.00593
G1 X216.011 Y219.201 Z41.445 E0.99425
G1 X215.399 Y219.694 Z41.095 E0.96519
G1 X214.773 Y220.168 Z40.838 E0.92809
G1 X214.132 Y220.623 Z40.696 E0.89611
G1 X213.477 Y221.056 Z40.684 E0.88199
G1 X212.809 Y221.469 Z40.804 E0.89217
G1 X212.128 Y221.861 Z41.048 E0.92318
G1 X211.435 Y222.232 Z41.393 E0.96357
G1 X210.731 Y222.580 Z41.813 E0.99962
G1 X210.016 Y222.906 Z42.270 E1.02019
G1 X209.291 Y223.209 Z42.725 E1.01937
G1 X208.557 Y223.490 Z43.140 E0.99738
G1 X207.815 Y223.747 Z43.479 E0.96058
G1 X207.065 Y223.981 Z43.714 E0.92040
G1 X206.308 Y224.191 Z43.825 E0.89061
G1 X205.545 Y224.377 Z43.803 E0.88222
G1 X204.776 Y224.540 Z43.652 E0.89799
G1 X204.003 Y224.677 Z43.387 E0.93082
G1 X203.225 Y224.791 Z43.032 E0.96775
G1 X202.445 Y224.880 Z42.620 E0.99579
G1 X201.662 Y224.945 Z42.189 E1.00597
G1 X200.877 Y224.985 Z41.778 E0.99521
G1 X200.092 Y225.000 Z41.425 E0.96678
G1 X199.306 Y224.990 Z41.163 E0.92978
G1 X198.521 Y224.956 Z41.015 E0.89726
G1 X197.738 Y224.897 Z40.998 E0.88212
G1 X196.957 Y224.814 Z41.112 E0.89119
G1 X196.178 Y224.706 Z41.350 E0.92145
G1 X195.404 Y224.574 Z41.692 E0.96172
G1 X194.634 Y224.417 Z42.108 E0.99824
G1 X193.870 Y224.237 Z42.564 E1.01970
G1 X193.111 Y224.032 Z43.021 E1.01989
G1 X192.359 Y223.804 Z43.438 E0.99878
G1 X191.615 Y223.552 Z43.782 E0.96243
G1 X190.879 Y223.277 Z44.022 E0.92211
G1 X190.152 Y222.979 Z44.138 E0.89157
G1 X189.435 Y222.658 Z44.123 E0.88206
G1 X188.728 Y222.315 Z43.978 E0.89682
G1 X188.033 Y221.950 Z43.717 E0.92913
G1 X187.349 Y221.563 Z43.366 E0.96617
G1 X186.678 Y221.155 Z42.955 E0.99485
G1 X186.020 Y220.726 Z42.524 E1.00596
G1 X185.375 Y220.276 Z42.112 E0.99614
G1 X184.745 Y219.807 Z41.755 E0.96835
G1 X184.131 Y219.317 Z41.488 E0.93147
G1 X183.532 Y218.809 Z41.335 E0.89845
G1 X182.949 Y218.283 Z41.311 E0.88230
G1 X182.383 Y217.738 Z41.420 E0.89026
G1 X181.834 Y217.175 Z41.652 E0.91975
G1 X181.303 Y216.596 Z41.990 E0.95987
G1 X180.791 Y216.000 Z42.404 E0.99684
G1 X180.298 Y215.389 Z42.859 E1.01916
G1 X179.824 Y214.762 Z43.316 E1.02037
G1 X179.370 Y214.121 Z43.737 E1.00014
G1 X178.937 Y213.466 Z44.084 E0.96428
G1 X178.524 Y212.797 Z44.329 E0.92385
G1 X178.132 Y212.116 Z44.452 E0.89256
G1 X177.762 Y211.423 Z44.442 E0.88196
G1 X177.414 Y210.719 Z44.303 E0.89568
G1 X177.089 Y210.004 Z44.047 E0.92744
G1 X176.786 Y209.279 Z43.699 E0.96457
G1 X176.506 Y208.545 Z43.291 E0.99387
G1 X176.249 Y207.803 Z42.860 E1.00591
G1 X176.015 Y207.052 Z42.445 E0.99702
G1 X175.806 Y206.295 Z42.086 E0.96990
G1 X175.620 Y205.532 Z41.814 E0.93318
G1 X175.458 Y204.763 Z41.655 E0.89968
G1 X175.320 Y203.990 Z41.625 E0.88253
G1 X175.207 Y203.212 Z41.728 E0.88937
G1 X175.119 Y202.432 Z41.955 E0.91807
G1 X175.054 Y201.649 Z42.288 E0.95800
G1 X175.015 Y200.864 Z42.700 E0.99540
G1 X175.000 Y200.079 Z43.154 E1.01857
G1 X175.010 Y199.293 Z43.612 E1.02080
G1 X175.045 Y198.508 Z44.034 E1.00147
G1 X175.104 Y197.725 Z44.386 E0.96611
G1 X175.188 Y196.944 Z44.636 E0.92560
G1 X175.296 Y196.165 Z44.765 E0.89361
G1 X175.429 Y195.391 Z44.761 E0.88190
G1 X175.585 Y194.621 Z44.628 E0.89458
G1 X175.767 Y193.857 Z44.377 E0.92577
G1 X175.972 Y193.098 Z44.032 E0.96296
G1 X176.200 Y192.347 Z43.626 E0.99286
G1 X176.452 Y191.603 Z43.195 E1.00581
G1 X176.728 Y190.867 Z42.779 E0.99787
G1 X177.026 Y190.140 Z42.416 E0.97143
G1 X177.348 Y189.423 Z42.140 E0.93489
G1 X177.691 Y188.717 Z41.976 E0.90094
G1 X178.057 Y188.021 Z41.939 E0.88282
G1 X178.444 Y187.338 Z42.036 E0.88853
G1 X178.852 Y186.667 Z42.258 E0.91642
G1 X179.282 Y186.009 Z42.587 E0.95613
G1 X179.732 Y185.365 Z42.996 E0.99393
G1 X180.201 Y184.735 Z43.448 E1.01794
G1 X180.691 Y184.121 Z43.907 E1.02119
G1 X181.199 Y183.522 Z44.332 E1.00276
G1 X181.726 Y182.939 Z44.688 E0.96794
G1 X182.271 Y182.373 Z44.943 E0.92736
G1 X182.834 Y181.825 Z45.078 E0.89469
G1 X183.414 Y181.295 Z45.080 E0.88190
G1 X184.010 Y180.783 Z44.952 E0.89352
G1 X184.621 Y180.290 Z44.706 E0.92411
G1 X185.248 Y179.816 Z44.365 E0.96133
G1 X185.890 Y179.363 Z43.961 E0.99181
G1 X186.545 Y178.929 Z43.530 E1.00567
G1 X187.214 Y178.517 Z43.113 E0.99867
G1 X187.895 Y178.126 Z42.747 E0.97294
G1 X188.588 Y177.756 Z42.466 E0.93661
G1 X189.293 Y177.409 Z42.296 E0.90223
G1 X190.008 Y177.084 Z42.254 E0.88316
G1 X190.733 Y176.781 Z42.345 E0.88773
G1 X191.467 Y176.501 Z42.561 E0.91479
G1 X192.210 Y176.245 Z42.886 E0.95426
G1 X192.960 Y176.012 Z43.291 E0.99243
G1 X193.717 Y175.802 Z43.743 E1.01727
G1 X194.481 Y175.617 Z44.202 E1.02153
G1 X195.250 Y175.455 Z44.630 E1.00402
G1 X196.023 Y175.318 Z44.989 E0.96975
G1 X196.801 Y175.206 Z45.250 E0.92915
G1 X197.581 Y175.117 Z45.390 E0.89582
G1 X198.364 Y175.054 Z45.399 E0.88194
G1 X199.149 Y175.014 Z45.277 E0.89250
G1 X199.935 Y175.000 Z45.035 E0.92247
G1 X200.720 Y175.010 Z44.698 E0.95968
G1 X201.505 Y175.045 Z44.296 E0.99073
G1 X202.288 Y175.105 Z43.866 E1.00548
G1 X203.069 Y175.189 Z43.447 E0.99944
G1 X203.847 Y175.298 Z43.078 E0.97443
G1 X204.622 Y175.431 Z42.792 E0.93833
G1 X205.391 Y175.588 Z42.617 E0.90356
G1 X206.156 Y175.770 Z42.569 E0.88354
G1 X206.914 Y175.975 Z42.653 E0.88699
G1 X207.666 Y176.204 Z42.865 E0.91318
G1 X208.410 Y176.457 Z43.185 E0.95238
G1 X209.145 Y176.733 Z43.587 E0.99090
G1 X209.872 Y177.032 Z44.038 E1.01655
G1 X210.589 Y177.353 Z44.498 E1.02182
G1 X211.295 Y177.697 Z44.927 E1.00525
G1 X211.990 Y178.063 Z45.291 E0.97155
G1 X212.673 Y178.450 Z45.556 E0.93095
G1 X213.344 Y178.859 Z45.702 E0.89699
G1 X214.002 Y179.289 Z45.717 E0.88205
G1 X214.646 Y179.739 Z45.601 E0.89153
G1 X215.275 Y180.209 Z45.365 E0.92084
G1 X215.890 Y180.699 Z45.031 E0.95803
G1 X216.488 Y181.208 Z44.631 E0.98961
G1 X217.070 Y181.735 Z44.201 E1.00525
G1 X217.636 Y182.281 Z43.781 E1.00017
G1 X218.184 Y182.844 Z43.409 E0.97589
G1 X218.714 Y183.423 Z43.119 E0.94005
G1 X219.226 Y184.020 Z42.938 E0.90492
G1 X219.718 Y184.632 Z42.884 E0.88398
G1 X220.192 Y185.259 Z42.963 E0.88629
G1 X220.645 Y185.901 Z43.168 E0.91161
G1 X221.078 Y186.556 Z43.484 E0.95051
G1 X221.490 Y187.225 Z43.884 E0.98935
G1 X221.880 Y187.907 Z44.333 E1.01579
G1 X222.250 Y188.600 Z44.793 E1.02207
G1 X222.597 Y189.305 Z45.225 E1.00643
G1 X222.922 Y190.020 Z45.592 E0.97333
G1 X223.224 Y190.745 Z45.862 E0.93276
G1 X223.503 Y191.480 Z46.014 E0.89820
G1 X223.759 Y192.222 Z46.035 E0.88220
G1 X223.992 Y192.973 Z45.924 E0.89059
G1 X224.201 Y193.730 Z45.693 E0.91922
G1 X224.386 Y194.494 Z45.364 E0.95636
G1 X224.547 Y195.262 Z44.966 E0.98845
G1 X224.684 Y196.036 Z44.537 E1.00497
G1 X224.796 Y196.814 Z44.115 E1.00085
G1 X224.884 Y197.594 Z43.740 E0.97733
G1 X224.947 Y198.377 Z43.446 E0.94177
G1 X224.986 Y199.162 Z43.259 E0.90631
G1 X225.000 Y199.948 Z43.199 E0.88447
G1 X224.989 Y200.733 Z43.272 E0.88564
G1 X224.954 Y201.518 Z43.472 E0.91006
G1 X224.894 Y202.301 Z43.783 E0.94863
G1 X224.809 Y203.082 Z44.180 E0.98777
G1 X224.700 Y203.860 Z44.627 E1.01498
G1 X224.567 Y204.635 Z45.088 E1.02227
G1 X224.409 Y205.404 Z45.522 E1.00758
G1 X224.227 Y206.169 Z45.893 E0.97509
G1 X224.021 Y206.927 Z46.168 E0.93459
G1 X223.792 Y207.678 Z46.326 E0.89946
G1 X223.539 Y208.422 Z46.353 E0.88241
G1 X223.262 Y209.157 Z46.248 E0.88970
G1 X222.963 Y209.884 Z46.022 E0.91763
G1 X222.641 Y210.600 Z45.696 E0.95468
G1 X222.297 Y211.307 Z45.301 E0.98727
G1 X221.931 Y212.002 Z44.872 E1.00465
G1 X221.543 Y212.685 Z44.450 E1.00149
G1 X221.134 Y213.355 Z44.071 E0.97874
G1 X220.704 Y214.013 Z43.773 E0.94350
G1 X220.253 Y214.656 Z43.581 E0.90773
G1 X219.783 Y215.286 Z43.515 E0.88501
G1 X219.293 Y215.900 Z43.581 E0.88505
G1 X218.783 Y216.498 Z43.776 E0.90854
G1 X218.256 Y217.080 Z44.083 E0.94675
G1 X217.710 Y217.645 Z44.476 E0.98616
G1 X217.147 Y218.193 Z44.922 E1.01413
G1 X216.567 Y218.723 Z45.383 E1.02242
G1 X215.970 Y219.234 Z45.819 E1.00869
G1 X215.358 Y219.726 Z46.193 E0.97684
G1 X214.731 Y220.199 Z46.474 E0.93643
G1 X214.089 Y220.652 Z46.637 E0.90075
G1 X213.433 Y221.085 Z46.670 E0.88267
G1 X212.764 Y221.496 Z46.571 E0.88885
G1 X212.082 Y221.887 Z46.351 E0.91605
G1 X211.388 Y222.256 Z46.029 E0.95298
G1 X210.683 Y222.602 Z45.636 E0.98605
G1 X209.968 Y222.927 Z45.208 E1.00429
G1 X209.243 Y223.229 Z44.784 E1.00210
G1 X208.508 Y223.508 Z44.403 E0.98013
G1 X207.765 Y223.763 Z44.100 E0.94522
G1 X207.015 Y223.996 Z43.903 E0.90917
G1 X206.257 Y224.204 Z43.831 E0.88559
G1 X205.494 Y224.389 Z43.891 E0.88450
G1 X204.725 Y224.549 Z44.080 E0.90706
G1 X203.951 Y224.686 Z44.383 E0.94487
G1 X203.173 Y224.798 Z44.772 E0.98453
G1 X202.393 Y224.885 Z45.217 E1.01324
G1 X201.609 Y224.948 Z45.678 E1.02253
G1 X200.825 Y224.986 Z46.116 E1.00977
G1 X200.039 Y225.000 Z46.494 E0.97857
G1 X199.254 Y224.989 Z46.779 E0.93828
G1 X198.469 Y224.953 Z46.948 E0.90207
G1 X197.686 Y224.893 Z46.987 E0.88298
G1 X196.905 Y224.808 Z46.894 E0.88805
G1 X196.127 Y224.698 Z46.679 E0.91449
G1 X195.353 Y224.564 Z46.361 E0.95128
G1 X194.583 Y224.406 Z45.971 E0.98480
G1 X193.819 Y224.224 Z45.543 E1.00388
G1 X193.061 Y224.018 Z45.118 E1.00265
G1 X192.309 Y223.788 Z44.735 E0.98148
G1 X191.566 Y223.534 Z44.427 E0.94694
G1 X190.830 Y223.258 Z44.225 E0.91065
G1 X190.104 Y222.958 Z44.147 E0.88623
G1 X189.388 Y222.636 Z44.202 E0.88401
G1 X188.682 Y222.291 Z44.385 E0.90561
G1 X187.987 Y221.925 Z44.682 E0.94300
G1 X187.304 Y221.536 Z45.069 E0.98287
G1 X186.634 Y221.127 Z45.512 E1.01231
G1 X185.976 Y220.696 Z45.973 E1.02259
G1 X185.333 Y220.245 Z46.413 E1.01080
G1 X184.704 Y219.775 Z46.794 E0.98028
G1 X184.090 Y219.284 Z47.085 E0.94013
G1 X183.492 Y218.775 Z47.259 E0.90344
G1 X182.910 Y218.247 Z47.304 E0.88334
G1 X182.345 Y217.701 Z47.217 E0.88730
G1 X181.798 Y217.137 Z47.007 E0.91296
G1 X181.269 Y216.557 Z46.693 E0.94958
G1 X180.758 Y215.960 Z46.305 E0.98351
G1 X180.266 Y215.348 Z45.879 E1.00343
G1 X179.793 Y214.720 Z45.453 E1.00317
G1 X179.341 Y214.078 Z45.066 E0.98281
G1 X178.908 Y213.422 Z44.755 E0.94866
G1 X178.497 Y212.752 Z44.548 E0.91214
G1 X178.107 Y212.070 Z44.464 E0.88691
G1 X177.739 Y211.377 Z44.512 E0.88356
G1 X177.392 Y210.671 Z44.690 E0.90419
G1 X177.068 Y209.956 Z44.983 E0.94113
G1 X176.766 Y209.230 Z45.366 E0.98119
G1 X176.488 Y208.496 Z45.807 E1.01134
G1 X176.233 Y207.753 Z46.268 E1.02260
G1 X176.001 Y207.002 Z46.710 E1.01180
G1 X175.792 Y206.245 Z47.094 E0.98197
G1 X175.608 Y205.481 Z47.389 E0.94200
G1 X175.448 Y204.712 Z47.570 E0.90484
G1 X175.312 Y203.938 Z47.621 E0.88376
G1 X175.201 Y203.160 Z47.540 E0.88659
G1 X175.114 Y202.380 Z47.335 E0.91145
G1 X175.051 Y201.596 Z47.025 E0.94786
G1 X175.013 Y200.812 Z46.640 E0.98220
G1 X175.000 Y200.026 Z46.214 E1.00294
G1 X175.012 Y199.241 Z45.788 E1.00364
G1 X175.048 Y198.456 Z45.399 E0.98411
G1 X175.109 Y197.673 Z45.083 E0.95037
G1 X175.194 Y196.892 Z44.870 E0.91366
G1 X175.304 Y196.114 Z44.780 E0.88764
G1 X175.438 Y195.340 Z44.823 E0.88317
G1 X175.597 Y194.570 Z44.995 E0.90280
G1 X175.779 Y193.806 Z45.283 E0.93927
G1 X175.986 Y193.048 Z45.662 E0.97950
G1 X176.216 Y192.297 Z46.102 E1.01033
G1 X176.470 Y191.553 Z46.563 E1.02257
G1 X176.747 Y190.818 Z47.006 E1.01275
G1 X177.047 Y190.092 Z47.394 E0.98364
G1 X177.370 Y189.376 Z47.694 E0.94386
G1 X177.715 Y188.670 Z47.880 E0.90627
G1 X178.082 Y187.975 Z47.937 E0.88423
G1 X178.470 Y187.293 Z47.862 E0.88593
G1 X178.880 Y186.622 Z47.662 E0.90996
G1 X179.311 Y185.965 Z47.357 E0.94615
G1 X179.762 Y185.322 Z46.974 E0.98086
G1 X180.233 Y184.694 Z46.550 E1.00240
G1 X180.724 Y184.080 Z46.122 E1.00408
G1 X181.234 Y183.482 Z45.731 E0.98538
G1 X181.762 Y182.901 Z45.411 E0.95207
G1 X182.308 Y182.336 Z45.193 E0.91521
G1 X182.872 Y181.789 Z45.097 E0.88842
G1 X183.453 Y181.260 Z45.134 E0.88283
G1 X184.050 Y180.749 Z45.300 E0.90146
G1 X184.663 Y180.258 Z45.583 E0.93742
G1 X185.291 Y179.785 Z45.959 E0.97778
G1 X185.933 Y179.333 Z46.397 E1.00928
G1 X186.589 Y178.901 Z46.858 E1.02249
G1 X187.259 Y178.490 Z47.303 E1.01366
G1 X187.941 Y178.101 Z47.694 E0.98528
G1 X188.635 Y177.733 Z47.999 E0.94574
G1 X189.340 Y177.386 Z48.190 E0.90774
G1 X190.056 Y177.063 Z48.253 E0.88475
G1 X190.782 Y176.762 Z48.184 E0.88532
G1 X191.517 Y176.483 Z47.990 E0.90850
G1 X192.260 Y176.228 Z47.689 E0.94443
G1 X193.010 Y175.997 Z47.309 E0.97949
G1 X193.768 Y175.789 Z46.885 E1.00182
G1 X194.532 Y175.605 Z46.457 E1.00446
G1 X195.301 Y175.446 Z46.063 E0.98661
G1 X196.075 Y175.310 Z45.739 E0.95377
G1 X196.853 Y175.199 Z45.516 E0.91677
G1 X197.633 Y175.112 Z45.415 E0.88924
G1 X198.417 Y175.050 Z45.445 E0.88254
G1 X199.201 Y175.013 Z45.606 E0.90015
G1 X199.987 Y175.000 Z45.884 E0.93558
G1 X200.772 Y175.012 Z46.256 E0.97604
G1 X201.557 Y175.049 Z46.692 E1.00819
G1 X202.340 Y175.110 Z47.152 E1.02236
G1 X203.121 Y175.196 Z47.599 E1.01453
G1 X203.899 Y175.306 Z47.994 E0.98690
G1 X204.673 Y175.441 Z48.303 E0.94762
G1 X205.443 Y175.600 Z48.500 E0.90924
G1 X206.207 Y175.783 Z48.569 E0.88532
G1 X206.964 Y175.990 Z48.506 E0.88475
G1 X207.715 Y176.220 Z48.317 E0.90707
G1 X208.459 Y176.475 Z48.020 E0.94270
G1 X209.194 Y176.752 Z47.643 E0.97809
G1 X209.920 Y177.052 Z47.221 E1.00120
G1 X210.636 Y177.375 Z46.792 E1.00481
G1 X211.342 Y177.721 Z46.396 E0.98782
G1 X212.036 Y178.088 Z46.068 E0.95545
G1 X212.719 Y178.477 Z45.840 E0.91836
G1 X213.389 Y178.887 Z45.732 E0.89011
G1 X214.045 Y179.318 Z45.756 E0.88231
G1 X214.688 Y179.770 Z45.911 E0.89887
G1 X215.317 Y180.241 Z46.185 E0.93374
G1 X215.930 Y180.732 Z46.554 E0.97428
G1 X216.527 Y181.243 Z46.987 E1.00706
G1 X217.109 Y181.771 Z47.447 E1.02218
G1 X217.673 Y182.318 Z47.895 E1.01536
G1 X218.220 Y182.882 Z48.293 E0.98850
G1 X218.749 Y183.463 Z48.607 E0.94949
G1 X219.259 Y184.060 Z48.809 E0.91077
G1 X219.751 Y184.673 Z48.885 E0.88594
G1 X220.222 Y185.301 Z48.827 E0.88424
G1 X220.674 Y185.944 Z48.644 E0.90566
G1 X221.106 Y186.600 Z48.351 E0.94098
G1 X221.516 Y187.270 Z47.978 E0.97667
G1 X221.906 Y187.952 Z47.556 E1.00054
G1 X222.273 Y188.647 Z47.127 E1.00510
G1 X222.619 Y189.352 Z46.728 E0.98899
G1 X222.943 Y190.068 Z46.397 E0.95713
G1 X223.243 Y190.794 Z46.163 E0.91996
G1 X223.521 Y191.529 Z46.050 E0.89102
G1 X223.776 Y192.272 Z46.068 E0.88212
G1 X224.007 Y193.023 Z46.217 E0.89764
G1 X224.214 Y193.781 Z46.486 E0.93192
G1 X224.398 Y194.545 Z46.851 E0.97251
G1 X224.557 Y195.314 Z47.282 E1.00589
G1 X224.692 Y196.088 Z47.742 E1.02196
G1 X224.803 Y196.866 Z48.192 E1.01614
G1 X224.889 Y197.647 Z48.592 E0.99007
G1 X224.951 Y198.430 Z48.910 E0.95137
G1 X224.988 Y199.214 Z49.119 E0.91233
G1 X225.000 Y200.000 Z49.200 E0.88661
; --- Top pre-rev ---
G1 X224.988 Y200.789 Z49.148 E0.88794
G1 X224.950 Y201.578 Z48.968 E0.90874
G1 X224.888 Y202.364 Z48.678 E0.94410
G1 X224.801 Y203.149 Z48.304 E0.98031
G1 X224.689 Y203.930 Z47.882 E1.00485
G1 X224.553 Y204.708 Z47.450 E1.00993
G1 X224.392 Y205.481 Z47.049 E0.99400
G1 X224.207 Y206.248 Z46.715 E0.96200
G1 X223.997 Y207.009 Z46.480 E0.92448
G1 X223.764 Y207.763 Z46.366 E0.89522
G1 X223.507 Y208.509 Z46.384 E0.88627
G1 X223.227 Y209.247 Z46.535 E0.90207
G1 X222.923 Y209.976 Z46.806 E0.93681
G1 X222.597 Y210.694 Z47.175 E0.97775
G1 X222.248 Y211.402 Z47.609 E1.01118
G1 X221.877 Y212.099 Z48.071 E1.02688
G1 X221.484 Y212.784 Z48.522 E1.02035
G1 X221.070 Y213.456 Z48.922 E0.99345
G1 X220.635 Y214.114 Z49.238 E0.95413
G1 X220.179 Y214.758 Z49.441 E0.91503
G1 X219.703 Y215.388 Z49.516 E0.89002
G1 X219.207 Y216.002 Z49.458 E0.88849
G1 X218.693 Y216.601 Z49.271 E0.91035
G1 X218.159 Y217.183 Z48.976 E0.94611
G1 X217.608 Y217.747 Z48.599 E0.98199
G1 X217.039 Y218.294 Z48.175 E1.00564
G1 X216.453 Y218.823 Z47.744 E1.00960
G1 X215.850 Y219.333 Z47.345 E0.99265
G1 X215.232 Y219.824 Z47.016 E0.96005
G1 X214.599 Y220.295 Z46.786 E0.92261
G1 X213.951 Y220.746 Z46.679 E0.89416
G1 X213.289 Y221.176 Z46.705 E0.88650
G1 X212.614 Y221.585 Z46.863 E0.90352
G1 X211.926 Y221.972 Z47.139 E0.93894
G1 X211.227 Y222.338 Z47.512 E0.97981
G1 X210.516 Y222.681 Z47.949 E1.01251
G1 X209.795 Y223.001 Z48.411 E1.02711
G1 X209.064 Y223.299 Z48.861 E1.01940
G1 X208.323 Y223.574 Z49.257 E0.99159
G1 X207.575 Y223.825 Z49.567 E0.95194
G1 X206.819 Y224.052 Z49.764 E0.91325
G1 X206.057 Y224.255 Z49.832 E0.88931
G1 X205.288 Y224.434 Z49.767 E0.88910
G1 X204.514 Y224.589 Z49.574 E0.91200
G1 X203.735 Y224.719 Z49.273 E0.94812
G1 X202.953 Y224.825 Z48.893 E0.98363
G1 X202.168 Y224.906 Z48.468 E1.00638
G1 X201.381 Y224.962 Z48.037 E1.00921
G1 X200.592 Y224.993 Z47.641 E0.99125
G1 X199.803 Y224.999 Z47.317 E0.95808
G1 X199.014 Y224.981 Z47.093 E0.92077
G1 X198.225 Y224.937 Z46.993 E0.89316
G1 X197.439 Y224.868 Z47.026 E0.88679
G1 X196.655 Y224.775 Z47.190 E0.90502
G1 X195.875 Y224.657 Z47.473 E0.94108
G1 X195.099 Y224.515 Z47.850 E0.98184
G1 X194.327 Y224.348 Z48.288 E1.01380
G1 X193.561 Y224.157 Z48.752 E1.02726
G1 X192.802 Y223.941 Z49.199 E1.01839
G1 X192.050 Y223.702 Z49.592 E0.98970
G1 X191.305 Y223.439 Z49.896 E0.94975
G1 X190.570 Y223.153 Z50.000 E0.89363
G1 X189.844 Y222.844 Z50.000 E0.88603
G1 X189.128 Y222.512 Z50.000 E0.88603
G1 X188.422 Y222.158 Z49.877 E0.89681
G1 X187.729 Y221.781 Z49.571 E0.95012
G1 X187.047 Y221.383 Z49.187 E0.98523
G1 X186.379 Y220.963 Z48.761 E1.00706
G1 X185.724 Y220.523 Z48.331 E1.00876
G1 X185.083 Y220.062 Z47.938 E0.98981
G1 X184.457 Y219.581 Z47.618 E0.95610
G1 X183.846 Y219.080 Z47.401 E0.91895
G1 X183.252 Y218.561 Z47.307 E0.89222
G1 X182.675 Y218.023 Z47.347 E0.88715
G1 X182.114 Y217.467 Z47.518 E0.90657
G1 X181.572 Y216.894 Z47.806 E0.94323
G1 X181.048 Y216.304 Z48.187 E0.98385
G1 X180.542 Y215.697 Z48.628 E1.01503
G1 X180.057 Y215.075 Z49.092 E1.02736
G1 X179.591 Y214.438 Z49.537 E1.01733
G1 X179.145 Y213.787 Z49.926 E0.98778
G1 X178.720 Y213.121 Z50.000 E0.88991
G1 X178.317 Y212.443 Z50.000 E0.88603
G1 X177.935 Y211.752 Z50.000 E0.88603
G1 X177.575 Y211.050 Z50.000 E0.88603
G1 X177.237 Y210.336 Z50.000 E0.88603
G1 X176.922 Y209.613 Z49.868 E0.89830
G1 X176.630 Y208.879 Z49.481 E0.98680
G1 X176.361 Y208.137 Z49.054 E1.00768
G1 X176.116 Y207.387 Z48.625 E1.00825
G1 X175.895 Y206.629 Z48.235 E0.98832
G1 X175.698 Y205.865 Z47.919 E0.95412
G1 X175.525 Y205.095 Z47.708 E0.91716
G1 X175.376 Y204.320 Z47.622 E0.89135
G1 X175.252 Y203.540 Z47.669 E0.88759
G1 X175.152 Y202.757 Z47.846 E0.90817
G1 X175.078 Y201.971 Z48.140 E0.94540
G1 X175.028 Y201.184 Z48.525 E0.98583
G1 X175.003 Y200.395 Z48.968 E1.01620
G1 X175.003 Y199.605 Z49.432 E1.02739
G1 X175.028 Y198.816 Z49.875 E1.01620
G1 X175.078 Y198.029 Z50.000 E0.89707
G1 X175.152 Y197.243 Z50.000 E0.88603
G1 X175.252 Y196.460 Z50.000 E0.88603
G1 X175.376 Y195.680 Z50.000 E0.88603
G1 X175.525 Y194.905 Z50.000 E0.88603
G1 X175.698 Y194.135 Z50.000 E0.88603
G1 X175.895 Y193.371 Z50.000 E0.88603
G1 X176.116 Y192.613 Z49.775 E0.92129
G1 X176.361 Y191.863 Z49.346 E1.00825
G1 X176.630 Y191.121 Z48.919 E1.00768
G1 X176.922 Y190.387 Z48.532 E0.98680
G1 X177.237 Y189.664 Z48.221 E0.95212
G1 X177.575 Y188.950 Z48.016 E0.91541
G1 X177.935 Y188.248 Z47.937 E0.89054
G1 X178.317 Y187.557 Z47.991 E0.88809
G1 X178.720 Y186.879 Z48.175 E0.90982
G1 X179.145 Y186.213 Z48.474 E0.94757
G1 X179.591 Y185.562 Z48.863 E0.98778
G1 X180.057 Y184.925 Z49.308 E1.01733
G1 X180.542 Y184.303 Z49.772 E1.02736
G1 X181.048 Y183.696 Z50.000 E0.92237
G1 X181.572 Y183.106 Z50.000 E0.88603
G1 X182.114 Y182.533 Z50.000 E0.88603
G1 X182.675 Y181.977 Z50.000 E0.88603
G1 X183.252 Y181.439 Z50.000 E0.88603
G1 X183.846 Y180.920 Z50.000 E0.88603
G1 X184.457 Y180.419 Z50.000 E0.88603
G1 X185.083 Y179.938 Z50.000 E0.88603
G1 X185.724 Y179.477 Z50.000 E0.88603
G1 X186.379 Y179.037 Z49.639 E0.97413
G1 X187.047 Y178.617 Z49.213 E1.00706
G1 X187.729 Y178.219 Z48.829 E0.98523
G1 X188.422 Y177.842 Z48.523 E0.95012
G1 X189.128 Y177.488 Z48.325 E0.91368
G1 X189.844 Y177.156 Z48.252 E0.88979
G1 X190.570 Y176.847 Z48.313 E0.88867
G1 X191.305 Y176.561 Z48.504 E0.91152
G1 X192.050 Y176.298 Z48.808 E0.94975
G1 X192.802 Y176.059 Z49.201 E0.98970
G1 X193.561 Y175.843 Z49.648 E1.01839
G1 X194.327 Y175.652 Z50.000 E0.96994
G1 X195.099 Y175.485 Z50.000 E0.88603
G1 X195.875 Y175.343 Z50.000 E0.88603
G1 X196.655 Y175.225 Z50.000 E0.88603
G1 X197.439 Y175.132 Z50.000 E0.88603
G1 X198.225 Y175.063 Z50.000 E0.88603
G1 X199.014 Y175.019 Z50.000 E0.88603
G1 X199.803 Y175.001 Z50.000 E0.88603
G1 X200.592 Y175.007 Z50.000 E0.88603
G1 X201.381 Y175.038 Z50.000 E0.88603
G1 X202.168 Y175.094 Z49.932 E0.88928
G1 X202.953 Y175.175 Z49.507 E1.00638
G1 X203.735 Y175.281 Z49.127 E0.98363
G1 X204.514 Y175.411 Z48.826 E0.94812
G1 X205.288 Y175.566 Z48.633 E0.91200
G1 X206.057 Y175.745 Z48.568 E0.88910
G1 X206.819 Y175.948 Z48.636 E0.88931
G1 X207.575 Y176.175 Z48.833 E0.91325
G1 X208.323 Y176.426 Z49.143 E0.95194
G1 X209.064 Y176.701 Z49.539 E0.99159
G1 X209.795 Y176.999 Z49.989 E1.01940
G1 X210.516 Y177.319 Z50.000 E0.88612
G1 X211.227 Y177.662 Z50.000 E0.88603
G1 X211.926 Y178.028 Z50.000 E0.88603
G1 X212.614 Y178.415 Z50.000 E0.88603
G1 X213.289 Y178.824 Z50.000 E0.88603
G1 X213.951 Y179.254 Z50.000 E0.88603
G1 X214.599 Y179.705 Z50.000 E0.88603
G1 X215.232 Y180.176 Z50.000 E0.88603
G1 X215.850 Y180.667 Z50.000 E0.88603
G1 X216.453 Y181.177 Z50.000 E0.88603
G1 X217.039 Y181.706 Z50.000 E0.88603
G1 X217.608 Y182.253 Z49.801 E0.91363
G1 X218.159 Y182.817 Z49.424 E0.98199
G1 X218.693 Y183.399 Z49.129 E0.94611
G1 X219.207 Y183.998 Z48.942 E0.91035
G1 X219.703 Y184.612 Z48.884 E0.88849
G1 X220.179 Y185.242 Z48.959 E0.89002
G1 X220.635 Y185.886 Z49.162 E0.91503
G1 X221.070 Y186.544 Z49.478 E0.95413
G1 X221.484 Y187.216 Z49.878 E0.99345
G1 X221.877 Y187.901 Z50.000 E0.89656
G1 X222.248 Y188.598 Z50.000 E0.88603
G1 X222.597 Y189.306 Z50.000 E0.88603
G1 X222.923 Y190.024 Z50.000 E0.88603
G1 X223.227 Y190.753 Z50.000 E0.88603
G1 X223.507 Y191.491 Z50.000 E0.88603
G1 X223.764 Y192.237 Z50.000 E0.88603
G1 X223.997 Y192.991 Z50.000 E0.88603
G1 X224.207 Y193.752 Z50.000 E0.88603
G1 X224.392 Y194.519 Z50.000 E0.88603
G1 X224.553 Y195.292 Z50.000 E0.88603
G1 X224.689 Y196.070 Z50.000 E0.88603
G1 X224.801 Y196.851 Z50.000 E0.88603
G1 X224.888 Y197.636 Z49.722 E0.93931
G1 X224.950 Y198.422 Z49.432 E0.94410
G1 X224.988 Y199.211 Z49.252 E0.90874
G1 X225.000 Y200.000 Z49.200 E0.88794
; --- Ramp ---
G1 X224.987 Y200.801 Z49.216 E0.89977
G1 X224.949 Y201.602 Z49.233 E0.89977
G1 X224.884 Y202.401 Z49.249 E0.89977
G1 X224.795 Y203.197 Z49.265 E0.89977
G1 X224.680 Y203.990 Z49.282 E0.89977
G1 X224.539 Y204.779 Z49.298 E0.89977
G1 X224.373 Y205.563 Z49.314 E0.89977
G1 X224.182 Y206.341 Z49.331 E0.89977
G1 X223.967 Y207.113 Z49.347 E0.89977
G1 X223.726 Y207.878 Z49.363 E0.89977
G1 X223.462 Y208.634 Z49.380 E0.89977
G1 X223.173 Y209.382 Z49.396 E0.89977
G1 X222.860 Y210.120 Z49.412 E0.89977
G1 X222.524 Y210.847 Z49.429 E0.89977
G1 X222.165 Y211.563 Z49.445 E0.89977
G1 X221.783 Y212.268 Z49.461 E0.89977
G1 X221.379 Y212.960 Z49.478 E0.89977
G1 X220.952 Y213.638 Z49.494 E0.89977
G1 X220.504 Y214.303 Z49.510 E0.89977
G1 X220.035 Y214.953 Z49.527 E0.89977
G1 X219.546 Y215.587 Z49.543 E0.89977
G1 X219.036 Y216.206 Z49.559 E0.89977
G1 X218.507 Y216.808 Z49.576 E0.89977
G1 X217.959 Y217.392 Z49.592 E0.89977
G1 X217.392 Y217.959 Z49.608 E0.89977
G1 X216.808 Y218.507 Z49.624 E0.89977
G1 X216.206 Y219.036 Z49.641 E0.89977
G1 X215.587 Y219.546 Z49.657 E0.89977
G1 X214.953 Y220.035 Z49.673 E0.89977
G1 X214.303 Y220.504 Z49.690 E0.89977
G1 X213.638 Y220.952 Z49.706 E0.89977
G1 X212.960 Y221.379 Z49.722 E0.89977
G1 X212.268 Y221.783 Z49.739 E0.89977
G1 X211.563 Y222.165 Z49.755 E0.89977
G1 X210.847 Y222.524 Z49.771 E0.89977
G1 X210.120 Y222.860 Z49.788 E0.89977
G1 X209.382 Y223.173 Z49.804 E0.89977
G1 X208.634 Y223.462 Z49.820 E0.89977
G1 X207.878 Y223.726 Z49.837 E0.89977
G1 X207.113 Y223.967 Z49.853 E0.89977
G1 X206.341 Y224.182 Z49.869 E0.89977
G1 X205.563 Y224.373 Z49.886 E0.89977
G1 X204.779 Y224.539 Z49.902 E0.89977
G1 X203.990 Y224.680 Z49.918 E0.89977
G1 X203.197 Y224.795 Z49.935 E0.89977
G1 X202.401 Y224.884 Z49.951 E0.89977
G1 X201.602 Y224.949 Z49.967 E0.89977
G1 X200.801 Y224.987 Z49.984 E0.89977
G1 X200.000 Y225.000 Z50.000 E0.89977
; --- Top ring ---
G1 X199.211 Y224.988 Z50.000 E0.70882
G1 X198.422 Y224.950 Z50.000 E0.70882
G1 X197.636 Y224.888 Z50.000 E0.70882
G1 X196.851 Y224.801 Z50.000 E0.70882
G1 X196.070 Y224.689 Z50.000 E0.70882
G1 X195.292 Y224.553 Z50.000 E0.70882
G1 X194.519 Y224.392 Z50.000 E0.70882
G1 X193.752 Y224.207 Z50.000 E0.70882
G1 X192.991 Y223.997 Z50.000 E0.70882
G1 X192.237 Y223.764 Z50.000 E0.70882
G1 X191.491 Y223.507 Z50.000 E0.70882
G1 X190.753 Y223.227 Z50.000 E0.70882
G1 X190.024 Y222.923 Z50.000 E0.70882
G1 X189.306 Y222.597 Z50.000 E0.70882
G1 X188.598 Y222.248 Z50.000 E0.70882
G1 X187.901 Y221.877 Z50.000 E0.70882
G1 X187.216 Y221.484 Z50.000 E0.70882
G1 X186.544 Y221.070 Z50.000 E0.70882
G1 X185.886 Y220.635 Z50.000 E0.70882
G1 X185.242 Y220.179 Z50.000 E0.70882
G1 X184.612 Y219.703 Z50.000 E0.70882
G1 X183.998 Y219.207 Z50.000 E0.70882
G1 X183.399 Y218.693 Z50.000 E0.70882
G1 X182.817 Y218.159 Z50.000 E0.70882
G1 X182.253 Y217.608 Z50.000 E0.70882
G1 X181.706 Y217.039 Z50.000 E0.70882
G1 X181.177 Y216.453 Z50.000 E0.70882
G1 X180.667 Y215.850 Z50.000 E0.70882
G1 X180.176 Y215.232 Z50.000 E0.70882
G1 X179.705 Y214.599 Z50.000 E0.70882
G1 X179.254 Y213.951 Z50.000 E0.70882
G1 X178.824 Y213.289 Z50.000 E0.70882
G1 X178.415 Y212.614 Z50.000 E0.70882
G1 X178.028 Y211.926 Z50.000 E0.70882
G1 X177.662 Y211.227 Z50.000 E0.70882
G1 X177.319 Y210.516 Z50.000 E0.70882
G1 X176.999 Y209.795 Z50.000 E0.70882
G1 X176.701 Y209.064 Z50.000 E0.70882
G1 X176.426 Y208.323 Z50.000 E0.70882
G1 X176.175 Y207.575 Z50.000 E0.70882
G1 X175.948 Y206.819 Z50.000 E0.70882
G1 X175.745 Y206.057 Z50.000 E0.70882
G1 X175.566 Y205.288 Z50.000 E0.70882
G1 X175.411 Y204.514 Z50.000 E0.70882
G1 X175.281 Y203.735 Z50.000 E0.70882
G1 X175.175 Y202.953 Z50.000 E0.70882
G1 X175.094 Y202.168 Z50.000 E0.70882
G1 X175.038 Y201.381 Z50.000 E0.70882
G1 X175.007 Y200.592 Z50.000 E0.70882
G1 X175.001 Y199.803 Z50.000 E0.70882
G1 X175.019 Y199.014 Z50.000 E0.70882
G1 X175.063 Y198.225 Z50.000 E0.70882
G1 X175.132 Y197.439 Z50.000 E0.70882
G1 X175.225 Y196.655 Z50.000 E0.70882
G1 X175.343 Y195.875 Z50.000 E0.70882
G1 X175.485 Y195.099 Z50.000 E0.70882
G1 X175.652 Y194.327 Z50.000 E0.70882
G1 X175.843 Y193.561 Z50.000 E0.70882
G1 X176.059 Y192.802 Z50.000 E0.70882
G1 X176.298 Y192.050 Z50.000 E0.70882
G1 X176.561 Y191.305 Z50.000 E0.70882
G1 X176.847 Y190.570 Z50.000 E0.70882
G1 X177.156 Y189.844 Z50.000 E0.70882
G1 X177.488 Y189.128 Z50.000 E0.70882
G1 X177.842 Y188.422 Z50.000 E0.70882
G1 X178.219 Y187.729 Z50.000 E0.70882
G1 X178.617 Y187.047 Z50.000 E0.70882
G1 X179.037 Y186.379 Z50.000 E0.70882
G1 X179.477 Y185.724 Z50.000 E0.70882
G1 X179.938 Y185.083 Z50.000 E0.70882
G1 X180.419 Y184.457 Z50.000 E0.70882
G1 X180.920 Y183.846 Z50.000 E0.70882
G1 X181.439 Y183.252 Z50.000 E0.70882
G1 X181.977 Y182.675 Z50.000 E0.70882
G1 X182.533 Y182.114 Z50.000 E0.70882
G1 X183.106 Y181.572 Z50.000 E0.70882
G1 X183.696 Y181.048 Z50.000 E0.70882
G1 X184.303 Y180.542 Z50.000 E0.70882
G1 X184.925 Y180.057 Z50.000 E0.70882
G1 X185.562 Y179.591 Z50.000 E0.70882
G1 X186.213 Y179.145 Z50.000 E0.70882
G1 X186.879 Y178.720 Z50.000 E0.70882
G1 X187.557 Y178.317 Z50.000 E0.70882
G1 X188.248 Y177.935 Z50.000 E0.70882
G1 X188.950 Y177.575 Z50.000 E0.70882
G1 X189.664 Y177.237 Z50.000 E0.70882
G1 X190.387 Y176.922 Z50.000 E0.70882
G1 X191.121 Y176.630 Z50.000 E0.70882
G1 X191.863 Y176.361 Z50.000 E0.70882
G1 X192.613 Y176.116 Z50.000 E0.70882
G1 X193.371 Y175.895 Z50.000 E0.70882
G1 X194.135 Y175.698 Z50.000 E0.70882
G1 X194.905 Y175.525 Z50.000 E0.70882
G1 X195.680 Y175.376 Z50.000 E0.70882
G1 X196.460 Y175.252 Z50.000 E0.70882
G1 X197.243 Y175.152 Z50.000 E0.70882
G1 X198.029 Y175.078 Z50.000 E0.70882
G1 X198.816 Y175.028 Z50.000 E0.70882
G1 X199.605 Y175.003 Z50.000 E0.70882
G1 X200.395 Y175.003 Z50.000 E0.70882
G1 X201.184 Y175.028 Z50.000 E0.70882
G1 X201.971 Y175.078 Z50.000 E0.70882
G1 X202.757 Y175.152 Z50.000 E0.70882
G1 X203.540 Y175.252 Z50.000 E0.70882
G1 X204.320 Y175.376 Z50.000 E0.70882
G1 X205.095 Y175.525 Z50.000 E0.70882
G1 X205.865 Y175.698 Z50.000 E0.70882
G1 X206.629 Y175.895 Z50.000 E0.70882
G1 X207.387 Y176.116 Z50.000 E0.70882
G1 X208.137 Y176.361 Z50.000 E0.70882
G1 X208.879 Y176.630 Z50.000 E0.70882
G1 X209.613 Y176.922 Z50.000 E0.70882
G1 X210.336 Y177.237 Z50.000 E0.70882
G1 X211.050 Y177.575 Z50.000 E0.70882
G1 X211.752 Y177.935 Z50.000 E0.70882
G1 X212.443 Y178.317 Z50.000 E0.70882
G1 X213.121 Y178.720 Z50.000 E0.70882
G1 X213.787 Y179.145 Z50.000 E0.70882
G1 X214.438 Y179.591 Z50.000 E0.70882
G1 X215.075 Y180.057 Z50.000 E0.70882
G1 X215.697 Y180.542 Z50.000 E0.70882
G1 X216.304 Y181.048 Z50.000 E0.70882
G1 X216.894 Y181.572 Z50.000 E0.70882
G1 X217.467 Y182.114 Z50.000 E0.70882
G1 X218.023 Y182.675 Z50.000 E0.70882
G1 X218.561 Y183.252 Z50.000 E0.70882
G1 X219.080 Y183.846 Z50.000 E0.70882
G1 X219.581 Y184.457 Z50.000 E0.70882
G1 X220.062 Y185.083 Z50.000 E0.70882
G1 X220.523 Y185.724 Z50.000 E0.70882
G1 X220.963 Y186.379 Z50.000 E0.70882
G1 X221.383 Y187.047 Z50.000 E0.70882
G1 X221.781 Y187.729 Z50.000 E0.70882
G1 X222.158 Y188.422 Z50.000 E0.70882
G1 X222.512 Y189.128 Z50.000 E0.70882
G1 X222.844 Y189.844 Z50.000 E0.70882
G1 X223.153 Y190.570 Z50.000 E0.70882
G1 X223.439 Y191.305 Z50.000 E0.70882
G1 X223.702 Y192.050 Z50.000 E0.70882
G1 X223.941 Y192.802 Z50.000 E0.70882
G1 X224.157 Y193.561 Z50.000 E0.70882
G1 X224.348 Y194.327 Z50.000 E0.70882
G1 X224.515 Y195.099 Z50.000 E0.70882
G1 X224.657 Y195.875 Z50.000 E0.70882
G1 X224.775 Y196.655 Z50.000 E0.70882
G1 X224.868 Y197.439 Z50.000 E0.70882
G1 X224.937 Y198.225 Z50.000 E0.70882
G1 X224.981 Y199.014 Z50.000 E0.70882
G1 X224.999 Y199.803 Z50.000 E0.70882
G1 X224.993 Y200.592 Z50.000 E0.70882
G1 X224.962 Y201.381 Z50.000 E0.70882
G1 X224.906 Y202.168 Z50.000 E0.70882
G1 X224.825 Y202.953 Z50.000 E0.70882
G1 X224.719 Y203.735 Z50.000 E0.70882
G1 X224.589 Y204.514 Z50.000 E0.70882
G1 X224.434 Y205.288 Z50.000 E0.70882
G1 X224.255 Y206.057 Z50.000 E0.70882
G1 X224.052 Y206.819 Z50.000 E0.70882
G1 X223.825 Y207.575 Z50.000 E0.70882
G1 X223.574 Y208.323 Z50.000 E0.70882
G1 X223.299 Y209.064 Z50.000 E0.70882
G1 X223.001 Y209.795 Z50.000 E0.70882
G1 X222.681 Y210.516 Z50.000 E0.70882
G1 X222.338 Y211.227 Z50.000 E0.70882
G1 X221.972 Y211.926 Z50.000 E0.70882
G1 X221.585 Y212.614 Z50.000 E0.70882
G1 X221.176 Y213.289 Z50.000 E0.70882
G1 X220.746 Y213.951 Z50.000 E0.70882
G1 X220.295 Y214.599 Z50.000 E0.70882
G1 X219.824 Y215.232 Z50.000 E0.70882
G1 X219.333 Y215.850 Z50.000 E0.70882
G1 X218.823 Y216.453 Z50.000 E0.70882
G1 X218.294 Y217.039 Z50.000 E0.70882
G1 X217.747 Y217.608 Z50.000 E0.70882
G1 X217.183 Y218.159 Z50.000 E0.70882
G1 X216.601 Y218.693 Z50.000 E0.70882
G1 X216.002 Y219.207 Z50.000 E0.70882
G1 X215.388 Y219.703 Z50.000 E0.70882
G1 X214.758 Y220.179 Z50.000 E0.70882
G1 X214.114 Y220.635 Z50.000 E0.70882
G1 X213.456 Y221.070 Z50.000 E0.70882
G1 X212.784 Y221.484 Z50.000 E0.70882
G1 X212.099 Y221.877 Z50.000 E0.70882
G1 X211.402 Y222.248 Z50.000 E0.70882
G1 X210.694 Y222.597 Z50.000 E0.70882
G1 X209.976 Y222.923 Z50.000 E0.70882
G1 X209.247 Y223.227 Z50.000 E0.70882
G1 X208.509 Y223.507 Z50.000 E0.70882
G1 X207.763 Y223.764 Z50.000 E0.70882
G1 X207.009 Y223.997 Z50.000 E0.70882
G1 X206.248 Y224.207 Z50.000 E0.70882
G1 X205.481 Y224.392 Z50.000 E0.70882
G1 X204.708 Y224.553 Z50.000 E0.70882
G1 X203.930 Y224.689 Z50.000 E0.70882
G1 X203.149 Y224.801 Z50.000 E0.70882
G1 X202.364 Y224.888 Z50.000 E0.70882
G1 X201.578 Y224.950 Z50.000 E0.70882
G1 X200.789 Y224.988 Z50.000 E0.70882
G1 X200.000 Y225.000 Z50.000 E0.70882

; --- End sequence ---
M104 S0                ; Nozzle off
M140 S0                ; Bed off
G1 Z60 F6000  ; Lift
G28 X0                 ; Home X
M84                    ; Disable motors