; ==================================================
; Ring Seam Experiment — Phase 1c
; 4×4 = 16 combinations
; ==================================================
; Fixed: Z=0.8mm  Speed=15mm/s  Approach=8.0mm
; Factor A rows (Y): UNRETRACT_OVER_MM = [2, 4, 6, 8]
; Factor B cols (X): OVERLAP_DEG       = [0, 2, 4, 6]
;
; Grid map:
;              Ov=0°      Ov=2°      Ov=4°      Ov=6°
; Unret=8mm  [4,1]X70Y310   [4,2]X150Y310   [4,3]X240Y310   [4,4]X320Y310   
; Unret=6mm  [3,1]X70Y230   [3,2]X150Y230   [3,3]X240Y230   [3,4]X320Y230   
; Unret=4mm  [2,1]X70Y150   [2,2]X150Y150   [2,3]X240Y150   [2,4]X320Y150   
; Unret=2mm  [1,1]X70Y70   [1,2]X150Y70   [1,3]X240Y70   [1,4]X320Y70   
; ==================================================

M104 S200
M140 S60
G28
M106 S0
M109 S200
M190 S60
G21
G90
M83
G92 E0

; --- Initial purge ---
G1 Z10 F3000
G1 X20 Y20 F6000
G1 Z0.80 F2000
G92 E0
G1 E10 F100
G1 X150 E50 F400
G1 X170 F5000
G1 E-3.0 F600
G92 E0

; ============================================================
; [1,1]  Unretract=2mm  Overlap=0°
; Center: X70 Y70
; ============================================================
; Mini purge
G1 Z3.80 F6000
G1 X55.0 Y43.0 F6000
G1 Z0.80 F2000
G92 E0
G1 E3 F150
G1 X85.0 E17.9605 F900
G1 E-3.0 F600
G92 E0
; Ring
G1 Z3.80 F6000
G1 X93.000 Y70.000 F6000
G1 Z0.800 F3000
G1 X91.000 Y70.000 E4.19736 F900
G1 X85.000 Y70.000 E3.59209 F900
G1 F900
G1 X84.993 Y70.474 Z0.800 E0.28353
G1 X84.970 Y70.947 Z0.800 E0.28353
G1 X84.933 Y71.419 Z0.800 E0.28353
G1 X84.881 Y71.889 Z0.800 E0.28353
G1 X84.813 Y72.358 Z0.800 E0.28353
G1 X84.732 Y72.825 Z0.800 E0.28353
G1 X84.635 Y73.288 Z0.800 E0.28353
G1 X84.524 Y73.749 Z0.800 E0.28353
G1 X84.398 Y74.205 Z0.800 E0.28353
G1 X84.259 Y74.658 Z0.800 E0.28353
G1 X84.104 Y75.106 Z0.800 E0.28353
G1 X83.936 Y75.548 Z0.800 E0.28353
G1 X83.754 Y75.985 Z0.800 E0.28353
G1 X83.558 Y76.417 Z0.800 E0.28353
G1 X83.349 Y76.841 Z0.800 E0.28353
G1 X83.126 Y77.259 Z0.800 E0.28353
G1 X82.891 Y77.670 Z0.800 E0.28353
G1 X82.642 Y78.073 Z0.800 E0.28353
G1 X82.381 Y78.468 Z0.800 E0.28353
G1 X82.107 Y78.855 Z0.800 E0.28353
G1 X81.822 Y79.233 Z0.800 E0.28353
G1 X81.524 Y79.601 Z0.800 E0.28353
G1 X81.216 Y79.960 Z0.800 E0.28353
G1 X80.896 Y80.310 Z0.800 E0.28353
G1 X80.565 Y80.648 Z0.800 E0.28353
G1 X80.223 Y80.977 Z0.800 E0.28353
G1 X79.872 Y81.294 Z0.800 E0.28353
G1 X79.510 Y81.600 Z0.800 E0.28353
G1 X79.139 Y81.894 Z0.800 E0.28353
G1 X78.759 Y82.177 Z0.800 E0.28353
G1 X78.370 Y82.447 Z0.800 E0.28353
G1 X77.973 Y82.705 Z0.800 E0.28353
G1 X77.568 Y82.951 Z0.800 E0.28353
G1 X77.156 Y83.183 Z0.800 E0.28353
G1 X76.736 Y83.403 Z0.800 E0.28353
G1 X76.309 Y83.608 Z0.800 E0.28353
G1 X75.877 Y83.801 Z0.800 E0.28353
G1 X75.438 Y83.980 Z0.800 E0.28353
G1 X74.994 Y84.144 Z0.800 E0.28353
G1 X74.545 Y84.295 Z0.800 E0.28353
G1 X74.092 Y84.431 Z0.800 E0.28353
G1 X73.634 Y84.553 Z0.800 E0.28353
G1 X73.173 Y84.661 Z0.800 E0.28353
G1 X72.708 Y84.753 Z0.800 E0.28353
G1 X72.241 Y84.832 Z0.800 E0.28353
G1 X71.772 Y84.895 Z0.800 E0.28353
G1 X71.301 Y84.943 Z0.800 E0.28353
G1 X70.828 Y84.977 Z0.800 E0.28353
G1 X70.355 Y84.996 Z0.800 E0.28353
G1 X69.882 Y85.000 Z0.800 E0.28353
G1 X69.408 Y84.988 Z0.800 E0.28353
G1 X68.935 Y84.962 Z0.800 E0.28353
G1 X68.463 Y84.921 Z0.800 E0.28353
G1 X67.993 Y84.865 Z0.800 E0.28353
G1 X67.525 Y84.794 Z0.800 E0.28353
G1 X67.059 Y84.709 Z0.800 E0.28353
G1 X66.596 Y84.609 Z0.800 E0.28353
G1 X66.137 Y84.494 Z0.800 E0.28353
G1 X65.681 Y84.365 Z0.800 E0.28353
G1 X65.230 Y84.221 Z0.800 E0.28353
G1 X64.783 Y84.064 Z0.800 E0.28353
G1 X64.342 Y83.892 Z0.800 E0.28353
G1 X63.906 Y83.706 Z0.800 E0.28353
G1 X63.477 Y83.507 Z0.800 E0.28353
G1 X63.053 Y83.295 Z0.800 E0.28353
G1 X62.637 Y83.069 Z0.800 E0.28353
G1 X62.228 Y82.830 Z0.800 E0.28353
G1 X61.827 Y82.578 Z0.800 E0.28353
G1 X61.434 Y82.314 Z0.800 E0.28353
G1 X61.050 Y82.037 Z0.800 E0.28353
G1 X60.674 Y81.749 Z0.800 E0.28353
G1 X60.308 Y81.448 Z0.800 E0.28353
G1 X59.951 Y81.137 Z0.800 E0.28353
G1 X59.605 Y80.814 Z0.800 E0.28353
G1 X59.269 Y80.480 Z0.800 E0.28353
G1 X58.943 Y80.136 Z0.800 E0.28353
G1 X58.629 Y79.782 Z0.800 E0.28353
G1 X58.325 Y79.418 Z0.800 E0.28353
G1 X58.034 Y79.045 Z0.800 E0.28353
G1 X57.754 Y78.663 Z0.800 E0.28353
G1 X57.487 Y78.272 Z0.800 E0.28353
G1 X57.232 Y77.873 Z0.800 E0.28353
G1 X56.990 Y77.466 Z0.800 E0.28353
G1 X56.761 Y77.051 Z0.800 E0.28353
G1 X56.545 Y76.630 Z0.800 E0.28353
G1 X56.342 Y76.202 Z0.800 E0.28353
G1 X56.153 Y75.768 Z0.800 E0.28353
G1 X55.978 Y75.328 Z0.800 E0.28353
G1 X55.817 Y74.882 Z0.800 E0.28353
G1 X55.670 Y74.432 Z0.800 E0.28353
G1 X55.537 Y73.978 Z0.800 E0.28353
G1 X55.419 Y73.519 Z0.800 E0.28353
G1 X55.315 Y73.057 Z0.800 E0.28353
G1 X55.226 Y72.592 Z0.800 E0.28353
G1 X55.151 Y72.124 Z0.800 E0.28353
G1 X55.091 Y71.654 Z0.800 E0.28353
G1 X55.047 Y71.183 Z0.800 E0.28353
G1 X55.017 Y70.710 Z0.800 E0.28353
G1 X55.002 Y70.237 Z0.800 E0.28353
G1 X55.002 Y69.763 Z0.800 E0.28353
G1 X55.017 Y69.290 Z0.800 E0.28353
G1 X55.047 Y68.817 Z0.800 E0.28353
G1 X55.091 Y68.346 Z0.800 E0.28353
G1 X55.151 Y67.876 Z0.800 E0.28353
G1 X55.226 Y67.408 Z0.800 E0.28353
G1 X55.315 Y66.943 Z0.800 E0.28353
G1 X55.419 Y66.481 Z0.800 E0.28353
G1 X55.537 Y66.022 Z0.800 E0.28353
G1 X55.670 Y65.568 Z0.800 E0.28353
G1 X55.817 Y65.118 Z0.800 E0.28353
G1 X55.978 Y64.672 Z0.800 E0.28353
G1 X56.153 Y64.232 Z0.800 E0.28353
G1 X56.342 Y63.798 Z0.800 E0.28353
G1 X56.545 Y63.370 Z0.800 E0.28353
G1 X56.761 Y62.949 Z0.800 E0.28353
G1 X56.990 Y62.534 Z0.800 E0.28353
G1 X57.232 Y62.127 Z0.800 E0.28353
G1 X57.487 Y61.728 Z0.800 E0.28353
G1 X57.754 Y61.337 Z0.800 E0.28353
G1 X58.034 Y60.955 Z0.800 E0.28353
G1 X58.325 Y60.582 Z0.800 E0.28353
G1 X58.629 Y60.218 Z0.800 E0.28353
G1 X58.943 Y59.864 Z0.800 E0.28353
G1 X59.269 Y59.520 Z0.800 E0.28353
G1 X59.605 Y59.186 Z0.800 E0.28353
G1 X59.951 Y58.863 Z0.800 E0.28353
G1 X60.308 Y58.552 Z0.800 E0.28353
G1 X60.674 Y58.251 Z0.800 E0.28353
G1 X61.050 Y57.963 Z0.800 E0.28353
G1 X61.434 Y57.686 Z0.800 E0.28353
G1 X61.827 Y57.422 Z0.800 E0.28353
G1 X62.228 Y57.170 Z0.800 E0.28353
G1 X62.637 Y56.931 Z0.800 E0.28353
G1 X63.053 Y56.705 Z0.800 E0.28353
G1 X63.477 Y56.493 Z0.800 E0.28353
G1 X63.906 Y56.294 Z0.800 E0.28353
G1 X64.342 Y56.108 Z0.800 E0.28353
G1 X64.783 Y55.936 Z0.800 E0.28353
G1 X65.230 Y55.779 Z0.800 E0.28353
G1 X65.681 Y55.635 Z0.800 E0.28353
G1 X66.137 Y55.506 Z0.800 E0.28353
G1 X66.596 Y55.391 Z0.800 E0.28353
G1 X67.059 Y55.291 Z0.800 E0.28353
G1 X67.525 Y55.206 Z0.800 E0.28353
G1 X67.993 Y55.135 Z0.800 E0.28353
G1 X68.463 Y55.079 Z0.800 E0.28353
G1 X68.935 Y55.038 Z0.800 E0.28353
G1 X69.408 Y55.012 Z0.800 E0.28353
G1 X69.882 Y55.000 Z0.800 E0.28353
G1 X70.355 Y55.004 Z0.800 E0.28353
G1 X70.828 Y55.023 Z0.800 E0.28353
G1 X71.301 Y55.057 Z0.800 E0.28353
G1 X71.772 Y55.105 Z0.800 E0.28353
G1 X72.241 Y55.168 Z0.800 E0.28353
G1 X72.708 Y55.247 Z0.800 E0.28353
G1 X73.173 Y55.339 Z0.800 E0.28353
G1 X73.634 Y55.447 Z0.800 E0.28353
G1 X74.092 Y55.569 Z0.800 E0.28353
G1 X74.545 Y55.705 Z0.800 E0.28353
G1 X74.994 Y55.856 Z0.800 E0.28353
G1 X75.438 Y56.020 Z0.800 E0.28353
G1 X75.877 Y56.199 Z0.800 E0.28353
G1 X76.309 Y56.392 Z0.800 E0.28353
G1 X76.736 Y56.597 Z0.800 E0.28353
G1 X77.156 Y56.817 Z0.800 E0.28353
G1 X77.568 Y57.049 Z0.800 E0.28353
G1 X77.973 Y57.295 Z0.800 E0.28353
G1 X78.370 Y57.553 Z0.800 E0.28353
G1 X78.759 Y57.823 Z0.800 E0.28353
G1 X79.139 Y58.106 Z0.800 E0.28353
G1 X79.510 Y58.400 Z0.800 E0.28353
G1 X79.872 Y58.706 Z0.800 E0.28353
G1 X80.223 Y59.023 Z0.800 E0.28353
G1 X80.565 Y59.352 Z0.800 E0.28353
G1 X80.896 Y59.690 Z0.800 E0.28353
G1 X81.216 Y60.040 Z0.800 E0.28353
G1 X81.524 Y60.399 Z0.800 E0.28353
G1 X81.822 Y60.767 Z0.800 E0.28353
G1 X82.107 Y61.145 Z0.800 E0.28353
G1 X82.381 Y61.532 Z0.800 E0.28353
G1 X82.642 Y61.927 Z0.800 E0.28353
G1 X82.891 Y62.330 Z0.800 E0.28353
G1 X83.126 Y62.741 Z0.800 E0.28353
G1 X83.349 Y63.159 Z0.800 E0.28353
G1 X83.558 Y63.583 Z0.800 E0.28353
G1 X83.754 Y64.015 Z0.800 E0.28353
G1 X83.936 Y64.452 Z0.800 E0.28353
G1 X84.104 Y64.894 Z0.800 E0.28353
G1 X84.259 Y65.342 Z0.800 E0.28353
G1 X84.398 Y65.795 Z0.800 E0.28353
G1 X84.524 Y66.251 Z0.800 E0.28353
G1 X84.635 Y66.712 Z0.800 E0.28353
G1 X84.732 Y67.175 Z0.800 E0.28353
G1 X84.813 Y67.642 Z0.800 E0.28353
G1 X84.881 Y68.111 Z0.800 E0.28353
G1 X84.933 Y68.581 Z0.800 E0.28353
G1 X84.970 Y69.053 Z0.800 E0.28353
G1 X84.993 Y69.526 Z0.800 E0.28353
G1 X85.000 Y70.000 Z0.800 E0.28353
G1 E-3.0 F600
G92 E0

; ============================================================
; [1,2]  Unretract=2mm  Overlap=2°
; Center: X150 Y70
; ============================================================
; Mini purge
G1 Z3.80 F6000
G1 X135.0 Y43.0 F6000
G1 Z0.80 F2000
G92 E0
G1 E3 F150
G1 X165.0 E17.9605 F900
G1 E-3.0 F600
G92 E0
; Ring
G1 Z3.80 F6000
G1 X173.000 Y70.000 F6000
G1 Z0.800 F3000
G1 X171.000 Y70.000 E4.19736 F900
G1 X165.000 Y70.000 E3.59209 F900
G1 F900
G1 X164.992 Y70.476 Z0.800 E0.28510
G1 X164.970 Y70.952 Z0.800 E0.28510
G1 X164.932 Y71.427 Z0.800 E0.28510
G1 X164.879 Y71.900 Z0.800 E0.28510
G1 X164.811 Y72.371 Z0.800 E0.28510
G1 X164.729 Y72.840 Z0.800 E0.28510
G1 X164.631 Y73.306 Z0.800 E0.28510
G1 X164.519 Y73.769 Z0.800 E0.28510
G1 X164.392 Y74.228 Z0.800 E0.28510
G1 X164.250 Y74.683 Z0.800 E0.28510
G1 X164.094 Y75.133 Z0.800 E0.28510
G1 X163.924 Y75.578 Z0.800 E0.28510
G1 X163.740 Y76.017 Z0.800 E0.28510
G1 X163.542 Y76.450 Z0.800 E0.28510
G1 X163.331 Y76.877 Z0.800 E0.28510
G1 X163.106 Y77.296 Z0.800 E0.28510
G1 X162.868 Y77.709 Z0.800 E0.28510
G1 X162.616 Y78.113 Z0.800 E0.28510
G1 X162.353 Y78.510 Z0.800 E0.28510
G1 X162.076 Y78.897 Z0.800 E0.28510
G1 X161.788 Y79.276 Z0.800 E0.28510
G1 X161.487 Y79.646 Z0.800 E0.28510
G1 X161.175 Y80.006 Z0.800 E0.28510
G1 X160.852 Y80.355 Z0.800 E0.28510
G1 X160.518 Y80.695 Z0.800 E0.28510
G1 X160.173 Y81.023 Z0.800 E0.28510
G1 X159.818 Y81.340 Z0.800 E0.28510
G1 X159.453 Y81.646 Z0.800 E0.28510
G1 X159.079 Y81.941 Z0.800 E0.28510
G1 X158.695 Y82.223 Z0.800 E0.28510
G1 X158.303 Y82.493 Z0.800 E0.28510
G1 X157.902 Y82.750 Z0.800 E0.28510
G1 X157.493 Y82.994 Z0.800 E0.28510
G1 X157.077 Y83.226 Z0.800 E0.28510
G1 X156.653 Y83.444 Z0.800 E0.28510
G1 X156.223 Y83.648 Z0.800 E0.28510
G1 X155.787 Y83.839 Z0.800 E0.28510
G1 X155.345 Y84.015 Z0.800 E0.28510
G1 X154.897 Y84.178 Z0.800 E0.28510
G1 X154.445 Y84.326 Z0.800 E0.28510
G1 X153.988 Y84.460 Z0.800 E0.28510
G1 X153.527 Y84.580 Z0.800 E0.28510
G1 X153.062 Y84.684 Z0.800 E0.28510
G1 X152.594 Y84.774 Z0.800 E0.28510
G1 X152.124 Y84.849 Z0.800 E0.28510
G1 X151.652 Y84.909 Z0.800 E0.28510
G1 X151.178 Y84.954 Z0.800 E0.28510
G1 X150.702 Y84.984 Z0.800 E0.28510
G1 X150.226 Y84.998 Z0.800 E0.28510
G1 X149.750 Y84.998 Z0.800 E0.28510
G1 X149.274 Y84.982 Z0.800 E0.28510
G1 X148.799 Y84.952 Z0.800 E0.28510
G1 X148.325 Y84.906 Z0.800 E0.28510
G1 X147.852 Y84.845 Z0.800 E0.28510
G1 X147.382 Y84.770 Z0.800 E0.28510
G1 X146.915 Y84.679 Z0.800 E0.28510
G1 X146.450 Y84.574 Z0.800 E0.28510
G1 X145.990 Y84.454 Z0.800 E0.28510
G1 X145.533 Y84.319 Z0.800 E0.28510
G1 X145.080 Y84.170 Z0.800 E0.28510
G1 X144.633 Y84.007 Z0.800 E0.28510
G1 X144.191 Y83.830 Z0.800 E0.28510
G1 X143.755 Y83.638 Z0.800 E0.28510
G1 X143.325 Y83.433 Z0.800 E0.28510
G1 X142.902 Y83.214 Z0.800 E0.28510
G1 X142.486 Y82.982 Z0.800 E0.28510
G1 X142.078 Y82.737 Z0.800 E0.28510
G1 X141.678 Y82.480 Z0.800 E0.28510
G1 X141.286 Y82.209 Z0.800 E0.28510
G1 X140.903 Y81.926 Z0.800 E0.28510
G1 X140.529 Y81.631 Z0.800 E0.28510
G1 X140.164 Y81.325 Z0.800 E0.28510
G1 X139.810 Y81.007 Z0.800 E0.28510
G1 X139.465 Y80.678 Z0.800 E0.28510
G1 X139.132 Y80.338 Z0.800 E0.28510
G1 X138.809 Y79.988 Z0.800 E0.28510
G1 X138.498 Y79.628 Z0.800 E0.28510
G1 X138.198 Y79.258 Z0.800 E0.28510
G1 X137.910 Y78.878 Z0.800 E0.28510
G1 X137.634 Y78.490 Z0.800 E0.28510
G1 X137.371 Y78.093 Z0.800 E0.28510
G1 X137.120 Y77.688 Z0.800 E0.28510
G1 X136.883 Y77.276 Z0.800 E0.28510
G1 X136.658 Y76.856 Z0.800 E0.28510
G1 X136.447 Y76.429 Z0.800 E0.28510
G1 X136.250 Y75.995 Z0.800 E0.28510
G1 X136.067 Y75.556 Z0.800 E0.28510
G1 X135.897 Y75.111 Z0.800 E0.28510
G1 X135.742 Y74.660 Z0.800 E0.28510
G1 X135.602 Y74.205 Z0.800 E0.28510
G1 X135.475 Y73.746 Z0.800 E0.28510
G1 X135.364 Y73.283 Z0.800 E0.28510
G1 X135.267 Y72.817 Z0.800 E0.28510
G1 X135.185 Y72.348 Z0.800 E0.28510
G1 X135.118 Y71.876 Z0.800 E0.28510
G1 X135.066 Y71.403 Z0.800 E0.28510
G1 X135.029 Y70.928 Z0.800 E0.28510
G1 X135.007 Y70.452 Z0.800 E0.28510
G1 X135.000 Y69.976 Z0.800 E0.28510
G1 X135.008 Y69.500 Z0.800 E0.28510
G1 X135.032 Y69.025 Z0.800 E0.28510
G1 X135.070 Y68.550 Z0.800 E0.28510
G1 X135.124 Y68.077 Z0.800 E0.28510
G1 X135.192 Y67.605 Z0.800 E0.28510
G1 X135.276 Y67.137 Z0.800 E0.28510
G1 X135.374 Y66.671 Z0.800 E0.28510
G1 X135.487 Y66.208 Z0.800 E0.28510
G1 X135.615 Y65.749 Z0.800 E0.28510
G1 X135.757 Y65.295 Z0.800 E0.28510
G1 X135.914 Y64.845 Z0.800 E0.28510
G1 X136.084 Y64.400 Z0.800 E0.28510
G1 X136.269 Y63.962 Z0.800 E0.28510
G1 X136.468 Y63.529 Z0.800 E0.28510
G1 X136.680 Y63.102 Z0.800 E0.28510
G1 X136.906 Y62.683 Z0.800 E0.28510
G1 X137.145 Y62.271 Z0.800 E0.28510
G1 X137.396 Y61.867 Z0.800 E0.28510
G1 X137.661 Y61.471 Z0.800 E0.28510
G1 X137.938 Y61.083 Z0.800 E0.28510
G1 X138.227 Y60.705 Z0.800 E0.28510
G1 X138.528 Y60.336 Z0.800 E0.28510
G1 X138.841 Y59.977 Z0.800 E0.28510
G1 X139.164 Y59.628 Z0.800 E0.28510
G1 X139.499 Y59.289 Z0.800 E0.28510
G1 X139.844 Y58.961 Z0.800 E0.28510
G1 X140.200 Y58.644 Z0.800 E0.28510
G1 X140.565 Y58.339 Z0.800 E0.28510
G1 X140.940 Y58.045 Z0.800 E0.28510
G1 X141.324 Y57.763 Z0.800 E0.28510
G1 X141.717 Y57.494 Z0.800 E0.28510
G1 X142.118 Y57.238 Z0.800 E0.28510
G1 X142.527 Y56.994 Z0.800 E0.28510
G1 X142.944 Y56.763 Z0.800 E0.28510
G1 X143.368 Y56.546 Z0.800 E0.28510
G1 X143.798 Y56.342 Z0.800 E0.28510
G1 X144.235 Y56.152 Z0.800 E0.28510
G1 X144.677 Y55.976 Z0.800 E0.28510
G1 X145.125 Y55.814 Z0.800 E0.28510
G1 X145.578 Y55.667 Z0.800 E0.28510
G1 X146.035 Y55.533 Z0.800 E0.28510
G1 X146.496 Y55.415 Z0.800 E0.28510
G1 X146.961 Y55.311 Z0.800 E0.28510
G1 X147.429 Y55.222 Z0.800 E0.28510
G1 X147.899 Y55.148 Z0.800 E0.28510
G1 X148.372 Y55.089 Z0.800 E0.28510
G1 X148.846 Y55.044 Z0.800 E0.28510
G1 X149.321 Y55.015 Z0.800 E0.28510
G1 X149.797 Y55.001 Z0.800 E0.28510
G1 X150.274 Y55.002 Z0.800 E0.28510
G1 X150.750 Y55.019 Z0.800 E0.28510
G1 X151.225 Y55.050 Z0.800 E0.28510
G1 X151.699 Y55.096 Z0.800 E0.28510
G1 X152.171 Y55.158 Z0.800 E0.28510
G1 X152.641 Y55.234 Z0.800 E0.28510
G1 X153.108 Y55.326 Z0.800 E0.28510
G1 X153.573 Y55.432 Z0.800 E0.28510
G1 X154.033 Y55.552 Z0.800 E0.28510
G1 X154.490 Y55.688 Z0.800 E0.28510
G1 X154.942 Y55.837 Z0.800 E0.28510
G1 X155.389 Y56.001 Z0.800 E0.28510
G1 X155.831 Y56.180 Z0.800 E0.28510
G1 X156.266 Y56.372 Z0.800 E0.28510
G1 X156.696 Y56.577 Z0.800 E0.28510
G1 X157.119 Y56.797 Z0.800 E0.28510
G1 X157.534 Y57.029 Z0.800 E0.28510
G1 X157.942 Y57.275 Z0.800 E0.28510
G1 X158.342 Y57.534 Z0.800 E0.28510
G1 X158.734 Y57.805 Z0.800 E0.28510
G1 X159.116 Y58.088 Z0.800 E0.28510
G1 X159.490 Y58.383 Z0.800 E0.28510
G1 X159.854 Y58.691 Z0.800 E0.28510
G1 X160.208 Y59.009 Z0.800 E0.28510
G1 X160.552 Y59.339 Z0.800 E0.28510
G1 X160.885 Y59.679 Z0.800 E0.28510
G1 X161.207 Y60.030 Z0.800 E0.28510
G1 X161.518 Y60.390 Z0.800 E0.28510
G1 X161.817 Y60.761 Z0.800 E0.28510
G1 X162.104 Y61.141 Z0.800 E0.28510
G1 X162.379 Y61.529 Z0.800 E0.28510
G1 X162.642 Y61.927 Z0.800 E0.28510
G1 X162.892 Y62.332 Z0.800 E0.28510
G1 X163.129 Y62.745 Z0.800 E0.28510
G1 X163.353 Y63.166 Z0.800 E0.28510
G1 X163.563 Y63.593 Z0.800 E0.28510
G1 X163.759 Y64.027 Z0.800 E0.28510
G1 X163.942 Y64.466 Z0.800 E0.28510
G1 X164.111 Y64.912 Z0.800 E0.28510
G1 X164.265 Y65.362 Z0.800 E0.28510
G1 X164.405 Y65.817 Z0.800 E0.28510
G1 X164.531 Y66.277 Z0.800 E0.28510
G1 X164.641 Y66.740 Z0.800 E0.28510
G1 X164.738 Y67.206 Z0.800 E0.28510
G1 X164.819 Y67.676 Z0.800 E0.28510
G1 X164.885 Y68.147 Z0.800 E0.28510
G1 X164.936 Y68.621 Z0.800 E0.28510
G1 X164.973 Y69.095 Z0.800 E0.28510
G1 X164.994 Y69.571 Z0.800 E0.28510
G1 X165.000 Y70.047 Z0.800 E0.28510
G1 X164.991 Y70.523 Z0.800 E0.28510
G1 E-3.0 F600
G92 E0

; ============================================================
; [1,3]  Unretract=2mm  Overlap=4°
; Center: X240 Y70
; ============================================================
; Mini purge
G1 Z3.80 F6000
G1 X225.0 Y43.0 F6000
G1 Z0.80 F2000
G92 E0
G1 E3 F150
G1 X255.0 E17.9605 F900
G1 E-3.0 F600
G92 E0
; Ring
G1 Z3.80 F6000
G1 X263.000 Y70.000 F6000
G1 Z0.800 F3000
G1 X261.000 Y70.000 E4.19736 F900
G1 X255.000 Y70.000 E3.59209 F900
G1 F900
G1 X254.992 Y70.479 Z0.800 E0.28668
G1 X254.969 Y70.957 Z0.800 E0.28668
G1 X254.931 Y71.434 Z0.800 E0.28668
G1 X254.878 Y71.910 Z0.800 E0.28668
G1 X254.809 Y72.384 Z0.800 E0.28668
G1 X254.726 Y72.856 Z0.800 E0.28668
G1 X254.627 Y73.324 Z0.800 E0.28668
G1 X254.513 Y73.789 Z0.800 E0.28668
G1 X254.385 Y74.251 Z0.800 E0.28668
G1 X254.242 Y74.708 Z0.800 E0.28668
G1 X254.085 Y75.160 Z0.800 E0.28668
G1 X253.913 Y75.607 Z0.800 E0.28668
G1 X253.727 Y76.048 Z0.800 E0.28668
G1 X253.527 Y76.483 Z0.800 E0.28668
G1 X253.313 Y76.912 Z0.800 E0.28668
G1 X253.085 Y77.333 Z0.800 E0.28668
G1 X252.845 Y77.747 Z0.800 E0.28668
G1 X252.591 Y78.153 Z0.800 E0.28668
G1 X252.324 Y78.551 Z0.800 E0.28668
G1 X252.045 Y78.940 Z0.800 E0.28668
G1 X251.753 Y79.320 Z0.800 E0.28668
G1 X251.450 Y79.690 Z0.800 E0.28668
G1 X251.135 Y80.051 Z0.800 E0.28668
G1 X250.808 Y80.401 Z0.800 E0.28668
G1 X250.471 Y80.741 Z0.800 E0.28668
G1 X250.123 Y81.069 Z0.800 E0.28668
G1 X249.764 Y81.387 Z0.800 E0.28668
G1 X249.396 Y81.693 Z0.800 E0.28668
G1 X249.018 Y81.987 Z0.800 E0.28668
G1 X248.631 Y82.268 Z0.800 E0.28668
G1 X248.235 Y82.538 Z0.800 E0.28668
G1 X247.830 Y82.794 Z0.800 E0.28668
G1 X247.418 Y83.037 Z0.800 E0.28668
G1 X246.998 Y83.268 Z0.800 E0.28668
G1 X246.571 Y83.484 Z0.800 E0.28668
G1 X246.137 Y83.687 Z0.800 E0.28668
G1 X245.697 Y83.876 Z0.800 E0.28668
G1 X245.251 Y84.051 Z0.800 E0.28668
G1 X244.800 Y84.211 Z0.800 E0.28668
G1 X244.344 Y84.357 Z0.800 E0.28668
G1 X243.884 Y84.489 Z0.800 E0.28668
G1 X243.419 Y84.605 Z0.800 E0.28668
G1 X242.951 Y84.707 Z0.800 E0.28668
G1 X242.480 Y84.794 Z0.800 E0.28668
G1 X242.007 Y84.865 Z0.800 E0.28668
G1 X241.531 Y84.922 Z0.800 E0.28668
G1 X241.054 Y84.963 Z0.800 E0.28668
G1 X240.576 Y84.989 Z0.800 E0.28668
G1 X240.097 Y85.000 Z0.800 E0.28668
G1 X239.619 Y84.995 Z0.800 E0.28668
G1 X239.140 Y84.975 Z0.800 E0.28668
G1 X238.663 Y84.940 Z0.800 E0.28668
G1 X238.186 Y84.890 Z0.800 E0.28668
G1 X237.712 Y84.824 Z0.800 E0.28668
G1 X237.240 Y84.744 Z0.800 E0.28668
G1 X236.771 Y84.648 Z0.800 E0.28668
G1 X236.305 Y84.538 Z0.800 E0.28668
G1 X235.843 Y84.412 Z0.800 E0.28668
G1 X235.385 Y84.272 Z0.800 E0.28668
G1 X234.932 Y84.118 Z0.800 E0.28668
G1 X234.484 Y83.949 Z0.800 E0.28668
G1 X234.041 Y83.766 Z0.800 E0.28668
G1 X233.605 Y83.568 Z0.800 E0.28668
G1 X233.175 Y83.357 Z0.800 E0.28668
G1 X232.752 Y83.133 Z0.800 E0.28668
G1 X232.337 Y82.895 Z0.800 E0.28668
G1 X231.929 Y82.643 Z0.800 E0.28668
G1 X231.529 Y82.379 Z0.800 E0.28668
G1 X231.139 Y82.103 Z0.800 E0.28668
G1 X230.757 Y81.814 Z0.800 E0.28668
G1 X230.384 Y81.513 Z0.800 E0.28668
G1 X230.022 Y81.200 Z0.800 E0.28668
G1 X229.669 Y80.876 Z0.800 E0.28668
G1 X229.328 Y80.540 Z0.800 E0.28668
G1 X228.997 Y80.194 Z0.800 E0.28668
G1 X228.677 Y79.838 Z0.800 E0.28668
G1 X228.369 Y79.471 Z0.800 E0.28668
G1 X228.072 Y79.095 Z0.800 E0.28668
G1 X227.788 Y78.710 Z0.800 E0.28668
G1 X227.516 Y78.316 Z0.800 E0.28668
G1 X227.257 Y77.913 Z0.800 E0.28668
G1 X227.011 Y77.502 Z0.800 E0.28668
G1 X226.778 Y77.084 Z0.800 E0.28668
G1 X226.559 Y76.658 Z0.800 E0.28668
G1 X226.353 Y76.226 Z0.800 E0.28668
G1 X226.161 Y75.787 Z0.800 E0.28668
G1 X225.984 Y75.342 Z0.800 E0.28668
G1 X225.820 Y74.892 Z0.800 E0.28668
G1 X225.671 Y74.437 Z0.800 E0.28668
G1 X225.537 Y73.978 Z0.800 E0.28668
G1 X225.417 Y73.514 Z0.800 E0.28668
G1 X225.313 Y73.047 Z0.800 E0.28668
G1 X225.223 Y72.576 Z0.800 E0.28668
G1 X225.148 Y72.103 Z0.800 E0.28668
G1 X225.089 Y71.628 Z0.800 E0.28668
G1 X225.044 Y71.151 Z0.800 E0.28668
G1 X225.015 Y70.673 Z0.800 E0.28668
G1 X225.001 Y70.195 Z0.800 E0.28668
G1 X225.003 Y69.716 Z0.800 E0.28668
G1 X225.019 Y69.237 Z0.800 E0.28668
G1 X225.051 Y68.760 Z0.800 E0.28668
G1 X225.099 Y68.283 Z0.800 E0.28668
G1 X225.161 Y67.808 Z0.800 E0.28668
G1 X225.239 Y67.336 Z0.800 E0.28668
G1 X225.331 Y66.866 Z0.800 E0.28668
G1 X225.439 Y66.399 Z0.800 E0.28668
G1 X225.561 Y65.936 Z0.800 E0.28668
G1 X225.698 Y65.477 Z0.800 E0.28668
G1 X225.850 Y65.023 Z0.800 E0.28668
G1 X226.016 Y64.574 Z0.800 E0.28668
G1 X226.196 Y64.131 Z0.800 E0.28668
G1 X226.390 Y63.693 Z0.800 E0.28668
G1 X226.599 Y63.262 Z0.800 E0.28668
G1 X226.821 Y62.837 Z0.800 E0.28668
G1 X227.056 Y62.420 Z0.800 E0.28668
G1 X227.304 Y62.011 Z0.800 E0.28668
G1 X227.566 Y61.610 Z0.800 E0.28668
G1 X227.840 Y61.217 Z0.800 E0.28668
G1 X228.127 Y60.834 Z0.800 E0.28668
G1 X228.425 Y60.459 Z0.800 E0.28668
G1 X228.736 Y60.095 Z0.800 E0.28668
G1 X229.058 Y59.740 Z0.800 E0.28668
G1 X229.391 Y59.396 Z0.800 E0.28668
G1 X229.734 Y59.063 Z0.800 E0.28668
G1 X230.089 Y58.741 Z0.800 E0.28668
G1 X230.453 Y58.430 Z0.800 E0.28668
G1 X230.827 Y58.131 Z0.800 E0.28668
G1 X231.211 Y57.845 Z0.800 E0.28668
G1 X231.603 Y57.570 Z0.800 E0.28668
G1 X232.004 Y57.309 Z0.800 E0.28668
G1 X232.414 Y57.060 Z0.800 E0.28668
G1 X232.830 Y56.824 Z0.800 E0.28668
G1 X233.255 Y56.602 Z0.800 E0.28668
G1 X233.686 Y56.394 Z0.800 E0.28668
G1 X234.123 Y56.199 Z0.800 E0.28668
G1 X234.567 Y56.019 Z0.800 E0.28668
G1 X235.016 Y55.852 Z0.800 E0.28668
G1 X235.470 Y55.700 Z0.800 E0.28668
G1 X235.929 Y55.563 Z0.800 E0.28668
G1 X236.392 Y55.440 Z0.800 E0.28668
G1 X236.858 Y55.333 Z0.800 E0.28668
G1 X237.328 Y55.240 Z0.800 E0.28668
G1 X237.800 Y55.162 Z0.800 E0.28668
G1 X238.275 Y55.099 Z0.800 E0.28668
G1 X238.752 Y55.052 Z0.800 E0.28668
G1 X239.229 Y55.020 Z0.800 E0.28668
G1 X239.708 Y55.003 Z0.800 E0.28668
G1 X240.187 Y55.001 Z0.800 E0.28668
G1 X240.665 Y55.015 Z0.800 E0.28668
G1 X241.143 Y55.044 Z0.800 E0.28668
G1 X241.620 Y55.088 Z0.800 E0.28668
G1 X242.095 Y55.147 Z0.800 E0.28668
G1 X242.568 Y55.222 Z0.800 E0.28668
G1 X243.039 Y55.311 Z0.800 E0.28668
G1 X243.506 Y55.416 Z0.800 E0.28668
G1 X243.970 Y55.535 Z0.800 E0.28668
G1 X244.430 Y55.669 Z0.800 E0.28668
G1 X244.885 Y55.818 Z0.800 E0.28668
G1 X245.335 Y55.981 Z0.800 E0.28668
G1 X245.780 Y56.158 Z0.800 E0.28668
G1 X246.219 Y56.350 Z0.800 E0.28668
G1 X246.651 Y56.555 Z0.800 E0.28668
G1 X247.077 Y56.774 Z0.800 E0.28668
G1 X247.495 Y57.007 Z0.800 E0.28668
G1 X247.906 Y57.253 Z0.800 E0.28668
G1 X248.309 Y57.512 Z0.800 E0.28668
G1 X248.704 Y57.783 Z0.800 E0.28668
G1 X249.089 Y58.067 Z0.800 E0.28668
G1 X249.465 Y58.364 Z0.800 E0.28668
G1 X249.832 Y58.672 Z0.800 E0.28668
G1 X250.189 Y58.991 Z0.800 E0.28668
G1 X250.535 Y59.322 Z0.800 E0.28668
G1 X250.870 Y59.664 Z0.800 E0.28668
G1 X251.195 Y60.016 Z0.800 E0.28668
G1 X251.508 Y60.378 Z0.800 E0.28668
G1 X251.809 Y60.751 Z0.800 E0.28668
G1 X252.098 Y61.132 Z0.800 E0.28668
G1 X252.375 Y61.523 Z0.800 E0.28668
G1 X252.639 Y61.922 Z0.800 E0.28668
G1 X252.891 Y62.330 Z0.800 E0.28668
G1 X253.129 Y62.745 Z0.800 E0.28668
G1 X253.354 Y63.168 Z0.800 E0.28668
G1 X253.565 Y63.598 Z0.800 E0.28668
G1 X253.762 Y64.034 Z0.800 E0.28668
G1 X253.946 Y64.476 Z0.800 E0.28668
G1 X254.115 Y64.924 Z0.800 E0.28668
G1 X254.270 Y65.377 Z0.800 E0.28668
G1 X254.410 Y65.835 Z0.800 E0.28668
G1 X254.536 Y66.297 Z0.800 E0.28668
G1 X254.647 Y66.763 Z0.800 E0.28668
G1 X254.742 Y67.232 Z0.800 E0.28668
G1 X254.823 Y67.704 Z0.800 E0.28668
G1 X254.889 Y68.178 Z0.800 E0.28668
G1 X254.940 Y68.655 Z0.800 E0.28668
G1 X254.975 Y69.132 Z0.800 E0.28668
G1 X254.995 Y69.611 Z0.800 E0.28668
G1 X255.000 Y70.089 Z0.800 E0.28668
G1 X254.989 Y70.568 Z0.800 E0.28668
G1 X254.963 Y71.046 Z0.800 E0.28668
G1 E-3.0 F600
G92 E0

; ============================================================
; [1,4]  Unretract=2mm  Overlap=6°
; Center: X320 Y70
; ============================================================
; Mini purge
G1 Z3.80 F6000
G1 X305.0 Y43.0 F6000
G1 Z0.80 F2000
G92 E0
G1 E3 F150
G1 X335.0 E17.9605 F900
G1 E-3.0 F600
G92 E0
; Ring
G1 Z3.80 F6000
G1 X343.000 Y70.000 F6000
G1 Z0.800 F3000
G1 X341.000 Y70.000 E4.19736 F900
G1 X335.000 Y70.000 E3.59209 F900
G1 F900
G1 X334.992 Y70.481 Z0.800 E0.28825
G1 X334.969 Y70.962 Z0.800 E0.28825
G1 X334.931 Y71.442 Z0.800 E0.28825
G1 X334.877 Y71.921 Z0.800 E0.28825
G1 X334.807 Y72.397 Z0.800 E0.28825
G1 X334.723 Y72.871 Z0.800 E0.28825
G1 X334.623 Y73.342 Z0.800 E0.28825
G1 X334.508 Y73.810 Z0.800 E0.28825
G1 X334.378 Y74.273 Z0.800 E0.28825
G1 X334.234 Y74.733 Z0.800 E0.28825
G1 X334.075 Y75.187 Z0.800 E0.28825
G1 X333.901 Y75.636 Z0.800 E0.28825
G1 X333.713 Y76.079 Z0.800 E0.28825
G1 X333.511 Y76.516 Z0.800 E0.28825
G1 X333.295 Y76.947 Z0.800 E0.28825
G1 X333.065 Y77.370 Z0.800 E0.28825
G1 X332.821 Y77.785 Z0.800 E0.28825
G1 X332.565 Y78.193 Z0.800 E0.28825
G1 X332.296 Y78.592 Z0.800 E0.28825
G1 X332.013 Y78.982 Z0.800 E0.28825
G1 X331.719 Y79.363 Z0.800 E0.28825
G1 X331.412 Y79.734 Z0.800 E0.28825
G1 X331.094 Y80.095 Z0.800 E0.28825
G1 X330.764 Y80.446 Z0.800 E0.28825
G1 X330.424 Y80.786 Z0.800 E0.28825
G1 X330.072 Y81.115 Z0.800 E0.28825
G1 X329.710 Y81.433 Z0.800 E0.28825
G1 X329.338 Y81.739 Z0.800 E0.28825
G1 X328.957 Y82.032 Z0.800 E0.28825
G1 X328.566 Y82.314 Z0.800 E0.28825
G1 X328.166 Y82.582 Z0.800 E0.28825
G1 X327.758 Y82.838 Z0.800 E0.28825
G1 X327.342 Y83.080 Z0.800 E0.28825
G1 X326.919 Y83.309 Z0.800 E0.28825
G1 X326.488 Y83.524 Z0.800 E0.28825
G1 X326.051 Y83.726 Z0.800 E0.28825
G1 X325.607 Y83.913 Z0.800 E0.28825
G1 X325.157 Y84.085 Z0.800 E0.28825
G1 X324.703 Y84.244 Z0.800 E0.28825
G1 X324.243 Y84.387 Z0.800 E0.28825
G1 X323.779 Y84.516 Z0.800 E0.28825
G1 X323.311 Y84.630 Z0.800 E0.28825
G1 X322.840 Y84.729 Z0.800 E0.28825
G1 X322.366 Y84.812 Z0.800 E0.28825
G1 X321.889 Y84.881 Z0.800 E0.28825
G1 X321.411 Y84.934 Z0.800 E0.28825
G1 X320.931 Y84.971 Z0.800 E0.28825
G1 X320.450 Y84.993 Z0.800 E0.28825
G1 X319.968 Y85.000 Z0.800 E0.28825
G1 X319.487 Y84.991 Z0.800 E0.28825
G1 X319.006 Y84.967 Z0.800 E0.28825
G1 X318.526 Y84.927 Z0.800 E0.28825
G1 X318.048 Y84.872 Z0.800 E0.28825
G1 X317.572 Y84.802 Z0.800 E0.28825
G1 X317.098 Y84.717 Z0.800 E0.28825
G1 X316.627 Y84.616 Z0.800 E0.28825
G1 X316.160 Y84.500 Z0.800 E0.28825
G1 X315.696 Y84.369 Z0.800 E0.28825
G1 X315.237 Y84.224 Z0.800 E0.28825
G1 X314.783 Y84.064 Z0.800 E0.28825
G1 X314.335 Y83.889 Z0.800 E0.28825
G1 X313.892 Y83.700 Z0.800 E0.28825
G1 X313.455 Y83.497 Z0.800 E0.28825
G1 X313.025 Y83.280 Z0.800 E0.28825
G1 X312.603 Y83.049 Z0.800 E0.28825
G1 X312.188 Y82.805 Z0.800 E0.28825
G1 X311.781 Y82.548 Z0.800 E0.28825
G1 X311.382 Y82.277 Z0.800 E0.28825
G1 X310.993 Y81.995 Z0.800 E0.28825
G1 X310.612 Y81.699 Z0.800 E0.28825
G1 X310.242 Y81.392 Z0.800 E0.28825
G1 X309.881 Y81.073 Z0.800 E0.28825
G1 X309.531 Y80.742 Z0.800 E0.28825
G1 X309.192 Y80.401 Z0.800 E0.28825
G1 X308.863 Y80.049 Z0.800 E0.28825
G1 X308.547 Y79.686 Z0.800 E0.28825
G1 X308.242 Y79.314 Z0.800 E0.28825
G1 X307.949 Y78.931 Z0.800 E0.28825
G1 X307.668 Y78.540 Z0.800 E0.28825
G1 X307.401 Y78.140 Z0.800 E0.28825
G1 X307.146 Y77.731 Z0.800 E0.28825
G1 X306.904 Y77.315 Z0.800 E0.28825
G1 X306.676 Y76.891 Z0.800 E0.28825
G1 X306.462 Y76.459 Z0.800 E0.28825
G1 X306.262 Y76.022 Z0.800 E0.28825
G1 X306.076 Y75.578 Z0.800 E0.28825
G1 X305.904 Y75.128 Z0.800 E0.28825
G1 X305.746 Y74.673 Z0.800 E0.28825
G1 X305.604 Y74.213 Z0.800 E0.28825
G1 X305.476 Y73.749 Z0.800 E0.28825
G1 X305.363 Y73.281 Z0.800 E0.28825
G1 X305.265 Y72.809 Z0.800 E0.28825
G1 X305.183 Y72.335 Z0.800 E0.28825
G1 X305.116 Y71.858 Z0.800 E0.28825
G1 X305.064 Y71.379 Z0.800 E0.28825
G1 X305.027 Y70.899 Z0.800 E0.28825
G1 X305.006 Y70.418 Z0.800 E0.28825
G1 X305.000 Y69.937 Z0.800 E0.28825
G1 X305.010 Y69.455 Z0.800 E0.28825
G1 X305.035 Y68.975 Z0.800 E0.28825
G1 X305.076 Y68.495 Z0.800 E0.28825
G1 X305.132 Y68.017 Z0.800 E0.28825
G1 X305.203 Y67.541 Z0.800 E0.28825
G1 X305.290 Y67.067 Z0.800 E0.28825
G1 X305.391 Y66.596 Z0.800 E0.28825
G1 X305.508 Y66.129 Z0.800 E0.28825
G1 X305.640 Y65.666 Z0.800 E0.28825
G1 X305.786 Y65.207 Z0.800 E0.28825
G1 X305.947 Y64.754 Z0.800 E0.28825
G1 X306.123 Y64.305 Z0.800 E0.28825
G1 X306.313 Y63.863 Z0.800 E0.28825
G1 X306.517 Y63.427 Z0.800 E0.28825
G1 X306.735 Y62.997 Z0.800 E0.28825
G1 X306.966 Y62.575 Z0.800 E0.28825
G1 X307.211 Y62.161 Z0.800 E0.28825
G1 X307.470 Y61.754 Z0.800 E0.28825
G1 X307.741 Y61.357 Z0.800 E0.28825
G1 X308.024 Y60.968 Z0.800 E0.28825
G1 X308.320 Y60.588 Z0.800 E0.28825
G1 X308.629 Y60.218 Z0.800 E0.28825
G1 X308.948 Y59.858 Z0.800 E0.28825
G1 X309.280 Y59.508 Z0.800 E0.28825
G1 X309.622 Y59.170 Z0.800 E0.28825
G1 X309.975 Y58.842 Z0.800 E0.28825
G1 X310.338 Y58.526 Z0.800 E0.28825
G1 X310.711 Y58.222 Z0.800 E0.28825
G1 X311.094 Y57.930 Z0.800 E0.28825
G1 X311.486 Y57.650 Z0.800 E0.28825
G1 X311.887 Y57.384 Z0.800 E0.28825
G1 X312.296 Y57.130 Z0.800 E0.28825
G1 X312.713 Y56.889 Z0.800 E0.28825
G1 X313.137 Y56.662 Z0.800 E0.28825
G1 X313.569 Y56.449 Z0.800 E0.28825
G1 X314.007 Y56.249 Z0.800 E0.28825
G1 X314.452 Y56.064 Z0.800 E0.28825
G1 X314.902 Y55.893 Z0.800 E0.28825
G1 X315.357 Y55.737 Z0.800 E0.28825
G1 X315.817 Y55.595 Z0.800 E0.28825
G1 X316.282 Y55.468 Z0.800 E0.28825
G1 X316.750 Y55.356 Z0.800 E0.28825
G1 X317.222 Y55.260 Z0.800 E0.28825
G1 X317.696 Y55.178 Z0.800 E0.28825
G1 X318.173 Y55.112 Z0.800 E0.28825
G1 X318.652 Y55.061 Z0.800 E0.28825
G1 X319.132 Y55.025 Z0.800 E0.28825
G1 X319.613 Y55.005 Z0.800 E0.28825
G1 X320.095 Y55.000 Z0.800 E0.28825
G1 X320.576 Y55.011 Z0.800 E0.28825
G1 X321.057 Y55.037 Z0.800 E0.28825
G1 X321.537 Y55.079 Z0.800 E0.28825
G1 X322.015 Y55.136 Z0.800 E0.28825
G1 X322.491 Y55.208 Z0.800 E0.28825
G1 X322.964 Y55.296 Z0.800 E0.28825
G1 X323.434 Y55.398 Z0.800 E0.28825
G1 X323.901 Y55.516 Z0.800 E0.28825
G1 X324.364 Y55.649 Z0.800 E0.28825
G1 X324.823 Y55.796 Z0.800 E0.28825
G1 X325.276 Y55.958 Z0.800 E0.28825
G1 X325.724 Y56.135 Z0.800 E0.28825
G1 X326.166 Y56.326 Z0.800 E0.28825
G1 X326.602 Y56.531 Z0.800 E0.28825
G1 X327.030 Y56.750 Z0.800 E0.28825
G1 X327.452 Y56.982 Z0.800 E0.28825
G1 X327.866 Y57.228 Z0.800 E0.28825
G1 X328.272 Y57.487 Z0.800 E0.28825
G1 X328.669 Y57.759 Z0.800 E0.28825
G1 X329.058 Y58.043 Z0.800 E0.28825
G1 X329.437 Y58.340 Z0.800 E0.28825
G1 X329.806 Y58.649 Z0.800 E0.28825
G1 X330.165 Y58.970 Z0.800 E0.28825
G1 X330.514 Y59.302 Z0.800 E0.28825
G1 X330.852 Y59.645 Z0.800 E0.28825
G1 X331.179 Y59.998 Z0.800 E0.28825
G1 X331.494 Y60.362 Z0.800 E0.28825
G1 X331.797 Y60.736 Z0.800 E0.28825
G1 X332.089 Y61.119 Z0.800 E0.28825
G1 X332.367 Y61.512 Z0.800 E0.28825
G1 X332.634 Y61.913 Z0.800 E0.28825
G1 X332.887 Y62.323 Z0.800 E0.28825
G1 X333.126 Y62.741 Z0.800 E0.28825
G1 X333.353 Y63.166 Z0.800 E0.28825
G1 X333.565 Y63.598 Z0.800 E0.28825
G1 X333.763 Y64.036 Z0.800 E0.28825
G1 X333.948 Y64.481 Z0.800 E0.28825
G1 X334.118 Y64.932 Z0.800 E0.28825
G1 X334.273 Y65.387 Z0.800 E0.28825
G1 X334.414 Y65.848 Z0.800 E0.28825
G1 X334.540 Y66.312 Z0.800 E0.28825
G1 X334.651 Y66.781 Z0.800 E0.28825
G1 X334.746 Y67.253 Z0.800 E0.28825
G1 X334.827 Y67.728 Z0.800 E0.28825
G1 X334.892 Y68.205 Z0.800 E0.28825
G1 X334.942 Y68.683 Z0.800 E0.28825
G1 X334.977 Y69.164 Z0.800 E0.28825
G1 X334.996 Y69.645 Z0.800 E0.28825
G1 X334.999 Y70.126 Z0.800 E0.28825
G1 X334.988 Y70.608 Z0.800 E0.28825
G1 X334.960 Y71.088 Z0.800 E0.28825
G1 X334.918 Y71.568 Z0.800 E0.28825
G1 E-3.0 F600
G92 E0

; ============================================================
; [2,1]  Unretract=4mm  Overlap=0°
; Center: X70 Y150
; ============================================================
; Mini purge
G1 Z3.80 F6000
G1 X55.0 Y123.0 F6000
G1 Z0.80 F2000
G92 E0
G1 E3 F150
G1 X85.0 E17.9605 F900
G1 E-3.0 F600
G92 E0
; Ring
G1 Z3.80 F6000
G1 X93.000 Y150.000 F6000
G1 Z0.800 F3000
G1 X89.000 Y150.000 E5.39473 F900
G1 X85.000 Y150.000 E2.39473 F900
G1 F900
G1 X84.993 Y150.474 Z0.800 E0.28353
G1 X84.970 Y150.947 Z0.800 E0.28353
G1 X84.933 Y151.419 Z0.800 E0.28353
G1 X84.881 Y151.889 Z0.800 E0.28353
G1 X84.813 Y152.358 Z0.800 E0.28353
G1 X84.732 Y152.825 Z0.800 E0.28353
G1 X84.635 Y153.288 Z0.800 E0.28353
G1 X84.524 Y153.749 Z0.800 E0.28353
G1 X84.398 Y154.205 Z0.800 E0.28353
G1 X84.259 Y154.658 Z0.800 E0.28353
G1 X84.104 Y155.106 Z0.800 E0.28353
G1 X83.936 Y155.548 Z0.800 E0.28353
G1 X83.754 Y155.985 Z0.800 E0.28353
G1 X83.558 Y156.417 Z0.800 E0.28353
G1 X83.349 Y156.841 Z0.800 E0.28353
G1 X83.126 Y157.259 Z0.800 E0.28353
G1 X82.891 Y157.670 Z0.800 E0.28353
G1 X82.642 Y158.073 Z0.800 E0.28353
G1 X82.381 Y158.468 Z0.800 E0.28353
G1 X82.107 Y158.855 Z0.800 E0.28353
G1 X81.822 Y159.233 Z0.800 E0.28353
G1 X81.524 Y159.601 Z0.800 E0.28353
G1 X81.216 Y159.960 Z0.800 E0.28353
G1 X80.896 Y160.310 Z0.800 E0.28353
G1 X80.565 Y160.648 Z0.800 E0.28353
G1 X80.223 Y160.977 Z0.800 E0.28353
G1 X79.872 Y161.294 Z0.800 E0.28353
G1 X79.510 Y161.600 Z0.800 E0.28353
G1 X79.139 Y161.894 Z0.800 E0.28353
G1 X78.759 Y162.177 Z0.800 E0.28353
G1 X78.370 Y162.447 Z0.800 E0.28353
G1 X77.973 Y162.705 Z0.800 E0.28353
G1 X77.568 Y162.951 Z0.800 E0.28353
G1 X77.156 Y163.183 Z0.800 E0.28353
G1 X76.736 Y163.403 Z0.800 E0.28353
G1 X76.309 Y163.608 Z0.800 E0.28353
G1 X75.877 Y163.801 Z0.800 E0.28353
G1 X75.438 Y163.980 Z0.800 E0.28353
G1 X74.994 Y164.144 Z0.800 E0.28353
G1 X74.545 Y164.295 Z0.800 E0.28353
G1 X74.092 Y164.431 Z0.800 E0.28353
G1 X73.634 Y164.553 Z0.800 E0.28353
G1 X73.173 Y164.661 Z0.800 E0.28353
G1 X72.708 Y164.753 Z0.800 E0.28353
G1 X72.241 Y164.832 Z0.800 E0.28353
G1 X71.772 Y164.895 Z0.800 E0.28353
G1 X71.301 Y164.943 Z0.800 E0.28353
G1 X70.828 Y164.977 Z0.800 E0.28353
G1 X70.355 Y164.996 Z0.800 E0.28353
G1 X69.882 Y165.000 Z0.800 E0.28353
G1 X69.408 Y164.988 Z0.800 E0.28353
G1 X68.935 Y164.962 Z0.800 E0.28353
G1 X68.463 Y164.921 Z0.800 E0.28353
G1 X67.993 Y164.865 Z0.800 E0.28353
G1 X67.525 Y164.794 Z0.800 E0.28353
G1 X67.059 Y164.709 Z0.800 E0.28353
G1 X66.596 Y164.609 Z0.800 E0.28353
G1 X66.137 Y164.494 Z0.800 E0.28353
G1 X65.681 Y164.365 Z0.800 E0.28353
G1 X65.230 Y164.221 Z0.800 E0.28353
G1 X64.783 Y164.064 Z0.800 E0.28353
G1 X64.342 Y163.892 Z0.800 E0.28353
G1 X63.906 Y163.706 Z0.800 E0.28353
G1 X63.477 Y163.507 Z0.800 E0.28353
G1 X63.053 Y163.295 Z0.800 E0.28353
G1 X62.637 Y163.069 Z0.800 E0.28353
G1 X62.228 Y162.830 Z0.800 E0.28353
G1 X61.827 Y162.578 Z0.800 E0.28353
G1 X61.434 Y162.314 Z0.800 E0.28353
G1 X61.050 Y162.037 Z0.800 E0.28353
G1 X60.674 Y161.749 Z0.800 E0.28353
G1 X60.308 Y161.448 Z0.800 E0.28353
G1 X59.951 Y161.137 Z0.800 E0.28353
G1 X59.605 Y160.814 Z0.800 E0.28353
G1 X59.269 Y160.480 Z0.800 E0.28353
G1 X58.943 Y160.136 Z0.800 E0.28353
G1 X58.629 Y159.782 Z0.800 E0.28353
G1 X58.325 Y159.418 Z0.800 E0.28353
G1 X58.034 Y159.045 Z0.800 E0.28353
G1 X57.754 Y158.663 Z0.800 E0.28353
G1 X57.487 Y158.272 Z0.800 E0.28353
G1 X57.232 Y157.873 Z0.800 E0.28353
G1 X56.990 Y157.466 Z0.800 E0.28353
G1 X56.761 Y157.051 Z0.800 E0.28353
G1 X56.545 Y156.630 Z0.800 E0.28353
G1 X56.342 Y156.202 Z0.800 E0.28353
G1 X56.153 Y155.768 Z0.800 E0.28353
G1 X55.978 Y155.328 Z0.800 E0.28353
G1 X55.817 Y154.882 Z0.800 E0.28353
G1 X55.670 Y154.432 Z0.800 E0.28353
G1 X55.537 Y153.978 Z0.800 E0.28353
G1 X55.419 Y153.519 Z0.800 E0.28353
G1 X55.315 Y153.057 Z0.800 E0.28353
G1 X55.226 Y152.592 Z0.800 E0.28353
G1 X55.151 Y152.124 Z0.800 E0.28353
G1 X55.091 Y151.654 Z0.800 E0.28353
G1 X55.047 Y151.183 Z0.800 E0.28353
G1 X55.017 Y150.710 Z0.800 E0.28353
G1 X55.002 Y150.237 Z0.800 E0.28353
G1 X55.002 Y149.763 Z0.800 E0.28353
G1 X55.017 Y149.290 Z0.800 E0.28353
G1 X55.047 Y148.817 Z0.800 E0.28353
G1 X55.091 Y148.346 Z0.800 E0.28353
G1 X55.151 Y147.876 Z0.800 E0.28353
G1 X55.226 Y147.408 Z0.800 E0.28353
G1 X55.315 Y146.943 Z0.800 E0.28353
G1 X55.419 Y146.481 Z0.800 E0.28353
G1 X55.537 Y146.022 Z0.800 E0.28353
G1 X55.670 Y145.568 Z0.800 E0.28353
G1 X55.817 Y145.118 Z0.800 E0.28353
G1 X55.978 Y144.672 Z0.800 E0.28353
G1 X56.153 Y144.232 Z0.800 E0.28353
G1 X56.342 Y143.798 Z0.800 E0.28353
G1 X56.545 Y143.370 Z0.800 E0.28353
G1 X56.761 Y142.949 Z0.800 E0.28353
G1 X56.990 Y142.534 Z0.800 E0.28353
G1 X57.232 Y142.127 Z0.800 E0.28353
G1 X57.487 Y141.728 Z0.800 E0.28353
G1 X57.754 Y141.337 Z0.800 E0.28353
G1 X58.034 Y140.955 Z0.800 E0.28353
G1 X58.325 Y140.582 Z0.800 E0.28353
G1 X58.629 Y140.218 Z0.800 E0.28353
G1 X58.943 Y139.864 Z0.800 E0.28353
G1 X59.269 Y139.520 Z0.800 E0.28353
G1 X59.605 Y139.186 Z0.800 E0.28353
G1 X59.951 Y138.863 Z0.800 E0.28353
G1 X60.308 Y138.552 Z0.800 E0.28353
G1 X60.674 Y138.251 Z0.800 E0.28353
G1 X61.050 Y137.963 Z0.800 E0.28353
G1 X61.434 Y137.686 Z0.800 E0.28353
G1 X61.827 Y137.422 Z0.800 E0.28353
G1 X62.228 Y137.170 Z0.800 E0.28353
G1 X62.637 Y136.931 Z0.800 E0.28353
G1 X63.053 Y136.705 Z0.800 E0.28353
G1 X63.477 Y136.493 Z0.800 E0.28353
G1 X63.906 Y136.294 Z0.800 E0.28353
G1 X64.342 Y136.108 Z0.800 E0.28353
G1 X64.783 Y135.936 Z0.800 E0.28353
G1 X65.230 Y135.779 Z0.800 E0.28353
G1 X65.681 Y135.635 Z0.800 E0.28353
G1 X66.137 Y135.506 Z0.800 E0.28353
G1 X66.596 Y135.391 Z0.800 E0.28353
G1 X67.059 Y135.291 Z0.800 E0.28353
G1 X67.525 Y135.206 Z0.800 E0.28353
G1 X67.993 Y135.135 Z0.800 E0.28353
G1 X68.463 Y135.079 Z0.800 E0.28353
G1 X68.935 Y135.038 Z0.800 E0.28353
G1 X69.408 Y135.012 Z0.800 E0.28353
G1 X69.882 Y135.000 Z0.800 E0.28353
G1 X70.355 Y135.004 Z0.800 E0.28353
G1 X70.828 Y135.023 Z0.800 E0.28353
G1 X71.301 Y135.057 Z0.800 E0.28353
G1 X71.772 Y135.105 Z0.800 E0.28353
G1 X72.241 Y135.168 Z0.800 E0.28353
G1 X72.708 Y135.247 Z0.800 E0.28353
G1 X73.173 Y135.339 Z0.800 E0.28353
G1 X73.634 Y135.447 Z0.800 E0.28353
G1 X74.092 Y135.569 Z0.800 E0.28353
G1 X74.545 Y135.705 Z0.800 E0.28353
G1 X74.994 Y135.856 Z0.800 E0.28353
G1 X75.438 Y136.020 Z0.800 E0.28353
G1 X75.877 Y136.199 Z0.800 E0.28353
G1 X76.309 Y136.392 Z0.800 E0.28353
G1 X76.736 Y136.597 Z0.800 E0.28353
G1 X77.156 Y136.817 Z0.800 E0.28353
G1 X77.568 Y137.049 Z0.800 E0.28353
G1 X77.973 Y137.295 Z0.800 E0.28353
G1 X78.370 Y137.553 Z0.800 E0.28353
G1 X78.759 Y137.823 Z0.800 E0.28353
G1 X79.139 Y138.106 Z0.800 E0.28353
G1 X79.510 Y138.400 Z0.800 E0.28353
G1 X79.872 Y138.706 Z0.800 E0.28353
G1 X80.223 Y139.023 Z0.800 E0.28353
G1 X80.565 Y139.352 Z0.800 E0.28353
G1 X80.896 Y139.690 Z0.800 E0.28353
G1 X81.216 Y140.040 Z0.800 E0.28353
G1 X81.524 Y140.399 Z0.800 E0.28353
G1 X81.822 Y140.767 Z0.800 E0.28353
G1 X82.107 Y141.145 Z0.800 E0.28353
G1 X82.381 Y141.532 Z0.800 E0.28353
G1 X82.642 Y141.927 Z0.800 E0.28353
G1 X82.891 Y142.330 Z0.800 E0.28353
G1 X83.126 Y142.741 Z0.800 E0.28353
G1 X83.349 Y143.159 Z0.800 E0.28353
G1 X83.558 Y143.583 Z0.800 E0.28353
G1 X83.754 Y144.015 Z0.800 E0.28353
G1 X83.936 Y144.452 Z0.800 E0.28353
G1 X84.104 Y144.894 Z0.800 E0.28353
G1 X84.259 Y145.342 Z0.800 E0.28353
G1 X84.398 Y145.795 Z0.800 E0.28353
G1 X84.524 Y146.251 Z0.800 E0.28353
G1 X84.635 Y146.712 Z0.800 E0.28353
G1 X84.732 Y147.175 Z0.800 E0.28353
G1 X84.813 Y147.642 Z0.800 E0.28353
G1 X84.881 Y148.111 Z0.800 E0.28353
G1 X84.933 Y148.581 Z0.800 E0.28353
G1 X84.970 Y149.053 Z0.800 E0.28353
G1 X84.993 Y149.526 Z0.800 E0.28353
G1 X85.000 Y150.000 Z0.800 E0.28353
G1 E-3.0 F600
G92 E0

; ============================================================
; [2,2]  Unretract=4mm  Overlap=2°
; Center: X150 Y150
; ============================================================
; Mini purge
G1 Z3.80 F6000
G1 X135.0 Y123.0 F6000
G1 Z0.80 F2000
G92 E0
G1 E3 F150
G1 X165.0 E17.9605 F900
G1 E-3.0 F600
G92 E0
; Ring
G1 Z3.80 F6000
G1 X173.000 Y150.000 F6000
G1 Z0.800 F3000
G1 X169.000 Y150.000 E5.39473 F900
G1 X165.000 Y150.000 E2.39473 F900
G1 F900
G1 X164.992 Y150.476 Z0.800 E0.28510
G1 X164.970 Y150.952 Z0.800 E0.28510
G1 X164.932 Y151.427 Z0.800 E0.28510
G1 X164.879 Y151.900 Z0.800 E0.28510
G1 X164.811 Y152.371 Z0.800 E0.28510
G1 X164.729 Y152.840 Z0.800 E0.28510
G1 X164.631 Y153.306 Z0.800 E0.28510
G1 X164.519 Y153.769 Z0.800 E0.28510
G1 X164.392 Y154.228 Z0.800 E0.28510
G1 X164.250 Y154.683 Z0.800 E0.28510
G1 X164.094 Y155.133 Z0.800 E0.28510
G1 X163.924 Y155.578 Z0.800 E0.28510
G1 X163.740 Y156.017 Z0.800 E0.28510
G1 X163.542 Y156.450 Z0.800 E0.28510
G1 X163.331 Y156.877 Z0.800 E0.28510
G1 X163.106 Y157.296 Z0.800 E0.28510
G1 X162.868 Y157.709 Z0.800 E0.28510
G1 X162.616 Y158.113 Z0.800 E0.28510
G1 X162.353 Y158.510 Z0.800 E0.28510
G1 X162.076 Y158.897 Z0.800 E0.28510
G1 X161.788 Y159.276 Z0.800 E0.28510
G1 X161.487 Y159.646 Z0.800 E0.28510
G1 X161.175 Y160.006 Z0.800 E0.28510
G1 X160.852 Y160.355 Z0.800 E0.28510
G1 X160.518 Y160.695 Z0.800 E0.28510
G1 X160.173 Y161.023 Z0.800 E0.28510
G1 X159.818 Y161.340 Z0.800 E0.28510
G1 X159.453 Y161.646 Z0.800 E0.28510
G1 X159.079 Y161.941 Z0.800 E0.28510
G1 X158.695 Y162.223 Z0.800 E0.28510
G1 X158.303 Y162.493 Z0.800 E0.28510
G1 X157.902 Y162.750 Z0.800 E0.28510
G1 X157.493 Y162.994 Z0.800 E0.28510
G1 X157.077 Y163.226 Z0.800 E0.28510
G1 X156.653 Y163.444 Z0.800 E0.28510
G1 X156.223 Y163.648 Z0.800 E0.28510
G1 X155.787 Y163.839 Z0.800 E0.28510
G1 X155.345 Y164.015 Z0.800 E0.28510
G1 X154.897 Y164.178 Z0.800 E0.28510
G1 X154.445 Y164.326 Z0.800 E0.28510
G1 X153.988 Y164.460 Z0.800 E0.28510
G1 X153.527 Y164.580 Z0.800 E0.28510
G1 X153.062 Y164.684 Z0.800 E0.28510
G1 X152.594 Y164.774 Z0.800 E0.28510
G1 X152.124 Y164.849 Z0.800 E0.28510
G1 X151.652 Y164.909 Z0.800 E0.28510
G1 X151.178 Y164.954 Z0.800 E0.28510
G1 X150.702 Y164.984 Z0.800 E0.28510
G1 X150.226 Y164.998 Z0.800 E0.28510
G1 X149.750 Y164.998 Z0.800 E0.28510
G1 X149.274 Y164.982 Z0.800 E0.28510
G1 X148.799 Y164.952 Z0.800 E0.28510
G1 X148.325 Y164.906 Z0.800 E0.28510
G1 X147.852 Y164.845 Z0.800 E0.28510
G1 X147.382 Y164.770 Z0.800 E0.28510
G1 X146.915 Y164.679 Z0.800 E0.28510
G1 X146.450 Y164.574 Z0.800 E0.28510
G1 X145.990 Y164.454 Z0.800 E0.28510
G1 X145.533 Y164.319 Z0.800 E0.28510
G1 X145.080 Y164.170 Z0.800 E0.28510
G1 X144.633 Y164.007 Z0.800 E0.28510
G1 X144.191 Y163.830 Z0.800 E0.28510
G1 X143.755 Y163.638 Z0.800 E0.28510
G1 X143.325 Y163.433 Z0.800 E0.28510
G1 X142.902 Y163.214 Z0.800 E0.28510
G1 X142.486 Y162.982 Z0.800 E0.28510
G1 X142.078 Y162.737 Z0.800 E0.28510
G1 X141.678 Y162.480 Z0.800 E0.28510
G1 X141.286 Y162.209 Z0.800 E0.28510
G1 X140.903 Y161.926 Z0.800 E0.28510
G1 X140.529 Y161.631 Z0.800 E0.28510
G1 X140.164 Y161.325 Z0.800 E0.28510
G1 X139.810 Y161.007 Z0.800 E0.28510
G1 X139.465 Y160.678 Z0.800 E0.28510
G1 X139.132 Y160.338 Z0.800 E0.28510
G1 X138.809 Y159.988 Z0.800 E0.28510
G1 X138.498 Y159.628 Z0.800 E0.28510
G1 X138.198 Y159.258 Z0.800 E0.28510
G1 X137.910 Y158.878 Z0.800 E0.28510
G1 X137.634 Y158.490 Z0.800 E0.28510
G1 X137.371 Y158.093 Z0.800 E0.28510
G1 X137.120 Y157.688 Z0.800 E0.28510
G1 X136.883 Y157.276 Z0.800 E0.28510
G1 X136.658 Y156.856 Z0.800 E0.28510
G1 X136.447 Y156.429 Z0.800 E0.28510
G1 X136.250 Y155.995 Z0.800 E0.28510
G1 X136.067 Y155.556 Z0.800 E0.28510
G1 X135.897 Y155.111 Z0.800 E0.28510
G1 X135.742 Y154.660 Z0.800 E0.28510
G1 X135.602 Y154.205 Z0.800 E0.28510
G1 X135.475 Y153.746 Z0.800 E0.28510
G1 X135.364 Y153.283 Z0.800 E0.28510
G1 X135.267 Y152.817 Z0.800 E0.28510
G1 X135.185 Y152.348 Z0.800 E0.28510
G1 X135.118 Y151.876 Z0.800 E0.28510
G1 X135.066 Y151.403 Z0.800 E0.28510
G1 X135.029 Y150.928 Z0.800 E0.28510
G1 X135.007 Y150.452 Z0.800 E0.28510
G1 X135.000 Y149.976 Z0.800 E0.28510
G1 X135.008 Y149.500 Z0.800 E0.28510
G1 X135.032 Y149.025 Z0.800 E0.28510
G1 X135.070 Y148.550 Z0.800 E0.28510
G1 X135.124 Y148.077 Z0.800 E0.28510
G1 X135.192 Y147.605 Z0.800 E0.28510
G1 X135.276 Y147.137 Z0.800 E0.28510
G1 X135.374 Y146.671 Z0.800 E0.28510
G1 X135.487 Y146.208 Z0.800 E0.28510
G1 X135.615 Y145.749 Z0.800 E0.28510
G1 X135.757 Y145.295 Z0.800 E0.28510
G1 X135.914 Y144.845 Z0.800 E0.28510
G1 X136.084 Y144.400 Z0.800 E0.28510
G1 X136.269 Y143.962 Z0.800 E0.28510
G1 X136.468 Y143.529 Z0.800 E0.28510
G1 X136.680 Y143.102 Z0.800 E0.28510
G1 X136.906 Y142.683 Z0.800 E0.28510
G1 X137.145 Y142.271 Z0.800 E0.28510
G1 X137.396 Y141.867 Z0.800 E0.28510
G1 X137.661 Y141.471 Z0.800 E0.28510
G1 X137.938 Y141.083 Z0.800 E0.28510
G1 X138.227 Y140.705 Z0.800 E0.28510
G1 X138.528 Y140.336 Z0.800 E0.28510
G1 X138.841 Y139.977 Z0.800 E0.28510
G1 X139.164 Y139.628 Z0.800 E0.28510
G1 X139.499 Y139.289 Z0.800 E0.28510
G1 X139.844 Y138.961 Z0.800 E0.28510
G1 X140.200 Y138.644 Z0.800 E0.28510
G1 X140.565 Y138.339 Z0.800 E0.28510
G1 X140.940 Y138.045 Z0.800 E0.28510
G1 X141.324 Y137.763 Z0.800 E0.28510
G1 X141.717 Y137.494 Z0.800 E0.28510
G1 X142.118 Y137.238 Z0.800 E0.28510
G1 X142.527 Y136.994 Z0.800 E0.28510
G1 X142.944 Y136.763 Z0.800 E0.28510
G1 X143.368 Y136.546 Z0.800 E0.28510
G1 X143.798 Y136.342 Z0.800 E0.28510
G1 X144.235 Y136.152 Z0.800 E0.28510
G1 X144.677 Y135.976 Z0.800 E0.28510
G1 X145.125 Y135.814 Z0.800 E0.28510
G1 X145.578 Y135.667 Z0.800 E0.28510
G1 X146.035 Y135.533 Z0.800 E0.28510
G1 X146.496 Y135.415 Z0.800 E0.28510
G1 X146.961 Y135.311 Z0.800 E0.28510
G1 X147.429 Y135.222 Z0.800 E0.28510
G1 X147.899 Y135.148 Z0.800 E0.28510
G1 X148.372 Y135.089 Z0.800 E0.28510
G1 X148.846 Y135.044 Z0.800 E0.28510
G1 X149.321 Y135.015 Z0.800 E0.28510
G1 X149.797 Y135.001 Z0.800 E0.28510
G1 X150.274 Y135.002 Z0.800 E0.28510
G1 X150.750 Y135.019 Z0.800 E0.28510
G1 X151.225 Y135.050 Z0.800 E0.28510
G1 X151.699 Y135.096 Z0.800 E0.28510
G1 X152.171 Y135.158 Z0.800 E0.28510
G1 X152.641 Y135.234 Z0.800 E0.28510
G1 X153.108 Y135.326 Z0.800 E0.28510
G1 X153.573 Y135.432 Z0.800 E0.28510
G1 X154.033 Y135.552 Z0.800 E0.28510
G1 X154.490 Y135.688 Z0.800 E0.28510
G1 X154.942 Y135.837 Z0.800 E0.28510
G1 X155.389 Y136.001 Z0.800 E0.28510
G1 X155.831 Y136.180 Z0.800 E0.28510
G1 X156.266 Y136.372 Z0.800 E0.28510
G1 X156.696 Y136.577 Z0.800 E0.28510
G1 X157.119 Y136.797 Z0.800 E0.28510
G1 X157.534 Y137.029 Z0.800 E0.28510
G1 X157.942 Y137.275 Z0.800 E0.28510
G1 X158.342 Y137.534 Z0.800 E0.28510
G1 X158.734 Y137.805 Z0.800 E0.28510
G1 X159.116 Y138.088 Z0.800 E0.28510
G1 X159.490 Y138.383 Z0.800 E0.28510
G1 X159.854 Y138.691 Z0.800 E0.28510
G1 X160.208 Y139.009 Z0.800 E0.28510
G1 X160.552 Y139.339 Z0.800 E0.28510
G1 X160.885 Y139.679 Z0.800 E0.28510
G1 X161.207 Y140.030 Z0.800 E0.28510
G1 X161.518 Y140.390 Z0.800 E0.28510
G1 X161.817 Y140.761 Z0.800 E0.28510
G1 X162.104 Y141.141 Z0.800 E0.28510
G1 X162.379 Y141.529 Z0.800 E0.28510
G1 X162.642 Y141.927 Z0.800 E0.28510
G1 X162.892 Y142.332 Z0.800 E0.28510
G1 X163.129 Y142.745 Z0.800 E0.28510
G1 X163.353 Y143.166 Z0.800 E0.28510
G1 X163.563 Y143.593 Z0.800 E0.28510
G1 X163.759 Y144.027 Z0.800 E0.28510
G1 X163.942 Y144.466 Z0.800 E0.28510
G1 X164.111 Y144.912 Z0.800 E0.28510
G1 X164.265 Y145.362 Z0.800 E0.28510
G1 X164.405 Y145.817 Z0.800 E0.28510
G1 X164.531 Y146.277 Z0.800 E0.28510
G1 X164.641 Y146.740 Z0.800 E0.28510
G1 X164.738 Y147.206 Z0.800 E0.28510
G1 X164.819 Y147.676 Z0.800 E0.28510
G1 X164.885 Y148.147 Z0.800 E0.28510
G1 X164.936 Y148.621 Z0.800 E0.28510
G1 X164.973 Y149.095 Z0.800 E0.28510
G1 X164.994 Y149.571 Z0.800 E0.28510
G1 X165.000 Y150.047 Z0.800 E0.28510
G1 X164.991 Y150.523 Z0.800 E0.28510
G1 E-3.0 F600
G92 E0

; ============================================================
; [2,3]  Unretract=4mm  Overlap=4°
; Center: X240 Y150
; ============================================================
; Mini purge
G1 Z3.80 F6000
G1 X225.0 Y123.0 F6000
G1 Z0.80 F2000
G92 E0
G1 E3 F150
G1 X255.0 E17.9605 F900
G1 E-3.0 F600
G92 E0
; Ring
G1 Z3.80 F6000
G1 X263.000 Y150.000 F6000
G1 Z0.800 F3000
G1 X259.000 Y150.000 E5.39473 F900
G1 X255.000 Y150.000 E2.39473 F900
G1 F900
G1 X254.992 Y150.479 Z0.800 E0.28668
G1 X254.969 Y150.957 Z0.800 E0.28668
G1 X254.931 Y151.434 Z0.800 E0.28668
G1 X254.878 Y151.910 Z0.800 E0.28668
G1 X254.809 Y152.384 Z0.800 E0.28668
G1 X254.726 Y152.856 Z0.800 E0.28668
G1 X254.627 Y153.324 Z0.800 E0.28668
G1 X254.513 Y153.789 Z0.800 E0.28668
G1 X254.385 Y154.251 Z0.800 E0.28668
G1 X254.242 Y154.708 Z0.800 E0.28668
G1 X254.085 Y155.160 Z0.800 E0.28668
G1 X253.913 Y155.607 Z0.800 E0.28668
G1 X253.727 Y156.048 Z0.800 E0.28668
G1 X253.527 Y156.483 Z0.800 E0.28668
G1 X253.313 Y156.912 Z0.800 E0.28668
G1 X253.085 Y157.333 Z0.800 E0.28668
G1 X252.845 Y157.747 Z0.800 E0.28668
G1 X252.591 Y158.153 Z0.800 E0.28668
G1 X252.324 Y158.551 Z0.800 E0.28668
G1 X252.045 Y158.940 Z0.800 E0.28668
G1 X251.753 Y159.320 Z0.800 E0.28668
G1 X251.450 Y159.690 Z0.800 E0.28668
G1 X251.135 Y160.051 Z0.800 E0.28668
G1 X250.808 Y160.401 Z0.800 E0.28668
G1 X250.471 Y160.741 Z0.800 E0.28668
G1 X250.123 Y161.069 Z0.800 E0.28668
G1 X249.764 Y161.387 Z0.800 E0.28668
G1 X249.396 Y161.693 Z0.800 E0.28668
G1 X249.018 Y161.987 Z0.800 E0.28668
G1 X248.631 Y162.268 Z0.800 E0.28668
G1 X248.235 Y162.538 Z0.800 E0.28668
G1 X247.830 Y162.794 Z0.800 E0.28668
G1 X247.418 Y163.037 Z0.800 E0.28668
G1 X246.998 Y163.268 Z0.800 E0.28668
G1 X246.571 Y163.484 Z0.800 E0.28668
G1 X246.137 Y163.687 Z0.800 E0.28668
G1 X245.697 Y163.876 Z0.800 E0.28668
G1 X245.251 Y164.051 Z0.800 E0.28668
G1 X244.800 Y164.211 Z0.800 E0.28668
G1 X244.344 Y164.357 Z0.800 E0.28668
G1 X243.884 Y164.489 Z0.800 E0.28668
G1 X243.419 Y164.605 Z0.800 E0.28668
G1 X242.951 Y164.707 Z0.800 E0.28668
G1 X242.480 Y164.794 Z0.800 E0.28668
G1 X242.007 Y164.865 Z0.800 E0.28668
G1 X241.531 Y164.922 Z0.800 E0.28668
G1 X241.054 Y164.963 Z0.800 E0.28668
G1 X240.576 Y164.989 Z0.800 E0.28668
G1 X240.097 Y165.000 Z0.800 E0.28668
G1 X239.619 Y164.995 Z0.800 E0.28668
G1 X239.140 Y164.975 Z0.800 E0.28668
G1 X238.663 Y164.940 Z0.800 E0.28668
G1 X238.186 Y164.890 Z0.800 E0.28668
G1 X237.712 Y164.824 Z0.800 E0.28668
G1 X237.240 Y164.744 Z0.800 E0.28668
G1 X236.771 Y164.648 Z0.800 E0.28668
G1 X236.305 Y164.538 Z0.800 E0.28668
G1 X235.843 Y164.412 Z0.800 E0.28668
G1 X235.385 Y164.272 Z0.800 E0.28668
G1 X234.932 Y164.118 Z0.800 E0.28668
G1 X234.484 Y163.949 Z0.800 E0.28668
G1 X234.041 Y163.766 Z0.800 E0.28668
G1 X233.605 Y163.568 Z0.800 E0.28668
G1 X233.175 Y163.357 Z0.800 E0.28668
G1 X232.752 Y163.133 Z0.800 E0.28668
G1 X232.337 Y162.895 Z0.800 E0.28668
G1 X231.929 Y162.643 Z0.800 E0.28668
G1 X231.529 Y162.379 Z0.800 E0.28668
G1 X231.139 Y162.103 Z0.800 E0.28668
G1 X230.757 Y161.814 Z0.800 E0.28668
G1 X230.384 Y161.513 Z0.800 E0.28668
G1 X230.022 Y161.200 Z0.800 E0.28668
G1 X229.669 Y160.876 Z0.800 E0.28668
G1 X229.328 Y160.540 Z0.800 E0.28668
G1 X228.997 Y160.194 Z0.800 E0.28668
G1 X228.677 Y159.838 Z0.800 E0.28668
G1 X228.369 Y159.471 Z0.800 E0.28668
G1 X228.072 Y159.095 Z0.800 E0.28668
G1 X227.788 Y158.710 Z0.800 E0.28668
G1 X227.516 Y158.316 Z0.800 E0.28668
G1 X227.257 Y157.913 Z0.800 E0.28668
G1 X227.011 Y157.502 Z0.800 E0.28668
G1 X226.778 Y157.084 Z0.800 E0.28668
G1 X226.559 Y156.658 Z0.800 E0.28668
G1 X226.353 Y156.226 Z0.800 E0.28668
G1 X226.161 Y155.787 Z0.800 E0.28668
G1 X225.984 Y155.342 Z0.800 E0.28668
G1 X225.820 Y154.892 Z0.800 E0.28668
G1 X225.671 Y154.437 Z0.800 E0.28668
G1 X225.537 Y153.978 Z0.800 E0.28668
G1 X225.417 Y153.514 Z0.800 E0.28668
G1 X225.313 Y153.047 Z0.800 E0.28668
G1 X225.223 Y152.576 Z0.800 E0.28668
G1 X225.148 Y152.103 Z0.800 E0.28668
G1 X225.089 Y151.628 Z0.800 E0.28668
G1 X225.044 Y151.151 Z0.800 E0.28668
G1 X225.015 Y150.673 Z0.800 E0.28668
G1 X225.001 Y150.195 Z0.800 E0.28668
G1 X225.003 Y149.716 Z0.800 E0.28668
G1 X225.019 Y149.237 Z0.800 E0.28668
G1 X225.051 Y148.760 Z0.800 E0.28668
G1 X225.099 Y148.283 Z0.800 E0.28668
G1 X225.161 Y147.808 Z0.800 E0.28668
G1 X225.239 Y147.336 Z0.800 E0.28668
G1 X225.331 Y146.866 Z0.800 E0.28668
G1 X225.439 Y146.399 Z0.800 E0.28668
G1 X225.561 Y145.936 Z0.800 E0.28668
G1 X225.698 Y145.477 Z0.800 E0.28668
G1 X225.850 Y145.023 Z0.800 E0.28668
G1 X226.016 Y144.574 Z0.800 E0.28668
G1 X226.196 Y144.131 Z0.800 E0.28668
G1 X226.390 Y143.693 Z0.800 E0.28668
G1 X226.599 Y143.262 Z0.800 E0.28668
G1 X226.821 Y142.837 Z0.800 E0.28668
G1 X227.056 Y142.420 Z0.800 E0.28668
G1 X227.304 Y142.011 Z0.800 E0.28668
G1 X227.566 Y141.610 Z0.800 E0.28668
G1 X227.840 Y141.217 Z0.800 E0.28668
G1 X228.127 Y140.834 Z0.800 E0.28668
G1 X228.425 Y140.459 Z0.800 E0.28668
G1 X228.736 Y140.095 Z0.800 E0.28668
G1 X229.058 Y139.740 Z0.800 E0.28668
G1 X229.391 Y139.396 Z0.800 E0.28668
G1 X229.734 Y139.063 Z0.800 E0.28668
G1 X230.089 Y138.741 Z0.800 E0.28668
G1 X230.453 Y138.430 Z0.800 E0.28668
G1 X230.827 Y138.131 Z0.800 E0.28668
G1 X231.211 Y137.845 Z0.800 E0.28668
G1 X231.603 Y137.570 Z0.800 E0.28668
G1 X232.004 Y137.309 Z0.800 E0.28668
G1 X232.414 Y137.060 Z0.800 E0.28668
G1 X232.830 Y136.824 Z0.800 E0.28668
G1 X233.255 Y136.602 Z0.800 E0.28668
G1 X233.686 Y136.394 Z0.800 E0.28668
G1 X234.123 Y136.199 Z0.800 E0.28668
G1 X234.567 Y136.019 Z0.800 E0.28668
G1 X235.016 Y135.852 Z0.800 E0.28668
G1 X235.470 Y135.700 Z0.800 E0.28668
G1 X235.929 Y135.563 Z0.800 E0.28668
G1 X236.392 Y135.440 Z0.800 E0.28668
G1 X236.858 Y135.333 Z0.800 E0.28668
G1 X237.328 Y135.240 Z0.800 E0.28668
G1 X237.800 Y135.162 Z0.800 E0.28668
G1 X238.275 Y135.099 Z0.800 E0.28668
G1 X238.752 Y135.052 Z0.800 E0.28668
G1 X239.229 Y135.020 Z0.800 E0.28668
G1 X239.708 Y135.003 Z0.800 E0.28668
G1 X240.187 Y135.001 Z0.800 E0.28668
G1 X240.665 Y135.015 Z0.800 E0.28668
G1 X241.143 Y135.044 Z0.800 E0.28668
G1 X241.620 Y135.088 Z0.800 E0.28668
G1 X242.095 Y135.147 Z0.800 E0.28668
G1 X242.568 Y135.222 Z0.800 E0.28668
G1 X243.039 Y135.311 Z0.800 E0.28668
G1 X243.506 Y135.416 Z0.800 E0.28668
G1 X243.970 Y135.535 Z0.800 E0.28668
G1 X244.430 Y135.669 Z0.800 E0.28668
G1 X244.885 Y135.818 Z0.800 E0.28668
G1 X245.335 Y135.981 Z0.800 E0.28668
G1 X245.780 Y136.158 Z0.800 E0.28668
G1 X246.219 Y136.350 Z0.800 E0.28668
G1 X246.651 Y136.555 Z0.800 E0.28668
G1 X247.077 Y136.774 Z0.800 E0.28668
G1 X247.495 Y137.007 Z0.800 E0.28668
G1 X247.906 Y137.253 Z0.800 E0.28668
G1 X248.309 Y137.512 Z0.800 E0.28668
G1 X248.704 Y137.783 Z0.800 E0.28668
G1 X249.089 Y138.067 Z0.800 E0.28668
G1 X249.465 Y138.364 Z0.800 E0.28668
G1 X249.832 Y138.672 Z0.800 E0.28668
G1 X250.189 Y138.991 Z0.800 E0.28668
G1 X250.535 Y139.322 Z0.800 E0.28668
G1 X250.870 Y139.664 Z0.800 E0.28668
G1 X251.195 Y140.016 Z0.800 E0.28668
G1 X251.508 Y140.378 Z0.800 E0.28668
G1 X251.809 Y140.751 Z0.800 E0.28668
G1 X252.098 Y141.132 Z0.800 E0.28668
G1 X252.375 Y141.523 Z0.800 E0.28668
G1 X252.639 Y141.922 Z0.800 E0.28668
G1 X252.891 Y142.330 Z0.800 E0.28668
G1 X253.129 Y142.745 Z0.800 E0.28668
G1 X253.354 Y143.168 Z0.800 E0.28668
G1 X253.565 Y143.598 Z0.800 E0.28668
G1 X253.762 Y144.034 Z0.800 E0.28668
G1 X253.946 Y144.476 Z0.800 E0.28668
G1 X254.115 Y144.924 Z0.800 E0.28668
G1 X254.270 Y145.377 Z0.800 E0.28668
G1 X254.410 Y145.835 Z0.800 E0.28668
G1 X254.536 Y146.297 Z0.800 E0.28668
G1 X254.647 Y146.763 Z0.800 E0.28668
G1 X254.742 Y147.232 Z0.800 E0.28668
G1 X254.823 Y147.704 Z0.800 E0.28668
G1 X254.889 Y148.178 Z0.800 E0.28668
G1 X254.940 Y148.655 Z0.800 E0.28668
G1 X254.975 Y149.132 Z0.800 E0.28668
G1 X254.995 Y149.611 Z0.800 E0.28668
G1 X255.000 Y150.089 Z0.800 E0.28668
G1 X254.989 Y150.568 Z0.800 E0.28668
G1 X254.963 Y151.046 Z0.800 E0.28668
G1 E-3.0 F600
G92 E0

; ============================================================
; [2,4]  Unretract=4mm  Overlap=6°
; Center: X320 Y150
; ============================================================
; Mini purge
G1 Z3.80 F6000
G1 X305.0 Y123.0 F6000
G1 Z0.80 F2000
G92 E0
G1 E3 F150
G1 X335.0 E17.9605 F900
G1 E-3.0 F600
G92 E0
; Ring
G1 Z3.80 F6000
G1 X343.000 Y150.000 F6000
G1 Z0.800 F3000
G1 X339.000 Y150.000 E5.39473 F900
G1 X335.000 Y150.000 E2.39473 F900
G1 F900
G1 X334.992 Y150.481 Z0.800 E0.28825
G1 X334.969 Y150.962 Z0.800 E0.28825
G1 X334.931 Y151.442 Z0.800 E0.28825
G1 X334.877 Y151.921 Z0.800 E0.28825
G1 X334.807 Y152.397 Z0.800 E0.28825
G1 X334.723 Y152.871 Z0.800 E0.28825
G1 X334.623 Y153.342 Z0.800 E0.28825
G1 X334.508 Y153.810 Z0.800 E0.28825
G1 X334.378 Y154.273 Z0.800 E0.28825
G1 X334.234 Y154.733 Z0.800 E0.28825
G1 X334.075 Y155.187 Z0.800 E0.28825
G1 X333.901 Y155.636 Z0.800 E0.28825
G1 X333.713 Y156.079 Z0.800 E0.28825
G1 X333.511 Y156.516 Z0.800 E0.28825
G1 X333.295 Y156.947 Z0.800 E0.28825
G1 X333.065 Y157.370 Z0.800 E0.28825
G1 X332.821 Y157.785 Z0.800 E0.28825
G1 X332.565 Y158.193 Z0.800 E0.28825
G1 X332.296 Y158.592 Z0.800 E0.28825
G1 X332.013 Y158.982 Z0.800 E0.28825
G1 X331.719 Y159.363 Z0.800 E0.28825
G1 X331.412 Y159.734 Z0.800 E0.28825
G1 X331.094 Y160.095 Z0.800 E0.28825
G1 X330.764 Y160.446 Z0.800 E0.28825
G1 X330.424 Y160.786 Z0.800 E0.28825
G1 X330.072 Y161.115 Z0.800 E0.28825
G1 X329.710 Y161.433 Z0.800 E0.28825
G1 X329.338 Y161.739 Z0.800 E0.28825
G1 X328.957 Y162.032 Z0.800 E0.28825
G1 X328.566 Y162.314 Z0.800 E0.28825
G1 X328.166 Y162.582 Z0.800 E0.28825
G1 X327.758 Y162.838 Z0.800 E0.28825
G1 X327.342 Y163.080 Z0.800 E0.28825
G1 X326.919 Y163.309 Z0.800 E0.28825
G1 X326.488 Y163.524 Z0.800 E0.28825
G1 X326.051 Y163.726 Z0.800 E0.28825
G1 X325.607 Y163.913 Z0.800 E0.28825
G1 X325.157 Y164.085 Z0.800 E0.28825
G1 X324.703 Y164.244 Z0.800 E0.28825
G1 X324.243 Y164.387 Z0.800 E0.28825
G1 X323.779 Y164.516 Z0.800 E0.28825
G1 X323.311 Y164.630 Z0.800 E0.28825
G1 X322.840 Y164.729 Z0.800 E0.28825
G1 X322.366 Y164.812 Z0.800 E0.28825
G1 X321.889 Y164.881 Z0.800 E0.28825
G1 X321.411 Y164.934 Z0.800 E0.28825
G1 X320.931 Y164.971 Z0.800 E0.28825
G1 X320.450 Y164.993 Z0.800 E0.28825
G1 X319.968 Y165.000 Z0.800 E0.28825
G1 X319.487 Y164.991 Z0.800 E0.28825
G1 X319.006 Y164.967 Z0.800 E0.28825
G1 X318.526 Y164.927 Z0.800 E0.28825
G1 X318.048 Y164.872 Z0.800 E0.28825
G1 X317.572 Y164.802 Z0.800 E0.28825
G1 X317.098 Y164.717 Z0.800 E0.28825
G1 X316.627 Y164.616 Z0.800 E0.28825
G1 X316.160 Y164.500 Z0.800 E0.28825
G1 X315.696 Y164.369 Z0.800 E0.28825
G1 X315.237 Y164.224 Z0.800 E0.28825
G1 X314.783 Y164.064 Z0.800 E0.28825
G1 X314.335 Y163.889 Z0.800 E0.28825
G1 X313.892 Y163.700 Z0.800 E0.28825
G1 X313.455 Y163.497 Z0.800 E0.28825
G1 X313.025 Y163.280 Z0.800 E0.28825
G1 X312.603 Y163.049 Z0.800 E0.28825
G1 X312.188 Y162.805 Z0.800 E0.28825
G1 X311.781 Y162.548 Z0.800 E0.28825
G1 X311.382 Y162.277 Z0.800 E0.28825
G1 X310.993 Y161.995 Z0.800 E0.28825
G1 X310.612 Y161.699 Z0.800 E0.28825
G1 X310.242 Y161.392 Z0.800 E0.28825
G1 X309.881 Y161.073 Z0.800 E0.28825
G1 X309.531 Y160.742 Z0.800 E0.28825
G1 X309.192 Y160.401 Z0.800 E0.28825
G1 X308.863 Y160.049 Z0.800 E0.28825
G1 X308.547 Y159.686 Z0.800 E0.28825
G1 X308.242 Y159.314 Z0.800 E0.28825
G1 X307.949 Y158.931 Z0.800 E0.28825
G1 X307.668 Y158.540 Z0.800 E0.28825
G1 X307.401 Y158.140 Z0.800 E0.28825
G1 X307.146 Y157.731 Z0.800 E0.28825
G1 X306.904 Y157.315 Z0.800 E0.28825
G1 X306.676 Y156.891 Z0.800 E0.28825
G1 X306.462 Y156.459 Z0.800 E0.28825
G1 X306.262 Y156.022 Z0.800 E0.28825
G1 X306.076 Y155.578 Z0.800 E0.28825
G1 X305.904 Y155.128 Z0.800 E0.28825
G1 X305.746 Y154.673 Z0.800 E0.28825
G1 X305.604 Y154.213 Z0.800 E0.28825
G1 X305.476 Y153.749 Z0.800 E0.28825
G1 X305.363 Y153.281 Z0.800 E0.28825
G1 X305.265 Y152.809 Z0.800 E0.28825
G1 X305.183 Y152.335 Z0.800 E0.28825
G1 X305.116 Y151.858 Z0.800 E0.28825
G1 X305.064 Y151.379 Z0.800 E0.28825
G1 X305.027 Y150.899 Z0.800 E0.28825
G1 X305.006 Y150.418 Z0.800 E0.28825
G1 X305.000 Y149.937 Z0.800 E0.28825
G1 X305.010 Y149.455 Z0.800 E0.28825
G1 X305.035 Y148.975 Z0.800 E0.28825
G1 X305.076 Y148.495 Z0.800 E0.28825
G1 X305.132 Y148.017 Z0.800 E0.28825
G1 X305.203 Y147.541 Z0.800 E0.28825
G1 X305.290 Y147.067 Z0.800 E0.28825
G1 X305.391 Y146.596 Z0.800 E0.28825
G1 X305.508 Y146.129 Z0.800 E0.28825
G1 X305.640 Y145.666 Z0.800 E0.28825
G1 X305.786 Y145.207 Z0.800 E0.28825
G1 X305.947 Y144.754 Z0.800 E0.28825
G1 X306.123 Y144.305 Z0.800 E0.28825
G1 X306.313 Y143.863 Z0.800 E0.28825
G1 X306.517 Y143.427 Z0.800 E0.28825
G1 X306.735 Y142.997 Z0.800 E0.28825
G1 X306.966 Y142.575 Z0.800 E0.28825
G1 X307.211 Y142.161 Z0.800 E0.28825
G1 X307.470 Y141.754 Z0.800 E0.28825
G1 X307.741 Y141.357 Z0.800 E0.28825
G1 X308.024 Y140.968 Z0.800 E0.28825
G1 X308.320 Y140.588 Z0.800 E0.28825
G1 X308.629 Y140.218 Z0.800 E0.28825
G1 X308.948 Y139.858 Z0.800 E0.28825
G1 X309.280 Y139.508 Z0.800 E0.28825
G1 X309.622 Y139.170 Z0.800 E0.28825
G1 X309.975 Y138.842 Z0.800 E0.28825
G1 X310.338 Y138.526 Z0.800 E0.28825
G1 X310.711 Y138.222 Z0.800 E0.28825
G1 X311.094 Y137.930 Z0.800 E0.28825
G1 X311.486 Y137.650 Z0.800 E0.28825
G1 X311.887 Y137.384 Z0.800 E0.28825
G1 X312.296 Y137.130 Z0.800 E0.28825
G1 X312.713 Y136.889 Z0.800 E0.28825
G1 X313.137 Y136.662 Z0.800 E0.28825
G1 X313.569 Y136.449 Z0.800 E0.28825
G1 X314.007 Y136.249 Z0.800 E0.28825
G1 X314.452 Y136.064 Z0.800 E0.28825
G1 X314.902 Y135.893 Z0.800 E0.28825
G1 X315.357 Y135.737 Z0.800 E0.28825
G1 X315.817 Y135.595 Z0.800 E0.28825
G1 X316.282 Y135.468 Z0.800 E0.28825
G1 X316.750 Y135.356 Z0.800 E0.28825
G1 X317.222 Y135.260 Z0.800 E0.28825
G1 X317.696 Y135.178 Z0.800 E0.28825
G1 X318.173 Y135.112 Z0.800 E0.28825
G1 X318.652 Y135.061 Z0.800 E0.28825
G1 X319.132 Y135.025 Z0.800 E0.28825
G1 X319.613 Y135.005 Z0.800 E0.28825
G1 X320.095 Y135.000 Z0.800 E0.28825
G1 X320.576 Y135.011 Z0.800 E0.28825
G1 X321.057 Y135.037 Z0.800 E0.28825
G1 X321.537 Y135.079 Z0.800 E0.28825
G1 X322.015 Y135.136 Z0.800 E0.28825
G1 X322.491 Y135.208 Z0.800 E0.28825
G1 X322.964 Y135.296 Z0.800 E0.28825
G1 X323.434 Y135.398 Z0.800 E0.28825
G1 X323.901 Y135.516 Z0.800 E0.28825
G1 X324.364 Y135.649 Z0.800 E0.28825
G1 X324.823 Y135.796 Z0.800 E0.28825
G1 X325.276 Y135.958 Z0.800 E0.28825
G1 X325.724 Y136.135 Z0.800 E0.28825
G1 X326.166 Y136.326 Z0.800 E0.28825
G1 X326.602 Y136.531 Z0.800 E0.28825
G1 X327.030 Y136.750 Z0.800 E0.28825
G1 X327.452 Y136.982 Z0.800 E0.28825
G1 X327.866 Y137.228 Z0.800 E0.28825
G1 X328.272 Y137.487 Z0.800 E0.28825
G1 X328.669 Y137.759 Z0.800 E0.28825
G1 X329.058 Y138.043 Z0.800 E0.28825
G1 X329.437 Y138.340 Z0.800 E0.28825
G1 X329.806 Y138.649 Z0.800 E0.28825
G1 X330.165 Y138.970 Z0.800 E0.28825
G1 X330.514 Y139.302 Z0.800 E0.28825
G1 X330.852 Y139.645 Z0.800 E0.28825
G1 X331.179 Y139.998 Z0.800 E0.28825
G1 X331.494 Y140.362 Z0.800 E0.28825
G1 X331.797 Y140.736 Z0.800 E0.28825
G1 X332.089 Y141.119 Z0.800 E0.28825
G1 X332.367 Y141.512 Z0.800 E0.28825
G1 X332.634 Y141.913 Z0.800 E0.28825
G1 X332.887 Y142.323 Z0.800 E0.28825
G1 X333.126 Y142.741 Z0.800 E0.28825
G1 X333.353 Y143.166 Z0.800 E0.28825
G1 X333.565 Y143.598 Z0.800 E0.28825
G1 X333.763 Y144.036 Z0.800 E0.28825
G1 X333.948 Y144.481 Z0.800 E0.28825
G1 X334.118 Y144.932 Z0.800 E0.28825
G1 X334.273 Y145.387 Z0.800 E0.28825
G1 X334.414 Y145.848 Z0.800 E0.28825
G1 X334.540 Y146.312 Z0.800 E0.28825
G1 X334.651 Y146.781 Z0.800 E0.28825
G1 X334.746 Y147.253 Z0.800 E0.28825
G1 X334.827 Y147.728 Z0.800 E0.28825
G1 X334.892 Y148.205 Z0.800 E0.28825
G1 X334.942 Y148.683 Z0.800 E0.28825
G1 X334.977 Y149.164 Z0.800 E0.28825
G1 X334.996 Y149.645 Z0.800 E0.28825
G1 X334.999 Y150.126 Z0.800 E0.28825
G1 X334.988 Y150.608 Z0.800 E0.28825
G1 X334.960 Y151.088 Z0.800 E0.28825
G1 X334.918 Y151.568 Z0.800 E0.28825
G1 E-3.0 F600
G92 E0

; ============================================================
; [3,1]  Unretract=6mm  Overlap=0°
; Center: X70 Y230
; ============================================================
; Mini purge
G1 Z3.80 F6000
G1 X55.0 Y203.0 F6000
G1 Z0.80 F2000
G92 E0
G1 E3 F150
G1 X85.0 E17.9605 F900
G1 E-3.0 F600
G92 E0
; Ring
G1 Z3.80 F6000
G1 X93.000 Y230.000 F6000
G1 Z0.800 F3000
G1 X87.000 Y230.000 E6.59209 F900
G1 X85.000 Y230.000 E1.19736 F900
G1 F900
G1 X84.993 Y230.474 Z0.800 E0.28353
G1 X84.970 Y230.947 Z0.800 E0.28353
G1 X84.933 Y231.419 Z0.800 E0.28353
G1 X84.881 Y231.889 Z0.800 E0.28353
G1 X84.813 Y232.358 Z0.800 E0.28353
G1 X84.732 Y232.825 Z0.800 E0.28353
G1 X84.635 Y233.288 Z0.800 E0.28353
G1 X84.524 Y233.749 Z0.800 E0.28353
G1 X84.398 Y234.205 Z0.800 E0.28353
G1 X84.259 Y234.658 Z0.800 E0.28353
G1 X84.104 Y235.106 Z0.800 E0.28353
G1 X83.936 Y235.548 Z0.800 E0.28353
G1 X83.754 Y235.985 Z0.800 E0.28353
G1 X83.558 Y236.417 Z0.800 E0.28353
G1 X83.349 Y236.841 Z0.800 E0.28353
G1 X83.126 Y237.259 Z0.800 E0.28353
G1 X82.891 Y237.670 Z0.800 E0.28353
G1 X82.642 Y238.073 Z0.800 E0.28353
G1 X82.381 Y238.468 Z0.800 E0.28353
G1 X82.107 Y238.855 Z0.800 E0.28353
G1 X81.822 Y239.233 Z0.800 E0.28353
G1 X81.524 Y239.601 Z0.800 E0.28353
G1 X81.216 Y239.960 Z0.800 E0.28353
G1 X80.896 Y240.310 Z0.800 E0.28353
G1 X80.565 Y240.648 Z0.800 E0.28353
G1 X80.223 Y240.977 Z0.800 E0.28353
G1 X79.872 Y241.294 Z0.800 E0.28353
G1 X79.510 Y241.600 Z0.800 E0.28353
G1 X79.139 Y241.894 Z0.800 E0.28353
G1 X78.759 Y242.177 Z0.800 E0.28353
G1 X78.370 Y242.447 Z0.800 E0.28353
G1 X77.973 Y242.705 Z0.800 E0.28353
G1 X77.568 Y242.951 Z0.800 E0.28353
G1 X77.156 Y243.183 Z0.800 E0.28353
G1 X76.736 Y243.403 Z0.800 E0.28353
G1 X76.309 Y243.608 Z0.800 E0.28353
G1 X75.877 Y243.801 Z0.800 E0.28353
G1 X75.438 Y243.980 Z0.800 E0.28353
G1 X74.994 Y244.144 Z0.800 E0.28353
G1 X74.545 Y244.295 Z0.800 E0.28353
G1 X74.092 Y244.431 Z0.800 E0.28353
G1 X73.634 Y244.553 Z0.800 E0.28353
G1 X73.173 Y244.661 Z0.800 E0.28353
G1 X72.708 Y244.753 Z0.800 E0.28353
G1 X72.241 Y244.832 Z0.800 E0.28353
G1 X71.772 Y244.895 Z0.800 E0.28353
G1 X71.301 Y244.943 Z0.800 E0.28353
G1 X70.828 Y244.977 Z0.800 E0.28353
G1 X70.355 Y244.996 Z0.800 E0.28353
G1 X69.882 Y245.000 Z0.800 E0.28353
G1 X69.408 Y244.988 Z0.800 E0.28353
G1 X68.935 Y244.962 Z0.800 E0.28353
G1 X68.463 Y244.921 Z0.800 E0.28353
G1 X67.993 Y244.865 Z0.800 E0.28353
G1 X67.525 Y244.794 Z0.800 E0.28353
G1 X67.059 Y244.709 Z0.800 E0.28353
G1 X66.596 Y244.609 Z0.800 E0.28353
G1 X66.137 Y244.494 Z0.800 E0.28353
G1 X65.681 Y244.365 Z0.800 E0.28353
G1 X65.230 Y244.221 Z0.800 E0.28353
G1 X64.783 Y244.064 Z0.800 E0.28353
G1 X64.342 Y243.892 Z0.800 E0.28353
G1 X63.906 Y243.706 Z0.800 E0.28353
G1 X63.477 Y243.507 Z0.800 E0.28353
G1 X63.053 Y243.295 Z0.800 E0.28353
G1 X62.637 Y243.069 Z0.800 E0.28353
G1 X62.228 Y242.830 Z0.800 E0.28353
G1 X61.827 Y242.578 Z0.800 E0.28353
G1 X61.434 Y242.314 Z0.800 E0.28353
G1 X61.050 Y242.037 Z0.800 E0.28353
G1 X60.674 Y241.749 Z0.800 E0.28353
G1 X60.308 Y241.448 Z0.800 E0.28353
G1 X59.951 Y241.137 Z0.800 E0.28353
G1 X59.605 Y240.814 Z0.800 E0.28353
G1 X59.269 Y240.480 Z0.800 E0.28353
G1 X58.943 Y240.136 Z0.800 E0.28353
G1 X58.629 Y239.782 Z0.800 E0.28353
G1 X58.325 Y239.418 Z0.800 E0.28353
G1 X58.034 Y239.045 Z0.800 E0.28353
G1 X57.754 Y238.663 Z0.800 E0.28353
G1 X57.487 Y238.272 Z0.800 E0.28353
G1 X57.232 Y237.873 Z0.800 E0.28353
G1 X56.990 Y237.466 Z0.800 E0.28353
G1 X56.761 Y237.051 Z0.800 E0.28353
G1 X56.545 Y236.630 Z0.800 E0.28353
G1 X56.342 Y236.202 Z0.800 E0.28353
G1 X56.153 Y235.768 Z0.800 E0.28353
G1 X55.978 Y235.328 Z0.800 E0.28353
G1 X55.817 Y234.882 Z0.800 E0.28353
G1 X55.670 Y234.432 Z0.800 E0.28353
G1 X55.537 Y233.978 Z0.800 E0.28353
G1 X55.419 Y233.519 Z0.800 E0.28353
G1 X55.315 Y233.057 Z0.800 E0.28353
G1 X55.226 Y232.592 Z0.800 E0.28353
G1 X55.151 Y232.124 Z0.800 E0.28353
G1 X55.091 Y231.654 Z0.800 E0.28353
G1 X55.047 Y231.183 Z0.800 E0.28353
G1 X55.017 Y230.710 Z0.800 E0.28353
G1 X55.002 Y230.237 Z0.800 E0.28353
G1 X55.002 Y229.763 Z0.800 E0.28353
G1 X55.017 Y229.290 Z0.800 E0.28353
G1 X55.047 Y228.817 Z0.800 E0.28353
G1 X55.091 Y228.346 Z0.800 E0.28353
G1 X55.151 Y227.876 Z0.800 E0.28353
G1 X55.226 Y227.408 Z0.800 E0.28353
G1 X55.315 Y226.943 Z0.800 E0.28353
G1 X55.419 Y226.481 Z0.800 E0.28353
G1 X55.537 Y226.022 Z0.800 E0.28353
G1 X55.670 Y225.568 Z0.800 E0.28353
G1 X55.817 Y225.118 Z0.800 E0.28353
G1 X55.978 Y224.672 Z0.800 E0.28353
G1 X56.153 Y224.232 Z0.800 E0.28353
G1 X56.342 Y223.798 Z0.800 E0.28353
G1 X56.545 Y223.370 Z0.800 E0.28353
G1 X56.761 Y222.949 Z0.800 E0.28353
G1 X56.990 Y222.534 Z0.800 E0.28353
G1 X57.232 Y222.127 Z0.800 E0.28353
G1 X57.487 Y221.728 Z0.800 E0.28353
G1 X57.754 Y221.337 Z0.800 E0.28353
G1 X58.034 Y220.955 Z0.800 E0.28353
G1 X58.325 Y220.582 Z0.800 E0.28353
G1 X58.629 Y220.218 Z0.800 E0.28353
G1 X58.943 Y219.864 Z0.800 E0.28353
G1 X59.269 Y219.520 Z0.800 E0.28353
G1 X59.605 Y219.186 Z0.800 E0.28353
G1 X59.951 Y218.863 Z0.800 E0.28353
G1 X60.308 Y218.552 Z0.800 E0.28353
G1 X60.674 Y218.251 Z0.800 E0.28353
G1 X61.050 Y217.963 Z0.800 E0.28353
G1 X61.434 Y217.686 Z0.800 E0.28353
G1 X61.827 Y217.422 Z0.800 E0.28353
G1 X62.228 Y217.170 Z0.800 E0.28353
G1 X62.637 Y216.931 Z0.800 E0.28353
G1 X63.053 Y216.705 Z0.800 E0.28353
G1 X63.477 Y216.493 Z0.800 E0.28353
G1 X63.906 Y216.294 Z0.800 E0.28353
G1 X64.342 Y216.108 Z0.800 E0.28353
G1 X64.783 Y215.936 Z0.800 E0.28353
G1 X65.230 Y215.779 Z0.800 E0.28353
G1 X65.681 Y215.635 Z0.800 E0.28353
G1 X66.137 Y215.506 Z0.800 E0.28353
G1 X66.596 Y215.391 Z0.800 E0.28353
G1 X67.059 Y215.291 Z0.800 E0.28353
G1 X67.525 Y215.206 Z0.800 E0.28353
G1 X67.993 Y215.135 Z0.800 E0.28353
G1 X68.463 Y215.079 Z0.800 E0.28353
G1 X68.935 Y215.038 Z0.800 E0.28353
G1 X69.408 Y215.012 Z0.800 E0.28353
G1 X69.882 Y215.000 Z0.800 E0.28353
G1 X70.355 Y215.004 Z0.800 E0.28353
G1 X70.828 Y215.023 Z0.800 E0.28353
G1 X71.301 Y215.057 Z0.800 E0.28353
G1 X71.772 Y215.105 Z0.800 E0.28353
G1 X72.241 Y215.168 Z0.800 E0.28353
G1 X72.708 Y215.247 Z0.800 E0.28353
G1 X73.173 Y215.339 Z0.800 E0.28353
G1 X73.634 Y215.447 Z0.800 E0.28353
G1 X74.092 Y215.569 Z0.800 E0.28353
G1 X74.545 Y215.705 Z0.800 E0.28353
G1 X74.994 Y215.856 Z0.800 E0.28353
G1 X75.438 Y216.020 Z0.800 E0.28353
G1 X75.877 Y216.199 Z0.800 E0.28353
G1 X76.309 Y216.392 Z0.800 E0.28353
G1 X76.736 Y216.597 Z0.800 E0.28353
G1 X77.156 Y216.817 Z0.800 E0.28353
G1 X77.568 Y217.049 Z0.800 E0.28353
G1 X77.973 Y217.295 Z0.800 E0.28353
G1 X78.370 Y217.553 Z0.800 E0.28353
G1 X78.759 Y217.823 Z0.800 E0.28353
G1 X79.139 Y218.106 Z0.800 E0.28353
G1 X79.510 Y218.400 Z0.800 E0.28353
G1 X79.872 Y218.706 Z0.800 E0.28353
G1 X80.223 Y219.023 Z0.800 E0.28353
G1 X80.565 Y219.352 Z0.800 E0.28353
G1 X80.896 Y219.690 Z0.800 E0.28353
G1 X81.216 Y220.040 Z0.800 E0.28353
G1 X81.524 Y220.399 Z0.800 E0.28353
G1 X81.822 Y220.767 Z0.800 E0.28353
G1 X82.107 Y221.145 Z0.800 E0.28353
G1 X82.381 Y221.532 Z0.800 E0.28353
G1 X82.642 Y221.927 Z0.800 E0.28353
G1 X82.891 Y222.330 Z0.800 E0.28353
G1 X83.126 Y222.741 Z0.800 E0.28353
G1 X83.349 Y223.159 Z0.800 E0.28353
G1 X83.558 Y223.583 Z0.800 E0.28353
G1 X83.754 Y224.015 Z0.800 E0.28353
G1 X83.936 Y224.452 Z0.800 E0.28353
G1 X84.104 Y224.894 Z0.800 E0.28353
G1 X84.259 Y225.342 Z0.800 E0.28353
G1 X84.398 Y225.795 Z0.800 E0.28353
G1 X84.524 Y226.251 Z0.800 E0.28353
G1 X84.635 Y226.712 Z0.800 E0.28353
G1 X84.732 Y227.175 Z0.800 E0.28353
G1 X84.813 Y227.642 Z0.800 E0.28353
G1 X84.881 Y228.111 Z0.800 E0.28353
G1 X84.933 Y228.581 Z0.800 E0.28353
G1 X84.970 Y229.053 Z0.800 E0.28353
G1 X84.993 Y229.526 Z0.800 E0.28353
G1 X85.000 Y230.000 Z0.800 E0.28353
G1 E-3.0 F600
G92 E0

; ============================================================
; [3,2]  Unretract=6mm  Overlap=2°
; Center: X150 Y230
; ============================================================
; Mini purge
G1 Z3.80 F6000
G1 X135.0 Y203.0 F6000
G1 Z0.80 F2000
G92 E0
G1 E3 F150
G1 X165.0 E17.9605 F900
G1 E-3.0 F600
G92 E0
; Ring
G1 Z3.80 F6000
G1 X173.000 Y230.000 F6000
G1 Z0.800 F3000
G1 X167.000 Y230.000 E6.59209 F900
G1 X165.000 Y230.000 E1.19736 F900
G1 F900
G1 X164.992 Y230.476 Z0.800 E0.28510
G1 X164.970 Y230.952 Z0.800 E0.28510
G1 X164.932 Y231.427 Z0.800 E0.28510
G1 X164.879 Y231.900 Z0.800 E0.28510
G1 X164.811 Y232.371 Z0.800 E0.28510
G1 X164.729 Y232.840 Z0.800 E0.28510
G1 X164.631 Y233.306 Z0.800 E0.28510
G1 X164.519 Y233.769 Z0.800 E0.28510
G1 X164.392 Y234.228 Z0.800 E0.28510
G1 X164.250 Y234.683 Z0.800 E0.28510
G1 X164.094 Y235.133 Z0.800 E0.28510
G1 X163.924 Y235.578 Z0.800 E0.28510
G1 X163.740 Y236.017 Z0.800 E0.28510
G1 X163.542 Y236.450 Z0.800 E0.28510
G1 X163.331 Y236.877 Z0.800 E0.28510
G1 X163.106 Y237.296 Z0.800 E0.28510
G1 X162.868 Y237.709 Z0.800 E0.28510
G1 X162.616 Y238.113 Z0.800 E0.28510
G1 X162.353 Y238.510 Z0.800 E0.28510
G1 X162.076 Y238.897 Z0.800 E0.28510
G1 X161.788 Y239.276 Z0.800 E0.28510
G1 X161.487 Y239.646 Z0.800 E0.28510
G1 X161.175 Y240.006 Z0.800 E0.28510
G1 X160.852 Y240.355 Z0.800 E0.28510
G1 X160.518 Y240.695 Z0.800 E0.28510
G1 X160.173 Y241.023 Z0.800 E0.28510
G1 X159.818 Y241.340 Z0.800 E0.28510
G1 X159.453 Y241.646 Z0.800 E0.28510
G1 X159.079 Y241.941 Z0.800 E0.28510
G1 X158.695 Y242.223 Z0.800 E0.28510
G1 X158.303 Y242.493 Z0.800 E0.28510
G1 X157.902 Y242.750 Z0.800 E0.28510
G1 X157.493 Y242.994 Z0.800 E0.28510
G1 X157.077 Y243.226 Z0.800 E0.28510
G1 X156.653 Y243.444 Z0.800 E0.28510
G1 X156.223 Y243.648 Z0.800 E0.28510
G1 X155.787 Y243.839 Z0.800 E0.28510
G1 X155.345 Y244.015 Z0.800 E0.28510
G1 X154.897 Y244.178 Z0.800 E0.28510
G1 X154.445 Y244.326 Z0.800 E0.28510
G1 X153.988 Y244.460 Z0.800 E0.28510
G1 X153.527 Y244.580 Z0.800 E0.28510
G1 X153.062 Y244.684 Z0.800 E0.28510
G1 X152.594 Y244.774 Z0.800 E0.28510
G1 X152.124 Y244.849 Z0.800 E0.28510
G1 X151.652 Y244.909 Z0.800 E0.28510
G1 X151.178 Y244.954 Z0.800 E0.28510
G1 X150.702 Y244.984 Z0.800 E0.28510
G1 X150.226 Y244.998 Z0.800 E0.28510
G1 X149.750 Y244.998 Z0.800 E0.28510
G1 X149.274 Y244.982 Z0.800 E0.28510
G1 X148.799 Y244.952 Z0.800 E0.28510
G1 X148.325 Y244.906 Z0.800 E0.28510
G1 X147.852 Y244.845 Z0.800 E0.28510
G1 X147.382 Y244.770 Z0.800 E0.28510
G1 X146.915 Y244.679 Z0.800 E0.28510
G1 X146.450 Y244.574 Z0.800 E0.28510
G1 X145.990 Y244.454 Z0.800 E0.28510
G1 X145.533 Y244.319 Z0.800 E0.28510
G1 X145.080 Y244.170 Z0.800 E0.28510
G1 X144.633 Y244.007 Z0.800 E0.28510
G1 X144.191 Y243.830 Z0.800 E0.28510
G1 X143.755 Y243.638 Z0.800 E0.28510
G1 X143.325 Y243.433 Z0.800 E0.28510
G1 X142.902 Y243.214 Z0.800 E0.28510
G1 X142.486 Y242.982 Z0.800 E0.28510
G1 X142.078 Y242.737 Z0.800 E0.28510
G1 X141.678 Y242.480 Z0.800 E0.28510
G1 X141.286 Y242.209 Z0.800 E0.28510
G1 X140.903 Y241.926 Z0.800 E0.28510
G1 X140.529 Y241.631 Z0.800 E0.28510
G1 X140.164 Y241.325 Z0.800 E0.28510
G1 X139.810 Y241.007 Z0.800 E0.28510
G1 X139.465 Y240.678 Z0.800 E0.28510
G1 X139.132 Y240.338 Z0.800 E0.28510
G1 X138.809 Y239.988 Z0.800 E0.28510
G1 X138.498 Y239.628 Z0.800 E0.28510
G1 X138.198 Y239.258 Z0.800 E0.28510
G1 X137.910 Y238.878 Z0.800 E0.28510
G1 X137.634 Y238.490 Z0.800 E0.28510
G1 X137.371 Y238.093 Z0.800 E0.28510
G1 X137.120 Y237.688 Z0.800 E0.28510
G1 X136.883 Y237.276 Z0.800 E0.28510
G1 X136.658 Y236.856 Z0.800 E0.28510
G1 X136.447 Y236.429 Z0.800 E0.28510
G1 X136.250 Y235.995 Z0.800 E0.28510
G1 X136.067 Y235.556 Z0.800 E0.28510
G1 X135.897 Y235.111 Z0.800 E0.28510
G1 X135.742 Y234.660 Z0.800 E0.28510
G1 X135.602 Y234.205 Z0.800 E0.28510
G1 X135.475 Y233.746 Z0.800 E0.28510
G1 X135.364 Y233.283 Z0.800 E0.28510
G1 X135.267 Y232.817 Z0.800 E0.28510
G1 X135.185 Y232.348 Z0.800 E0.28510
G1 X135.118 Y231.876 Z0.800 E0.28510
G1 X135.066 Y231.403 Z0.800 E0.28510
G1 X135.029 Y230.928 Z0.800 E0.28510
G1 X135.007 Y230.452 Z0.800 E0.28510
G1 X135.000 Y229.976 Z0.800 E0.28510
G1 X135.008 Y229.500 Z0.800 E0.28510
G1 X135.032 Y229.025 Z0.800 E0.28510
G1 X135.070 Y228.550 Z0.800 E0.28510
G1 X135.124 Y228.077 Z0.800 E0.28510
G1 X135.192 Y227.605 Z0.800 E0.28510
G1 X135.276 Y227.137 Z0.800 E0.28510
G1 X135.374 Y226.671 Z0.800 E0.28510
G1 X135.487 Y226.208 Z0.800 E0.28510
G1 X135.615 Y225.749 Z0.800 E0.28510
G1 X135.757 Y225.295 Z0.800 E0.28510
G1 X135.914 Y224.845 Z0.800 E0.28510
G1 X136.084 Y224.400 Z0.800 E0.28510
G1 X136.269 Y223.962 Z0.800 E0.28510
G1 X136.468 Y223.529 Z0.800 E0.28510
G1 X136.680 Y223.102 Z0.800 E0.28510
G1 X136.906 Y222.683 Z0.800 E0.28510
G1 X137.145 Y222.271 Z0.800 E0.28510
G1 X137.396 Y221.867 Z0.800 E0.28510
G1 X137.661 Y221.471 Z0.800 E0.28510
G1 X137.938 Y221.083 Z0.800 E0.28510
G1 X138.227 Y220.705 Z0.800 E0.28510
G1 X138.528 Y220.336 Z0.800 E0.28510
G1 X138.841 Y219.977 Z0.800 E0.28510
G1 X139.164 Y219.628 Z0.800 E0.28510
G1 X139.499 Y219.289 Z0.800 E0.28510
G1 X139.844 Y218.961 Z0.800 E0.28510
G1 X140.200 Y218.644 Z0.800 E0.28510
G1 X140.565 Y218.339 Z0.800 E0.28510
G1 X140.940 Y218.045 Z0.800 E0.28510
G1 X141.324 Y217.763 Z0.800 E0.28510
G1 X141.717 Y217.494 Z0.800 E0.28510
G1 X142.118 Y217.238 Z0.800 E0.28510
G1 X142.527 Y216.994 Z0.800 E0.28510
G1 X142.944 Y216.763 Z0.800 E0.28510
G1 X143.368 Y216.546 Z0.800 E0.28510
G1 X143.798 Y216.342 Z0.800 E0.28510
G1 X144.235 Y216.152 Z0.800 E0.28510
G1 X144.677 Y215.976 Z0.800 E0.28510
G1 X145.125 Y215.814 Z0.800 E0.28510
G1 X145.578 Y215.667 Z0.800 E0.28510
G1 X146.035 Y215.533 Z0.800 E0.28510
G1 X146.496 Y215.415 Z0.800 E0.28510
G1 X146.961 Y215.311 Z0.800 E0.28510
G1 X147.429 Y215.222 Z0.800 E0.28510
G1 X147.899 Y215.148 Z0.800 E0.28510
G1 X148.372 Y215.089 Z0.800 E0.28510
G1 X148.846 Y215.044 Z0.800 E0.28510
G1 X149.321 Y215.015 Z0.800 E0.28510
G1 X149.797 Y215.001 Z0.800 E0.28510
G1 X150.274 Y215.002 Z0.800 E0.28510
G1 X150.750 Y215.019 Z0.800 E0.28510
G1 X151.225 Y215.050 Z0.800 E0.28510
G1 X151.699 Y215.096 Z0.800 E0.28510
G1 X152.171 Y215.158 Z0.800 E0.28510
G1 X152.641 Y215.234 Z0.800 E0.28510
G1 X153.108 Y215.326 Z0.800 E0.28510
G1 X153.573 Y215.432 Z0.800 E0.28510
G1 X154.033 Y215.552 Z0.800 E0.28510
G1 X154.490 Y215.688 Z0.800 E0.28510
G1 X154.942 Y215.837 Z0.800 E0.28510
G1 X155.389 Y216.001 Z0.800 E0.28510
G1 X155.831 Y216.180 Z0.800 E0.28510
G1 X156.266 Y216.372 Z0.800 E0.28510
G1 X156.696 Y216.577 Z0.800 E0.28510
G1 X157.119 Y216.797 Z0.800 E0.28510
G1 X157.534 Y217.029 Z0.800 E0.28510
G1 X157.942 Y217.275 Z0.800 E0.28510
G1 X158.342 Y217.534 Z0.800 E0.28510
G1 X158.734 Y217.805 Z0.800 E0.28510
G1 X159.116 Y218.088 Z0.800 E0.28510
G1 X159.490 Y218.383 Z0.800 E0.28510
G1 X159.854 Y218.691 Z0.800 E0.28510
G1 X160.208 Y219.009 Z0.800 E0.28510
G1 X160.552 Y219.339 Z0.800 E0.28510
G1 X160.885 Y219.679 Z0.800 E0.28510
G1 X161.207 Y220.030 Z0.800 E0.28510
G1 X161.518 Y220.390 Z0.800 E0.28510
G1 X161.817 Y220.761 Z0.800 E0.28510
G1 X162.104 Y221.141 Z0.800 E0.28510
G1 X162.379 Y221.529 Z0.800 E0.28510
G1 X162.642 Y221.927 Z0.800 E0.28510
G1 X162.892 Y222.332 Z0.800 E0.28510
G1 X163.129 Y222.745 Z0.800 E0.28510
G1 X163.353 Y223.166 Z0.800 E0.28510
G1 X163.563 Y223.593 Z0.800 E0.28510
G1 X163.759 Y224.027 Z0.800 E0.28510
G1 X163.942 Y224.466 Z0.800 E0.28510
G1 X164.111 Y224.912 Z0.800 E0.28510
G1 X164.265 Y225.362 Z0.800 E0.28510
G1 X164.405 Y225.817 Z0.800 E0.28510
G1 X164.531 Y226.277 Z0.800 E0.28510
G1 X164.641 Y226.740 Z0.800 E0.28510
G1 X164.738 Y227.206 Z0.800 E0.28510
G1 X164.819 Y227.676 Z0.800 E0.28510
G1 X164.885 Y228.147 Z0.800 E0.28510
G1 X164.936 Y228.621 Z0.800 E0.28510
G1 X164.973 Y229.095 Z0.800 E0.28510
G1 X164.994 Y229.571 Z0.800 E0.28510
G1 X165.000 Y230.047 Z0.800 E0.28510
G1 X164.991 Y230.523 Z0.800 E0.28510
G1 E-3.0 F600
G92 E0

; ============================================================
; [3,3]  Unretract=6mm  Overlap=4°
; Center: X240 Y230
; ============================================================
; Mini purge
G1 Z3.80 F6000
G1 X225.0 Y203.0 F6000
G1 Z0.80 F2000
G92 E0
G1 E3 F150
G1 X255.0 E17.9605 F900
G1 E-3.0 F600
G92 E0
; Ring
G1 Z3.80 F6000
G1 X263.000 Y230.000 F6000
G1 Z0.800 F3000
G1 X257.000 Y230.000 E6.59209 F900
G1 X255.000 Y230.000 E1.19736 F900
G1 F900
G1 X254.992 Y230.479 Z0.800 E0.28668
G1 X254.969 Y230.957 Z0.800 E0.28668
G1 X254.931 Y231.434 Z0.800 E0.28668
G1 X254.878 Y231.910 Z0.800 E0.28668
G1 X254.809 Y232.384 Z0.800 E0.28668
G1 X254.726 Y232.856 Z0.800 E0.28668
G1 X254.627 Y233.324 Z0.800 E0.28668
G1 X254.513 Y233.789 Z0.800 E0.28668
G1 X254.385 Y234.251 Z0.800 E0.28668
G1 X254.242 Y234.708 Z0.800 E0.28668
G1 X254.085 Y235.160 Z0.800 E0.28668
G1 X253.913 Y235.607 Z0.800 E0.28668
G1 X253.727 Y236.048 Z0.800 E0.28668
G1 X253.527 Y236.483 Z0.800 E0.28668
G1 X253.313 Y236.912 Z0.800 E0.28668
G1 X253.085 Y237.333 Z0.800 E0.28668
G1 X252.845 Y237.747 Z0.800 E0.28668
G1 X252.591 Y238.153 Z0.800 E0.28668
G1 X252.324 Y238.551 Z0.800 E0.28668
G1 X252.045 Y238.940 Z0.800 E0.28668
G1 X251.753 Y239.320 Z0.800 E0.28668
G1 X251.450 Y239.690 Z0.800 E0.28668
G1 X251.135 Y240.051 Z0.800 E0.28668
G1 X250.808 Y240.401 Z0.800 E0.28668
G1 X250.471 Y240.741 Z0.800 E0.28668
G1 X250.123 Y241.069 Z0.800 E0.28668
G1 X249.764 Y241.387 Z0.800 E0.28668
G1 X249.396 Y241.693 Z0.800 E0.28668
G1 X249.018 Y241.987 Z0.800 E0.28668
G1 X248.631 Y242.268 Z0.800 E0.28668
G1 X248.235 Y242.538 Z0.800 E0.28668
G1 X247.830 Y242.794 Z0.800 E0.28668
G1 X247.418 Y243.037 Z0.800 E0.28668
G1 X246.998 Y243.268 Z0.800 E0.28668
G1 X246.571 Y243.484 Z0.800 E0.28668
G1 X246.137 Y243.687 Z0.800 E0.28668
G1 X245.697 Y243.876 Z0.800 E0.28668
G1 X245.251 Y244.051 Z0.800 E0.28668
G1 X244.800 Y244.211 Z0.800 E0.28668
G1 X244.344 Y244.357 Z0.800 E0.28668
G1 X243.884 Y244.489 Z0.800 E0.28668
G1 X243.419 Y244.605 Z0.800 E0.28668
G1 X242.951 Y244.707 Z0.800 E0.28668
G1 X242.480 Y244.794 Z0.800 E0.28668
G1 X242.007 Y244.865 Z0.800 E0.28668
G1 X241.531 Y244.922 Z0.800 E0.28668
G1 X241.054 Y244.963 Z0.800 E0.28668
G1 X240.576 Y244.989 Z0.800 E0.28668
G1 X240.097 Y245.000 Z0.800 E0.28668
G1 X239.619 Y244.995 Z0.800 E0.28668
G1 X239.140 Y244.975 Z0.800 E0.28668
G1 X238.663 Y244.940 Z0.800 E0.28668
G1 X238.186 Y244.890 Z0.800 E0.28668
G1 X237.712 Y244.824 Z0.800 E0.28668
G1 X237.240 Y244.744 Z0.800 E0.28668
G1 X236.771 Y244.648 Z0.800 E0.28668
G1 X236.305 Y244.538 Z0.800 E0.28668
G1 X235.843 Y244.412 Z0.800 E0.28668
G1 X235.385 Y244.272 Z0.800 E0.28668
G1 X234.932 Y244.118 Z0.800 E0.28668
G1 X234.484 Y243.949 Z0.800 E0.28668
G1 X234.041 Y243.766 Z0.800 E0.28668
G1 X233.605 Y243.568 Z0.800 E0.28668
G1 X233.175 Y243.357 Z0.800 E0.28668
G1 X232.752 Y243.133 Z0.800 E0.28668
G1 X232.337 Y242.895 Z0.800 E0.28668
G1 X231.929 Y242.643 Z0.800 E0.28668
G1 X231.529 Y242.379 Z0.800 E0.28668
G1 X231.139 Y242.103 Z0.800 E0.28668
G1 X230.757 Y241.814 Z0.800 E0.28668
G1 X230.384 Y241.513 Z0.800 E0.28668
G1 X230.022 Y241.200 Z0.800 E0.28668
G1 X229.669 Y240.876 Z0.800 E0.28668
G1 X229.328 Y240.540 Z0.800 E0.28668
G1 X228.997 Y240.194 Z0.800 E0.28668
G1 X228.677 Y239.838 Z0.800 E0.28668
G1 X228.369 Y239.471 Z0.800 E0.28668
G1 X228.072 Y239.095 Z0.800 E0.28668
G1 X227.788 Y238.710 Z0.800 E0.28668
G1 X227.516 Y238.316 Z0.800 E0.28668
G1 X227.257 Y237.913 Z0.800 E0.28668
G1 X227.011 Y237.502 Z0.800 E0.28668
G1 X226.778 Y237.084 Z0.800 E0.28668
G1 X226.559 Y236.658 Z0.800 E0.28668
G1 X226.353 Y236.226 Z0.800 E0.28668
G1 X226.161 Y235.787 Z0.800 E0.28668
G1 X225.984 Y235.342 Z0.800 E0.28668
G1 X225.820 Y234.892 Z0.800 E0.28668
G1 X225.671 Y234.437 Z0.800 E0.28668
G1 X225.537 Y233.978 Z0.800 E0.28668
G1 X225.417 Y233.514 Z0.800 E0.28668
G1 X225.313 Y233.047 Z0.800 E0.28668
G1 X225.223 Y232.576 Z0.800 E0.28668
G1 X225.148 Y232.103 Z0.800 E0.28668
G1 X225.089 Y231.628 Z0.800 E0.28668
G1 X225.044 Y231.151 Z0.800 E0.28668
G1 X225.015 Y230.673 Z0.800 E0.28668
G1 X225.001 Y230.195 Z0.800 E0.28668
G1 X225.003 Y229.716 Z0.800 E0.28668
G1 X225.019 Y229.237 Z0.800 E0.28668
G1 X225.051 Y228.760 Z0.800 E0.28668
G1 X225.099 Y228.283 Z0.800 E0.28668
G1 X225.161 Y227.808 Z0.800 E0.28668
G1 X225.239 Y227.336 Z0.800 E0.28668
G1 X225.331 Y226.866 Z0.800 E0.28668
G1 X225.439 Y226.399 Z0.800 E0.28668
G1 X225.561 Y225.936 Z0.800 E0.28668
G1 X225.698 Y225.477 Z0.800 E0.28668
G1 X225.850 Y225.023 Z0.800 E0.28668
G1 X226.016 Y224.574 Z0.800 E0.28668
G1 X226.196 Y224.131 Z0.800 E0.28668
G1 X226.390 Y223.693 Z0.800 E0.28668
G1 X226.599 Y223.262 Z0.800 E0.28668
G1 X226.821 Y222.837 Z0.800 E0.28668
G1 X227.056 Y222.420 Z0.800 E0.28668
G1 X227.304 Y222.011 Z0.800 E0.28668
G1 X227.566 Y221.610 Z0.800 E0.28668
G1 X227.840 Y221.217 Z0.800 E0.28668
G1 X228.127 Y220.834 Z0.800 E0.28668
G1 X228.425 Y220.459 Z0.800 E0.28668
G1 X228.736 Y220.095 Z0.800 E0.28668
G1 X229.058 Y219.740 Z0.800 E0.28668
G1 X229.391 Y219.396 Z0.800 E0.28668
G1 X229.734 Y219.063 Z0.800 E0.28668
G1 X230.089 Y218.741 Z0.800 E0.28668
G1 X230.453 Y218.430 Z0.800 E0.28668
G1 X230.827 Y218.131 Z0.800 E0.28668
G1 X231.211 Y217.845 Z0.800 E0.28668
G1 X231.603 Y217.570 Z0.800 E0.28668
G1 X232.004 Y217.309 Z0.800 E0.28668
G1 X232.414 Y217.060 Z0.800 E0.28668
G1 X232.830 Y216.824 Z0.800 E0.28668
G1 X233.255 Y216.602 Z0.800 E0.28668
G1 X233.686 Y216.394 Z0.800 E0.28668
G1 X234.123 Y216.199 Z0.800 E0.28668
G1 X234.567 Y216.019 Z0.800 E0.28668
G1 X235.016 Y215.852 Z0.800 E0.28668
G1 X235.470 Y215.700 Z0.800 E0.28668
G1 X235.929 Y215.563 Z0.800 E0.28668
G1 X236.392 Y215.440 Z0.800 E0.28668
G1 X236.858 Y215.333 Z0.800 E0.28668
G1 X237.328 Y215.240 Z0.800 E0.28668
G1 X237.800 Y215.162 Z0.800 E0.28668
G1 X238.275 Y215.099 Z0.800 E0.28668
G1 X238.752 Y215.052 Z0.800 E0.28668
G1 X239.229 Y215.020 Z0.800 E0.28668
G1 X239.708 Y215.003 Z0.800 E0.28668
G1 X240.187 Y215.001 Z0.800 E0.28668
G1 X240.665 Y215.015 Z0.800 E0.28668
G1 X241.143 Y215.044 Z0.800 E0.28668
G1 X241.620 Y215.088 Z0.800 E0.28668
G1 X242.095 Y215.147 Z0.800 E0.28668
G1 X242.568 Y215.222 Z0.800 E0.28668
G1 X243.039 Y215.311 Z0.800 E0.28668
G1 X243.506 Y215.416 Z0.800 E0.28668
G1 X243.970 Y215.535 Z0.800 E0.28668
G1 X244.430 Y215.669 Z0.800 E0.28668
G1 X244.885 Y215.818 Z0.800 E0.28668
G1 X245.335 Y215.981 Z0.800 E0.28668
G1 X245.780 Y216.158 Z0.800 E0.28668
G1 X246.219 Y216.350 Z0.800 E0.28668
G1 X246.651 Y216.555 Z0.800 E0.28668
G1 X247.077 Y216.774 Z0.800 E0.28668
G1 X247.495 Y217.007 Z0.800 E0.28668
G1 X247.906 Y217.253 Z0.800 E0.28668
G1 X248.309 Y217.512 Z0.800 E0.28668
G1 X248.704 Y217.783 Z0.800 E0.28668
G1 X249.089 Y218.067 Z0.800 E0.28668
G1 X249.465 Y218.364 Z0.800 E0.28668
G1 X249.832 Y218.672 Z0.800 E0.28668
G1 X250.189 Y218.991 Z0.800 E0.28668
G1 X250.535 Y219.322 Z0.800 E0.28668
G1 X250.870 Y219.664 Z0.800 E0.28668
G1 X251.195 Y220.016 Z0.800 E0.28668
G1 X251.508 Y220.378 Z0.800 E0.28668
G1 X251.809 Y220.751 Z0.800 E0.28668
G1 X252.098 Y221.132 Z0.800 E0.28668
G1 X252.375 Y221.523 Z0.800 E0.28668
G1 X252.639 Y221.922 Z0.800 E0.28668
G1 X252.891 Y222.330 Z0.800 E0.28668
G1 X253.129 Y222.745 Z0.800 E0.28668
G1 X253.354 Y223.168 Z0.800 E0.28668
G1 X253.565 Y223.598 Z0.800 E0.28668
G1 X253.762 Y224.034 Z0.800 E0.28668
G1 X253.946 Y224.476 Z0.800 E0.28668
G1 X254.115 Y224.924 Z0.800 E0.28668
G1 X254.270 Y225.377 Z0.800 E0.28668
G1 X254.410 Y225.835 Z0.800 E0.28668
G1 X254.536 Y226.297 Z0.800 E0.28668
G1 X254.647 Y226.763 Z0.800 E0.28668
G1 X254.742 Y227.232 Z0.800 E0.28668
G1 X254.823 Y227.704 Z0.800 E0.28668
G1 X254.889 Y228.178 Z0.800 E0.28668
G1 X254.940 Y228.655 Z0.800 E0.28668
G1 X254.975 Y229.132 Z0.800 E0.28668
G1 X254.995 Y229.611 Z0.800 E0.28668
G1 X255.000 Y230.089 Z0.800 E0.28668
G1 X254.989 Y230.568 Z0.800 E0.28668
G1 X254.963 Y231.046 Z0.800 E0.28668
G1 E-3.0 F600
G92 E0

; ============================================================
; [3,4]  Unretract=6mm  Overlap=6°
; Center: X320 Y230
; ============================================================
; Mini purge
G1 Z3.80 F6000
G1 X305.0 Y203.0 F6000
G1 Z0.80 F2000
G92 E0
G1 E3 F150
G1 X335.0 E17.9605 F900
G1 E-3.0 F600
G92 E0
; Ring
G1 Z3.80 F6000
G1 X343.000 Y230.000 F6000
G1 Z0.800 F3000
G1 X337.000 Y230.000 E6.59209 F900
G1 X335.000 Y230.000 E1.19736 F900
G1 F900
G1 X334.992 Y230.481 Z0.800 E0.28825
G1 X334.969 Y230.962 Z0.800 E0.28825
G1 X334.931 Y231.442 Z0.800 E0.28825
G1 X334.877 Y231.921 Z0.800 E0.28825
G1 X334.807 Y232.397 Z0.800 E0.28825
G1 X334.723 Y232.871 Z0.800 E0.28825
G1 X334.623 Y233.342 Z0.800 E0.28825
G1 X334.508 Y233.810 Z0.800 E0.28825
G1 X334.378 Y234.273 Z0.800 E0.28825
G1 X334.234 Y234.733 Z0.800 E0.28825
G1 X334.075 Y235.187 Z0.800 E0.28825
G1 X333.901 Y235.636 Z0.800 E0.28825
G1 X333.713 Y236.079 Z0.800 E0.28825
G1 X333.511 Y236.516 Z0.800 E0.28825
G1 X333.295 Y236.947 Z0.800 E0.28825
G1 X333.065 Y237.370 Z0.800 E0.28825
G1 X332.821 Y237.785 Z0.800 E0.28825
G1 X332.565 Y238.193 Z0.800 E0.28825
G1 X332.296 Y238.592 Z0.800 E0.28825
G1 X332.013 Y238.982 Z0.800 E0.28825
G1 X331.719 Y239.363 Z0.800 E0.28825
G1 X331.412 Y239.734 Z0.800 E0.28825
G1 X331.094 Y240.095 Z0.800 E0.28825
G1 X330.764 Y240.446 Z0.800 E0.28825
G1 X330.424 Y240.786 Z0.800 E0.28825
G1 X330.072 Y241.115 Z0.800 E0.28825
G1 X329.710 Y241.433 Z0.800 E0.28825
G1 X329.338 Y241.739 Z0.800 E0.28825
G1 X328.957 Y242.032 Z0.800 E0.28825
G1 X328.566 Y242.314 Z0.800 E0.28825
G1 X328.166 Y242.582 Z0.800 E0.28825
G1 X327.758 Y242.838 Z0.800 E0.28825
G1 X327.342 Y243.080 Z0.800 E0.28825
G1 X326.919 Y243.309 Z0.800 E0.28825
G1 X326.488 Y243.524 Z0.800 E0.28825
G1 X326.051 Y243.726 Z0.800 E0.28825
G1 X325.607 Y243.913 Z0.800 E0.28825
G1 X325.157 Y244.085 Z0.800 E0.28825
G1 X324.703 Y244.244 Z0.800 E0.28825
G1 X324.243 Y244.387 Z0.800 E0.28825
G1 X323.779 Y244.516 Z0.800 E0.28825
G1 X323.311 Y244.630 Z0.800 E0.28825
G1 X322.840 Y244.729 Z0.800 E0.28825
G1 X322.366 Y244.812 Z0.800 E0.28825
G1 X321.889 Y244.881 Z0.800 E0.28825
G1 X321.411 Y244.934 Z0.800 E0.28825
G1 X320.931 Y244.971 Z0.800 E0.28825
G1 X320.450 Y244.993 Z0.800 E0.28825
G1 X319.968 Y245.000 Z0.800 E0.28825
G1 X319.487 Y244.991 Z0.800 E0.28825
G1 X319.006 Y244.967 Z0.800 E0.28825
G1 X318.526 Y244.927 Z0.800 E0.28825
G1 X318.048 Y244.872 Z0.800 E0.28825
G1 X317.572 Y244.802 Z0.800 E0.28825
G1 X317.098 Y244.717 Z0.800 E0.28825
G1 X316.627 Y244.616 Z0.800 E0.28825
G1 X316.160 Y244.500 Z0.800 E0.28825
G1 X315.696 Y244.369 Z0.800 E0.28825
G1 X315.237 Y244.224 Z0.800 E0.28825
G1 X314.783 Y244.064 Z0.800 E0.28825
G1 X314.335 Y243.889 Z0.800 E0.28825
G1 X313.892 Y243.700 Z0.800 E0.28825
G1 X313.455 Y243.497 Z0.800 E0.28825
G1 X313.025 Y243.280 Z0.800 E0.28825
G1 X312.603 Y243.049 Z0.800 E0.28825
G1 X312.188 Y242.805 Z0.800 E0.28825
G1 X311.781 Y242.548 Z0.800 E0.28825
G1 X311.382 Y242.277 Z0.800 E0.28825
G1 X310.993 Y241.995 Z0.800 E0.28825
G1 X310.612 Y241.699 Z0.800 E0.28825
G1 X310.242 Y241.392 Z0.800 E0.28825
G1 X309.881 Y241.073 Z0.800 E0.28825
G1 X309.531 Y240.742 Z0.800 E0.28825
G1 X309.192 Y240.401 Z0.800 E0.28825
G1 X308.863 Y240.049 Z0.800 E0.28825
G1 X308.547 Y239.686 Z0.800 E0.28825
G1 X308.242 Y239.314 Z0.800 E0.28825
G1 X307.949 Y238.931 Z0.800 E0.28825
G1 X307.668 Y238.540 Z0.800 E0.28825
G1 X307.401 Y238.140 Z0.800 E0.28825
G1 X307.146 Y237.731 Z0.800 E0.28825
G1 X306.904 Y237.315 Z0.800 E0.28825
G1 X306.676 Y236.891 Z0.800 E0.28825
G1 X306.462 Y236.459 Z0.800 E0.28825
G1 X306.262 Y236.022 Z0.800 E0.28825
G1 X306.076 Y235.578 Z0.800 E0.28825
G1 X305.904 Y235.128 Z0.800 E0.28825
G1 X305.746 Y234.673 Z0.800 E0.28825
G1 X305.604 Y234.213 Z0.800 E0.28825
G1 X305.476 Y233.749 Z0.800 E0.28825
G1 X305.363 Y233.281 Z0.800 E0.28825
G1 X305.265 Y232.809 Z0.800 E0.28825
G1 X305.183 Y232.335 Z0.800 E0.28825
G1 X305.116 Y231.858 Z0.800 E0.28825
G1 X305.064 Y231.379 Z0.800 E0.28825
G1 X305.027 Y230.899 Z0.800 E0.28825
G1 X305.006 Y230.418 Z0.800 E0.28825
G1 X305.000 Y229.937 Z0.800 E0.28825
G1 X305.010 Y229.455 Z0.800 E0.28825
G1 X305.035 Y228.975 Z0.800 E0.28825
G1 X305.076 Y228.495 Z0.800 E0.28825
G1 X305.132 Y228.017 Z0.800 E0.28825
G1 X305.203 Y227.541 Z0.800 E0.28825
G1 X305.290 Y227.067 Z0.800 E0.28825
G1 X305.391 Y226.596 Z0.800 E0.28825
G1 X305.508 Y226.129 Z0.800 E0.28825
G1 X305.640 Y225.666 Z0.800 E0.28825
G1 X305.786 Y225.207 Z0.800 E0.28825
G1 X305.947 Y224.754 Z0.800 E0.28825
G1 X306.123 Y224.305 Z0.800 E0.28825
G1 X306.313 Y223.863 Z0.800 E0.28825
G1 X306.517 Y223.427 Z0.800 E0.28825
G1 X306.735 Y222.997 Z0.800 E0.28825
G1 X306.966 Y222.575 Z0.800 E0.28825
G1 X307.211 Y222.161 Z0.800 E0.28825
G1 X307.470 Y221.754 Z0.800 E0.28825
G1 X307.741 Y221.357 Z0.800 E0.28825
G1 X308.024 Y220.968 Z0.800 E0.28825
G1 X308.320 Y220.588 Z0.800 E0.28825
G1 X308.629 Y220.218 Z0.800 E0.28825
G1 X308.948 Y219.858 Z0.800 E0.28825
G1 X309.280 Y219.508 Z0.800 E0.28825
G1 X309.622 Y219.170 Z0.800 E0.28825
G1 X309.975 Y218.842 Z0.800 E0.28825
G1 X310.338 Y218.526 Z0.800 E0.28825
G1 X310.711 Y218.222 Z0.800 E0.28825
G1 X311.094 Y217.930 Z0.800 E0.28825
G1 X311.486 Y217.650 Z0.800 E0.28825
G1 X311.887 Y217.384 Z0.800 E0.28825
G1 X312.296 Y217.130 Z0.800 E0.28825
G1 X312.713 Y216.889 Z0.800 E0.28825
G1 X313.137 Y216.662 Z0.800 E0.28825
G1 X313.569 Y216.449 Z0.800 E0.28825
G1 X314.007 Y216.249 Z0.800 E0.28825
G1 X314.452 Y216.064 Z0.800 E0.28825
G1 X314.902 Y215.893 Z0.800 E0.28825
G1 X315.357 Y215.737 Z0.800 E0.28825
G1 X315.817 Y215.595 Z0.800 E0.28825
G1 X316.282 Y215.468 Z0.800 E0.28825
G1 X316.750 Y215.356 Z0.800 E0.28825
G1 X317.222 Y215.260 Z0.800 E0.28825
G1 X317.696 Y215.178 Z0.800 E0.28825
G1 X318.173 Y215.112 Z0.800 E0.28825
G1 X318.652 Y215.061 Z0.800 E0.28825
G1 X319.132 Y215.025 Z0.800 E0.28825
G1 X319.613 Y215.005 Z0.800 E0.28825
G1 X320.095 Y215.000 Z0.800 E0.28825
G1 X320.576 Y215.011 Z0.800 E0.28825
G1 X321.057 Y215.037 Z0.800 E0.28825
G1 X321.537 Y215.079 Z0.800 E0.28825
G1 X322.015 Y215.136 Z0.800 E0.28825
G1 X322.491 Y215.208 Z0.800 E0.28825
G1 X322.964 Y215.296 Z0.800 E0.28825
G1 X323.434 Y215.398 Z0.800 E0.28825
G1 X323.901 Y215.516 Z0.800 E0.28825
G1 X324.364 Y215.649 Z0.800 E0.28825
G1 X324.823 Y215.796 Z0.800 E0.28825
G1 X325.276 Y215.958 Z0.800 E0.28825
G1 X325.724 Y216.135 Z0.800 E0.28825
G1 X326.166 Y216.326 Z0.800 E0.28825
G1 X326.602 Y216.531 Z0.800 E0.28825
G1 X327.030 Y216.750 Z0.800 E0.28825
G1 X327.452 Y216.982 Z0.800 E0.28825
G1 X327.866 Y217.228 Z0.800 E0.28825
G1 X328.272 Y217.487 Z0.800 E0.28825
G1 X328.669 Y217.759 Z0.800 E0.28825
G1 X329.058 Y218.043 Z0.800 E0.28825
G1 X329.437 Y218.340 Z0.800 E0.28825
G1 X329.806 Y218.649 Z0.800 E0.28825
G1 X330.165 Y218.970 Z0.800 E0.28825
G1 X330.514 Y219.302 Z0.800 E0.28825
G1 X330.852 Y219.645 Z0.800 E0.28825
G1 X331.179 Y219.998 Z0.800 E0.28825
G1 X331.494 Y220.362 Z0.800 E0.28825
G1 X331.797 Y220.736 Z0.800 E0.28825
G1 X332.089 Y221.119 Z0.800 E0.28825
G1 X332.367 Y221.512 Z0.800 E0.28825
G1 X332.634 Y221.913 Z0.800 E0.28825
G1 X332.887 Y222.323 Z0.800 E0.28825
G1 X333.126 Y222.741 Z0.800 E0.28825
G1 X333.353 Y223.166 Z0.800 E0.28825
G1 X333.565 Y223.598 Z0.800 E0.28825
G1 X333.763 Y224.036 Z0.800 E0.28825
G1 X333.948 Y224.481 Z0.800 E0.28825
G1 X334.118 Y224.932 Z0.800 E0.28825
G1 X334.273 Y225.387 Z0.800 E0.28825
G1 X334.414 Y225.848 Z0.800 E0.28825
G1 X334.540 Y226.312 Z0.800 E0.28825
G1 X334.651 Y226.781 Z0.800 E0.28825
G1 X334.746 Y227.253 Z0.800 E0.28825
G1 X334.827 Y227.728 Z0.800 E0.28825
G1 X334.892 Y228.205 Z0.800 E0.28825
G1 X334.942 Y228.683 Z0.800 E0.28825
G1 X334.977 Y229.164 Z0.800 E0.28825
G1 X334.996 Y229.645 Z0.800 E0.28825
G1 X334.999 Y230.126 Z0.800 E0.28825
G1 X334.988 Y230.608 Z0.800 E0.28825
G1 X334.960 Y231.088 Z0.800 E0.28825
G1 X334.918 Y231.568 Z0.800 E0.28825
G1 E-3.0 F600
G92 E0

; ============================================================
; [4,1]  Unretract=8mm  Overlap=0°
; Center: X70 Y310
; ============================================================
; Mini purge
G1 Z3.80 F6000
G1 X55.0 Y283.0 F6000
G1 Z0.80 F2000
G92 E0
G1 E3 F150
G1 X85.0 E17.9605 F900
G1 E-3.0 F600
G92 E0
; Ring
G1 Z3.80 F6000
G1 X93.000 Y310.000 F6000
G1 Z0.800 F3000
G1 X85.000 Y310.000 E7.78946 F900
G1 F900
G1 X84.993 Y310.474 Z0.800 E0.28353
G1 X84.970 Y310.947 Z0.800 E0.28353
G1 X84.933 Y311.419 Z0.800 E0.28353
G1 X84.881 Y311.889 Z0.800 E0.28353
G1 X84.813 Y312.358 Z0.800 E0.28353
G1 X84.732 Y312.825 Z0.800 E0.28353
G1 X84.635 Y313.288 Z0.800 E0.28353
G1 X84.524 Y313.749 Z0.800 E0.28353
G1 X84.398 Y314.205 Z0.800 E0.28353
G1 X84.259 Y314.658 Z0.800 E0.28353
G1 X84.104 Y315.106 Z0.800 E0.28353
G1 X83.936 Y315.548 Z0.800 E0.28353
G1 X83.754 Y315.985 Z0.800 E0.28353
G1 X83.558 Y316.417 Z0.800 E0.28353
G1 X83.349 Y316.841 Z0.800 E0.28353
G1 X83.126 Y317.259 Z0.800 E0.28353
G1 X82.891 Y317.670 Z0.800 E0.28353
G1 X82.642 Y318.073 Z0.800 E0.28353
G1 X82.381 Y318.468 Z0.800 E0.28353
G1 X82.107 Y318.855 Z0.800 E0.28353
G1 X81.822 Y319.233 Z0.800 E0.28353
G1 X81.524 Y319.601 Z0.800 E0.28353
G1 X81.216 Y319.960 Z0.800 E0.28353
G1 X80.896 Y320.310 Z0.800 E0.28353
G1 X80.565 Y320.648 Z0.800 E0.28353
G1 X80.223 Y320.977 Z0.800 E0.28353
G1 X79.872 Y321.294 Z0.800 E0.28353
G1 X79.510 Y321.600 Z0.800 E0.28353
G1 X79.139 Y321.894 Z0.800 E0.28353
G1 X78.759 Y322.177 Z0.800 E0.28353
G1 X78.370 Y322.447 Z0.800 E0.28353
G1 X77.973 Y322.705 Z0.800 E0.28353
G1 X77.568 Y322.951 Z0.800 E0.28353
G1 X77.156 Y323.183 Z0.800 E0.28353
G1 X76.736 Y323.403 Z0.800 E0.28353
G1 X76.309 Y323.608 Z0.800 E0.28353
G1 X75.877 Y323.801 Z0.800 E0.28353
G1 X75.438 Y323.980 Z0.800 E0.28353
G1 X74.994 Y324.144 Z0.800 E0.28353
G1 X74.545 Y324.295 Z0.800 E0.28353
G1 X74.092 Y324.431 Z0.800 E0.28353
G1 X73.634 Y324.553 Z0.800 E0.28353
G1 X73.173 Y324.661 Z0.800 E0.28353
G1 X72.708 Y324.753 Z0.800 E0.28353
G1 X72.241 Y324.832 Z0.800 E0.28353
G1 X71.772 Y324.895 Z0.800 E0.28353
G1 X71.301 Y324.943 Z0.800 E0.28353
G1 X70.828 Y324.977 Z0.800 E0.28353
G1 X70.355 Y324.996 Z0.800 E0.28353
G1 X69.882 Y325.000 Z0.800 E0.28353
G1 X69.408 Y324.988 Z0.800 E0.28353
G1 X68.935 Y324.962 Z0.800 E0.28353
G1 X68.463 Y324.921 Z0.800 E0.28353
G1 X67.993 Y324.865 Z0.800 E0.28353
G1 X67.525 Y324.794 Z0.800 E0.28353
G1 X67.059 Y324.709 Z0.800 E0.28353
G1 X66.596 Y324.609 Z0.800 E0.28353
G1 X66.137 Y324.494 Z0.800 E0.28353
G1 X65.681 Y324.365 Z0.800 E0.28353
G1 X65.230 Y324.221 Z0.800 E0.28353
G1 X64.783 Y324.064 Z0.800 E0.28353
G1 X64.342 Y323.892 Z0.800 E0.28353
G1 X63.906 Y323.706 Z0.800 E0.28353
G1 X63.477 Y323.507 Z0.800 E0.28353
G1 X63.053 Y323.295 Z0.800 E0.28353
G1 X62.637 Y323.069 Z0.800 E0.28353
G1 X62.228 Y322.830 Z0.800 E0.28353
G1 X61.827 Y322.578 Z0.800 E0.28353
G1 X61.434 Y322.314 Z0.800 E0.28353
G1 X61.050 Y322.037 Z0.800 E0.28353
G1 X60.674 Y321.749 Z0.800 E0.28353
G1 X60.308 Y321.448 Z0.800 E0.28353
G1 X59.951 Y321.137 Z0.800 E0.28353
G1 X59.605 Y320.814 Z0.800 E0.28353
G1 X59.269 Y320.480 Z0.800 E0.28353
G1 X58.943 Y320.136 Z0.800 E0.28353
G1 X58.629 Y319.782 Z0.800 E0.28353
G1 X58.325 Y319.418 Z0.800 E0.28353
G1 X58.034 Y319.045 Z0.800 E0.28353
G1 X57.754 Y318.663 Z0.800 E0.28353
G1 X57.487 Y318.272 Z0.800 E0.28353
G1 X57.232 Y317.873 Z0.800 E0.28353
G1 X56.990 Y317.466 Z0.800 E0.28353
G1 X56.761 Y317.051 Z0.800 E0.28353
G1 X56.545 Y316.630 Z0.800 E0.28353
G1 X56.342 Y316.202 Z0.800 E0.28353
G1 X56.153 Y315.768 Z0.800 E0.28353
G1 X55.978 Y315.328 Z0.800 E0.28353
G1 X55.817 Y314.882 Z0.800 E0.28353
G1 X55.670 Y314.432 Z0.800 E0.28353
G1 X55.537 Y313.978 Z0.800 E0.28353
G1 X55.419 Y313.519 Z0.800 E0.28353
G1 X55.315 Y313.057 Z0.800 E0.28353
G1 X55.226 Y312.592 Z0.800 E0.28353
G1 X55.151 Y312.124 Z0.800 E0.28353
G1 X55.091 Y311.654 Z0.800 E0.28353
G1 X55.047 Y311.183 Z0.800 E0.28353
G1 X55.017 Y310.710 Z0.800 E0.28353
G1 X55.002 Y310.237 Z0.800 E0.28353
G1 X55.002 Y309.763 Z0.800 E0.28353
G1 X55.017 Y309.290 Z0.800 E0.28353
G1 X55.047 Y308.817 Z0.800 E0.28353
G1 X55.091 Y308.346 Z0.800 E0.28353
G1 X55.151 Y307.876 Z0.800 E0.28353
G1 X55.226 Y307.408 Z0.800 E0.28353
G1 X55.315 Y306.943 Z0.800 E0.28353
G1 X55.419 Y306.481 Z0.800 E0.28353
G1 X55.537 Y306.022 Z0.800 E0.28353
G1 X55.670 Y305.568 Z0.800 E0.28353
G1 X55.817 Y305.118 Z0.800 E0.28353
G1 X55.978 Y304.672 Z0.800 E0.28353
G1 X56.153 Y304.232 Z0.800 E0.28353
G1 X56.342 Y303.798 Z0.800 E0.28353
G1 X56.545 Y303.370 Z0.800 E0.28353
G1 X56.761 Y302.949 Z0.800 E0.28353
G1 X56.990 Y302.534 Z0.800 E0.28353
G1 X57.232 Y302.127 Z0.800 E0.28353
G1 X57.487 Y301.728 Z0.800 E0.28353
G1 X57.754 Y301.337 Z0.800 E0.28353
G1 X58.034 Y300.955 Z0.800 E0.28353
G1 X58.325 Y300.582 Z0.800 E0.28353
G1 X58.629 Y300.218 Z0.800 E0.28353
G1 X58.943 Y299.864 Z0.800 E0.28353
G1 X59.269 Y299.520 Z0.800 E0.28353
G1 X59.605 Y299.186 Z0.800 E0.28353
G1 X59.951 Y298.863 Z0.800 E0.28353
G1 X60.308 Y298.552 Z0.800 E0.28353
G1 X60.674 Y298.251 Z0.800 E0.28353
G1 X61.050 Y297.963 Z0.800 E0.28353
G1 X61.434 Y297.686 Z0.800 E0.28353
G1 X61.827 Y297.422 Z0.800 E0.28353
G1 X62.228 Y297.170 Z0.800 E0.28353
G1 X62.637 Y296.931 Z0.800 E0.28353
G1 X63.053 Y296.705 Z0.800 E0.28353
G1 X63.477 Y296.493 Z0.800 E0.28353
G1 X63.906 Y296.294 Z0.800 E0.28353
G1 X64.342 Y296.108 Z0.800 E0.28353
G1 X64.783 Y295.936 Z0.800 E0.28353
G1 X65.230 Y295.779 Z0.800 E0.28353
G1 X65.681 Y295.635 Z0.800 E0.28353
G1 X66.137 Y295.506 Z0.800 E0.28353
G1 X66.596 Y295.391 Z0.800 E0.28353
G1 X67.059 Y295.291 Z0.800 E0.28353
G1 X67.525 Y295.206 Z0.800 E0.28353
G1 X67.993 Y295.135 Z0.800 E0.28353
G1 X68.463 Y295.079 Z0.800 E0.28353
G1 X68.935 Y295.038 Z0.800 E0.28353
G1 X69.408 Y295.012 Z0.800 E0.28353
G1 X69.882 Y295.000 Z0.800 E0.28353
G1 X70.355 Y295.004 Z0.800 E0.28353
G1 X70.828 Y295.023 Z0.800 E0.28353
G1 X71.301 Y295.057 Z0.800 E0.28353
G1 X71.772 Y295.105 Z0.800 E0.28353
G1 X72.241 Y295.168 Z0.800 E0.28353
G1 X72.708 Y295.247 Z0.800 E0.28353
G1 X73.173 Y295.339 Z0.800 E0.28353
G1 X73.634 Y295.447 Z0.800 E0.28353
G1 X74.092 Y295.569 Z0.800 E0.28353
G1 X74.545 Y295.705 Z0.800 E0.28353
G1 X74.994 Y295.856 Z0.800 E0.28353
G1 X75.438 Y296.020 Z0.800 E0.28353
G1 X75.877 Y296.199 Z0.800 E0.28353
G1 X76.309 Y296.392 Z0.800 E0.28353
G1 X76.736 Y296.597 Z0.800 E0.28353
G1 X77.156 Y296.817 Z0.800 E0.28353
G1 X77.568 Y297.049 Z0.800 E0.28353
G1 X77.973 Y297.295 Z0.800 E0.28353
G1 X78.370 Y297.553 Z0.800 E0.28353
G1 X78.759 Y297.823 Z0.800 E0.28353
G1 X79.139 Y298.106 Z0.800 E0.28353
G1 X79.510 Y298.400 Z0.800 E0.28353
G1 X79.872 Y298.706 Z0.800 E0.28353
G1 X80.223 Y299.023 Z0.800 E0.28353
G1 X80.565 Y299.352 Z0.800 E0.28353
G1 X80.896 Y299.690 Z0.800 E0.28353
G1 X81.216 Y300.040 Z0.800 E0.28353
G1 X81.524 Y300.399 Z0.800 E0.28353
G1 X81.822 Y300.767 Z0.800 E0.28353
G1 X82.107 Y301.145 Z0.800 E0.28353
G1 X82.381 Y301.532 Z0.800 E0.28353
G1 X82.642 Y301.927 Z0.800 E0.28353
G1 X82.891 Y302.330 Z0.800 E0.28353
G1 X83.126 Y302.741 Z0.800 E0.28353
G1 X83.349 Y303.159 Z0.800 E0.28353
G1 X83.558 Y303.583 Z0.800 E0.28353
G1 X83.754 Y304.015 Z0.800 E0.28353
G1 X83.936 Y304.452 Z0.800 E0.28353
G1 X84.104 Y304.894 Z0.800 E0.28353
G1 X84.259 Y305.342 Z0.800 E0.28353
G1 X84.398 Y305.795 Z0.800 E0.28353
G1 X84.524 Y306.251 Z0.800 E0.28353
G1 X84.635 Y306.712 Z0.800 E0.28353
G1 X84.732 Y307.175 Z0.800 E0.28353
G1 X84.813 Y307.642 Z0.800 E0.28353
G1 X84.881 Y308.111 Z0.800 E0.28353
G1 X84.933 Y308.581 Z0.800 E0.28353
G1 X84.970 Y309.053 Z0.800 E0.28353
G1 X84.993 Y309.526 Z0.800 E0.28353
G1 X85.000 Y310.000 Z0.800 E0.28353
G1 E-3.0 F600
G92 E0

; ============================================================
; [4,2]  Unretract=8mm  Overlap=2°
; Center: X150 Y310
; ============================================================
; Mini purge
G1 Z3.80 F6000
G1 X135.0 Y283.0 F6000
G1 Z0.80 F2000
G92 E0
G1 E3 F150
G1 X165.0 E17.9605 F900
G1 E-3.0 F600
G92 E0
; Ring
G1 Z3.80 F6000
G1 X173.000 Y310.000 F6000
G1 Z0.800 F3000
G1 X165.000 Y310.000 E7.78946 F900
G1 F900
G1 X164.992 Y310.476 Z0.800 E0.28510
G1 X164.970 Y310.952 Z0.800 E0.28510
G1 X164.932 Y311.427 Z0.800 E0.28510
G1 X164.879 Y311.900 Z0.800 E0.28510
G1 X164.811 Y312.371 Z0.800 E0.28510
G1 X164.729 Y312.840 Z0.800 E0.28510
G1 X164.631 Y313.306 Z0.800 E0.28510
G1 X164.519 Y313.769 Z0.800 E0.28510
G1 X164.392 Y314.228 Z0.800 E0.28510
G1 X164.250 Y314.683 Z0.800 E0.28510
G1 X164.094 Y315.133 Z0.800 E0.28510
G1 X163.924 Y315.578 Z0.800 E0.28510
G1 X163.740 Y316.017 Z0.800 E0.28510
G1 X163.542 Y316.450 Z0.800 E0.28510
G1 X163.331 Y316.877 Z0.800 E0.28510
G1 X163.106 Y317.296 Z0.800 E0.28510
G1 X162.868 Y317.709 Z0.800 E0.28510
G1 X162.616 Y318.113 Z0.800 E0.28510
G1 X162.353 Y318.510 Z0.800 E0.28510
G1 X162.076 Y318.897 Z0.800 E0.28510
G1 X161.788 Y319.276 Z0.800 E0.28510
G1 X161.487 Y319.646 Z0.800 E0.28510
G1 X161.175 Y320.006 Z0.800 E0.28510
G1 X160.852 Y320.355 Z0.800 E0.28510
G1 X160.518 Y320.695 Z0.800 E0.28510
G1 X160.173 Y321.023 Z0.800 E0.28510
G1 X159.818 Y321.340 Z0.800 E0.28510
G1 X159.453 Y321.646 Z0.800 E0.28510
G1 X159.079 Y321.941 Z0.800 E0.28510
G1 X158.695 Y322.223 Z0.800 E0.28510
G1 X158.303 Y322.493 Z0.800 E0.28510
G1 X157.902 Y322.750 Z0.800 E0.28510
G1 X157.493 Y322.994 Z0.800 E0.28510
G1 X157.077 Y323.226 Z0.800 E0.28510
G1 X156.653 Y323.444 Z0.800 E0.28510
G1 X156.223 Y323.648 Z0.800 E0.28510
G1 X155.787 Y323.839 Z0.800 E0.28510
G1 X155.345 Y324.015 Z0.800 E0.28510
G1 X154.897 Y324.178 Z0.800 E0.28510
G1 X154.445 Y324.326 Z0.800 E0.28510
G1 X153.988 Y324.460 Z0.800 E0.28510
G1 X153.527 Y324.580 Z0.800 E0.28510
G1 X153.062 Y324.684 Z0.800 E0.28510
G1 X152.594 Y324.774 Z0.800 E0.28510
G1 X152.124 Y324.849 Z0.800 E0.28510
G1 X151.652 Y324.909 Z0.800 E0.28510
G1 X151.178 Y324.954 Z0.800 E0.28510
G1 X150.702 Y324.984 Z0.800 E0.28510
G1 X150.226 Y324.998 Z0.800 E0.28510
G1 X149.750 Y324.998 Z0.800 E0.28510
G1 X149.274 Y324.982 Z0.800 E0.28510
G1 X148.799 Y324.952 Z0.800 E0.28510
G1 X148.325 Y324.906 Z0.800 E0.28510
G1 X147.852 Y324.845 Z0.800 E0.28510
G1 X147.382 Y324.770 Z0.800 E0.28510
G1 X146.915 Y324.679 Z0.800 E0.28510
G1 X146.450 Y324.574 Z0.800 E0.28510
G1 X145.990 Y324.454 Z0.800 E0.28510
G1 X145.533 Y324.319 Z0.800 E0.28510
G1 X145.080 Y324.170 Z0.800 E0.28510
G1 X144.633 Y324.007 Z0.800 E0.28510
G1 X144.191 Y323.830 Z0.800 E0.28510
G1 X143.755 Y323.638 Z0.800 E0.28510
G1 X143.325 Y323.433 Z0.800 E0.28510
G1 X142.902 Y323.214 Z0.800 E0.28510
G1 X142.486 Y322.982 Z0.800 E0.28510
G1 X142.078 Y322.737 Z0.800 E0.28510
G1 X141.678 Y322.480 Z0.800 E0.28510
G1 X141.286 Y322.209 Z0.800 E0.28510
G1 X140.903 Y321.926 Z0.800 E0.28510
G1 X140.529 Y321.631 Z0.800 E0.28510
G1 X140.164 Y321.325 Z0.800 E0.28510
G1 X139.810 Y321.007 Z0.800 E0.28510
G1 X139.465 Y320.678 Z0.800 E0.28510
G1 X139.132 Y320.338 Z0.800 E0.28510
G1 X138.809 Y319.988 Z0.800 E0.28510
G1 X138.498 Y319.628 Z0.800 E0.28510
G1 X138.198 Y319.258 Z0.800 E0.28510
G1 X137.910 Y318.878 Z0.800 E0.28510
G1 X137.634 Y318.490 Z0.800 E0.28510
G1 X137.371 Y318.093 Z0.800 E0.28510
G1 X137.120 Y317.688 Z0.800 E0.28510
G1 X136.883 Y317.276 Z0.800 E0.28510
G1 X136.658 Y316.856 Z0.800 E0.28510
G1 X136.447 Y316.429 Z0.800 E0.28510
G1 X136.250 Y315.995 Z0.800 E0.28510
G1 X136.067 Y315.556 Z0.800 E0.28510
G1 X135.897 Y315.111 Z0.800 E0.28510
G1 X135.742 Y314.660 Z0.800 E0.28510
G1 X135.602 Y314.205 Z0.800 E0.28510
G1 X135.475 Y313.746 Z0.800 E0.28510
G1 X135.364 Y313.283 Z0.800 E0.28510
G1 X135.267 Y312.817 Z0.800 E0.28510
G1 X135.185 Y312.348 Z0.800 E0.28510
G1 X135.118 Y311.876 Z0.800 E0.28510
G1 X135.066 Y311.403 Z0.800 E0.28510
G1 X135.029 Y310.928 Z0.800 E0.28510
G1 X135.007 Y310.452 Z0.800 E0.28510
G1 X135.000 Y309.976 Z0.800 E0.28510
G1 X135.008 Y309.500 Z0.800 E0.28510
G1 X135.032 Y309.025 Z0.800 E0.28510
G1 X135.070 Y308.550 Z0.800 E0.28510
G1 X135.124 Y308.077 Z0.800 E0.28510
G1 X135.192 Y307.605 Z0.800 E0.28510
G1 X135.276 Y307.137 Z0.800 E0.28510
G1 X135.374 Y306.671 Z0.800 E0.28510
G1 X135.487 Y306.208 Z0.800 E0.28510
G1 X135.615 Y305.749 Z0.800 E0.28510
G1 X135.757 Y305.295 Z0.800 E0.28510
G1 X135.914 Y304.845 Z0.800 E0.28510
G1 X136.084 Y304.400 Z0.800 E0.28510
G1 X136.269 Y303.962 Z0.800 E0.28510
G1 X136.468 Y303.529 Z0.800 E0.28510
G1 X136.680 Y303.102 Z0.800 E0.28510
G1 X136.906 Y302.683 Z0.800 E0.28510
G1 X137.145 Y302.271 Z0.800 E0.28510
G1 X137.396 Y301.867 Z0.800 E0.28510
G1 X137.661 Y301.471 Z0.800 E0.28510
G1 X137.938 Y301.083 Z0.800 E0.28510
G1 X138.227 Y300.705 Z0.800 E0.28510
G1 X138.528 Y300.336 Z0.800 E0.28510
G1 X138.841 Y299.977 Z0.800 E0.28510
G1 X139.164 Y299.628 Z0.800 E0.28510
G1 X139.499 Y299.289 Z0.800 E0.28510
G1 X139.844 Y298.961 Z0.800 E0.28510
G1 X140.200 Y298.644 Z0.800 E0.28510
G1 X140.565 Y298.339 Z0.800 E0.28510
G1 X140.940 Y298.045 Z0.800 E0.28510
G1 X141.324 Y297.763 Z0.800 E0.28510
G1 X141.717 Y297.494 Z0.800 E0.28510
G1 X142.118 Y297.238 Z0.800 E0.28510
G1 X142.527 Y296.994 Z0.800 E0.28510
G1 X142.944 Y296.763 Z0.800 E0.28510
G1 X143.368 Y296.546 Z0.800 E0.28510
G1 X143.798 Y296.342 Z0.800 E0.28510
G1 X144.235 Y296.152 Z0.800 E0.28510
G1 X144.677 Y295.976 Z0.800 E0.28510
G1 X145.125 Y295.814 Z0.800 E0.28510
G1 X145.578 Y295.667 Z0.800 E0.28510
G1 X146.035 Y295.533 Z0.800 E0.28510
G1 X146.496 Y295.415 Z0.800 E0.28510
G1 X146.961 Y295.311 Z0.800 E0.28510
G1 X147.429 Y295.222 Z0.800 E0.28510
G1 X147.899 Y295.148 Z0.800 E0.28510
G1 X148.372 Y295.089 Z0.800 E0.28510
G1 X148.846 Y295.044 Z0.800 E0.28510
G1 X149.321 Y295.015 Z0.800 E0.28510
G1 X149.797 Y295.001 Z0.800 E0.28510
G1 X150.274 Y295.002 Z0.800 E0.28510
G1 X150.750 Y295.019 Z0.800 E0.28510
G1 X151.225 Y295.050 Z0.800 E0.28510
G1 X151.699 Y295.096 Z0.800 E0.28510
G1 X152.171 Y295.158 Z0.800 E0.28510
G1 X152.641 Y295.234 Z0.800 E0.28510
G1 X153.108 Y295.326 Z0.800 E0.28510
G1 X153.573 Y295.432 Z0.800 E0.28510
G1 X154.033 Y295.552 Z0.800 E0.28510
G1 X154.490 Y295.688 Z0.800 E0.28510
G1 X154.942 Y295.837 Z0.800 E0.28510
G1 X155.389 Y296.001 Z0.800 E0.28510
G1 X155.831 Y296.180 Z0.800 E0.28510
G1 X156.266 Y296.372 Z0.800 E0.28510
G1 X156.696 Y296.577 Z0.800 E0.28510
G1 X157.119 Y296.797 Z0.800 E0.28510
G1 X157.534 Y297.029 Z0.800 E0.28510
G1 X157.942 Y297.275 Z0.800 E0.28510
G1 X158.342 Y297.534 Z0.800 E0.28510
G1 X158.734 Y297.805 Z0.800 E0.28510
G1 X159.116 Y298.088 Z0.800 E0.28510
G1 X159.490 Y298.383 Z0.800 E0.28510
G1 X159.854 Y298.691 Z0.800 E0.28510
G1 X160.208 Y299.009 Z0.800 E0.28510
G1 X160.552 Y299.339 Z0.800 E0.28510
G1 X160.885 Y299.679 Z0.800 E0.28510
G1 X161.207 Y300.030 Z0.800 E0.28510
G1 X161.518 Y300.390 Z0.800 E0.28510
G1 X161.817 Y300.761 Z0.800 E0.28510
G1 X162.104 Y301.141 Z0.800 E0.28510
G1 X162.379 Y301.529 Z0.800 E0.28510
G1 X162.642 Y301.927 Z0.800 E0.28510
G1 X162.892 Y302.332 Z0.800 E0.28510
G1 X163.129 Y302.745 Z0.800 E0.28510
G1 X163.353 Y303.166 Z0.800 E0.28510
G1 X163.563 Y303.593 Z0.800 E0.28510
G1 X163.759 Y304.027 Z0.800 E0.28510
G1 X163.942 Y304.466 Z0.800 E0.28510
G1 X164.111 Y304.912 Z0.800 E0.28510
G1 X164.265 Y305.362 Z0.800 E0.28510
G1 X164.405 Y305.817 Z0.800 E0.28510
G1 X164.531 Y306.277 Z0.800 E0.28510
G1 X164.641 Y306.740 Z0.800 E0.28510
G1 X164.738 Y307.206 Z0.800 E0.28510
G1 X164.819 Y307.676 Z0.800 E0.28510
G1 X164.885 Y308.147 Z0.800 E0.28510
G1 X164.936 Y308.621 Z0.800 E0.28510
G1 X164.973 Y309.095 Z0.800 E0.28510
G1 X164.994 Y309.571 Z0.800 E0.28510
G1 X165.000 Y310.047 Z0.800 E0.28510
G1 X164.991 Y310.523 Z0.800 E0.28510
G1 E-3.0 F600
G92 E0

; ============================================================
; [4,3]  Unretract=8mm  Overlap=4°
; Center: X240 Y310
; ============================================================
; Mini purge
G1 Z3.80 F6000
G1 X225.0 Y283.0 F6000
G1 Z0.80 F2000
G92 E0
G1 E3 F150
G1 X255.0 E17.9605 F900
G1 E-3.0 F600
G92 E0
; Ring
G1 Z3.80 F6000
G1 X263.000 Y310.000 F6000
G1 Z0.800 F3000
G1 X255.000 Y310.000 E7.78946 F900
G1 F900
G1 X254.992 Y310.479 Z0.800 E0.28668
G1 X254.969 Y310.957 Z0.800 E0.28668
G1 X254.931 Y311.434 Z0.800 E0.28668
G1 X254.878 Y311.910 Z0.800 E0.28668
G1 X254.809 Y312.384 Z0.800 E0.28668
G1 X254.726 Y312.856 Z0.800 E0.28668
G1 X254.627 Y313.324 Z0.800 E0.28668
G1 X254.513 Y313.789 Z0.800 E0.28668
G1 X254.385 Y314.251 Z0.800 E0.28668
G1 X254.242 Y314.708 Z0.800 E0.28668
G1 X254.085 Y315.160 Z0.800 E0.28668
G1 X253.913 Y315.607 Z0.800 E0.28668
G1 X253.727 Y316.048 Z0.800 E0.28668
G1 X253.527 Y316.483 Z0.800 E0.28668
G1 X253.313 Y316.912 Z0.800 E0.28668
G1 X253.085 Y317.333 Z0.800 E0.28668
G1 X252.845 Y317.747 Z0.800 E0.28668
G1 X252.591 Y318.153 Z0.800 E0.28668
G1 X252.324 Y318.551 Z0.800 E0.28668
G1 X252.045 Y318.940 Z0.800 E0.28668
G1 X251.753 Y319.320 Z0.800 E0.28668
G1 X251.450 Y319.690 Z0.800 E0.28668
G1 X251.135 Y320.051 Z0.800 E0.28668
G1 X250.808 Y320.401 Z0.800 E0.28668
G1 X250.471 Y320.741 Z0.800 E0.28668
G1 X250.123 Y321.069 Z0.800 E0.28668
G1 X249.764 Y321.387 Z0.800 E0.28668
G1 X249.396 Y321.693 Z0.800 E0.28668
G1 X249.018 Y321.987 Z0.800 E0.28668
G1 X248.631 Y322.268 Z0.800 E0.28668
G1 X248.235 Y322.538 Z0.800 E0.28668
G1 X247.830 Y322.794 Z0.800 E0.28668
G1 X247.418 Y323.037 Z0.800 E0.28668
G1 X246.998 Y323.268 Z0.800 E0.28668
G1 X246.571 Y323.484 Z0.800 E0.28668
G1 X246.137 Y323.687 Z0.800 E0.28668
G1 X245.697 Y323.876 Z0.800 E0.28668
G1 X245.251 Y324.051 Z0.800 E0.28668
G1 X244.800 Y324.211 Z0.800 E0.28668
G1 X244.344 Y324.357 Z0.800 E0.28668
G1 X243.884 Y324.489 Z0.800 E0.28668
G1 X243.419 Y324.605 Z0.800 E0.28668
G1 X242.951 Y324.707 Z0.800 E0.28668
G1 X242.480 Y324.794 Z0.800 E0.28668
G1 X242.007 Y324.865 Z0.800 E0.28668
G1 X241.531 Y324.922 Z0.800 E0.28668
G1 X241.054 Y324.963 Z0.800 E0.28668
G1 X240.576 Y324.989 Z0.800 E0.28668
G1 X240.097 Y325.000 Z0.800 E0.28668
G1 X239.619 Y324.995 Z0.800 E0.28668
G1 X239.140 Y324.975 Z0.800 E0.28668
G1 X238.663 Y324.940 Z0.800 E0.28668
G1 X238.186 Y324.890 Z0.800 E0.28668
G1 X237.712 Y324.824 Z0.800 E0.28668
G1 X237.240 Y324.744 Z0.800 E0.28668
G1 X236.771 Y324.648 Z0.800 E0.28668
G1 X236.305 Y324.538 Z0.800 E0.28668
G1 X235.843 Y324.412 Z0.800 E0.28668
G1 X235.385 Y324.272 Z0.800 E0.28668
G1 X234.932 Y324.118 Z0.800 E0.28668
G1 X234.484 Y323.949 Z0.800 E0.28668
G1 X234.041 Y323.766 Z0.800 E0.28668
G1 X233.605 Y323.568 Z0.800 E0.28668
G1 X233.175 Y323.357 Z0.800 E0.28668
G1 X232.752 Y323.133 Z0.800 E0.28668
G1 X232.337 Y322.895 Z0.800 E0.28668
G1 X231.929 Y322.643 Z0.800 E0.28668
G1 X231.529 Y322.379 Z0.800 E0.28668
G1 X231.139 Y322.103 Z0.800 E0.28668
G1 X230.757 Y321.814 Z0.800 E0.28668
G1 X230.384 Y321.513 Z0.800 E0.28668
G1 X230.022 Y321.200 Z0.800 E0.28668
G1 X229.669 Y320.876 Z0.800 E0.28668
G1 X229.328 Y320.540 Z0.800 E0.28668
G1 X228.997 Y320.194 Z0.800 E0.28668
G1 X228.677 Y319.838 Z0.800 E0.28668
G1 X228.369 Y319.471 Z0.800 E0.28668
G1 X228.072 Y319.095 Z0.800 E0.28668
G1 X227.788 Y318.710 Z0.800 E0.28668
G1 X227.516 Y318.316 Z0.800 E0.28668
G1 X227.257 Y317.913 Z0.800 E0.28668
G1 X227.011 Y317.502 Z0.800 E0.28668
G1 X226.778 Y317.084 Z0.800 E0.28668
G1 X226.559 Y316.658 Z0.800 E0.28668
G1 X226.353 Y316.226 Z0.800 E0.28668
G1 X226.161 Y315.787 Z0.800 E0.28668
G1 X225.984 Y315.342 Z0.800 E0.28668
G1 X225.820 Y314.892 Z0.800 E0.28668
G1 X225.671 Y314.437 Z0.800 E0.28668
G1 X225.537 Y313.978 Z0.800 E0.28668
G1 X225.417 Y313.514 Z0.800 E0.28668
G1 X225.313 Y313.047 Z0.800 E0.28668
G1 X225.223 Y312.576 Z0.800 E0.28668
G1 X225.148 Y312.103 Z0.800 E0.28668
G1 X225.089 Y311.628 Z0.800 E0.28668
G1 X225.044 Y311.151 Z0.800 E0.28668
G1 X225.015 Y310.673 Z0.800 E0.28668
G1 X225.001 Y310.195 Z0.800 E0.28668
G1 X225.003 Y309.716 Z0.800 E0.28668
G1 X225.019 Y309.237 Z0.800 E0.28668
G1 X225.051 Y308.760 Z0.800 E0.28668
G1 X225.099 Y308.283 Z0.800 E0.28668
G1 X225.161 Y307.808 Z0.800 E0.28668
G1 X225.239 Y307.336 Z0.800 E0.28668
G1 X225.331 Y306.866 Z0.800 E0.28668
G1 X225.439 Y306.399 Z0.800 E0.28668
G1 X225.561 Y305.936 Z0.800 E0.28668
G1 X225.698 Y305.477 Z0.800 E0.28668
G1 X225.850 Y305.023 Z0.800 E0.28668
G1 X226.016 Y304.574 Z0.800 E0.28668
G1 X226.196 Y304.131 Z0.800 E0.28668
G1 X226.390 Y303.693 Z0.800 E0.28668
G1 X226.599 Y303.262 Z0.800 E0.28668
G1 X226.821 Y302.837 Z0.800 E0.28668
G1 X227.056 Y302.420 Z0.800 E0.28668
G1 X227.304 Y302.011 Z0.800 E0.28668
G1 X227.566 Y301.610 Z0.800 E0.28668
G1 X227.840 Y301.217 Z0.800 E0.28668
G1 X228.127 Y300.834 Z0.800 E0.28668
G1 X228.425 Y300.459 Z0.800 E0.28668
G1 X228.736 Y300.095 Z0.800 E0.28668
G1 X229.058 Y299.740 Z0.800 E0.28668
G1 X229.391 Y299.396 Z0.800 E0.28668
G1 X229.734 Y299.063 Z0.800 E0.28668
G1 X230.089 Y298.741 Z0.800 E0.28668
G1 X230.453 Y298.430 Z0.800 E0.28668
G1 X230.827 Y298.131 Z0.800 E0.28668
G1 X231.211 Y297.845 Z0.800 E0.28668
G1 X231.603 Y297.570 Z0.800 E0.28668
G1 X232.004 Y297.309 Z0.800 E0.28668
G1 X232.414 Y297.060 Z0.800 E0.28668
G1 X232.830 Y296.824 Z0.800 E0.28668
G1 X233.255 Y296.602 Z0.800 E0.28668
G1 X233.686 Y296.394 Z0.800 E0.28668
G1 X234.123 Y296.199 Z0.800 E0.28668
G1 X234.567 Y296.019 Z0.800 E0.28668
G1 X235.016 Y295.852 Z0.800 E0.28668
G1 X235.470 Y295.700 Z0.800 E0.28668
G1 X235.929 Y295.563 Z0.800 E0.28668
G1 X236.392 Y295.440 Z0.800 E0.28668
G1 X236.858 Y295.333 Z0.800 E0.28668
G1 X237.328 Y295.240 Z0.800 E0.28668
G1 X237.800 Y295.162 Z0.800 E0.28668
G1 X238.275 Y295.099 Z0.800 E0.28668
G1 X238.752 Y295.052 Z0.800 E0.28668
G1 X239.229 Y295.020 Z0.800 E0.28668
G1 X239.708 Y295.003 Z0.800 E0.28668
G1 X240.187 Y295.001 Z0.800 E0.28668
G1 X240.665 Y295.015 Z0.800 E0.28668
G1 X241.143 Y295.044 Z0.800 E0.28668
G1 X241.620 Y295.088 Z0.800 E0.28668
G1 X242.095 Y295.147 Z0.800 E0.28668
G1 X242.568 Y295.222 Z0.800 E0.28668
G1 X243.039 Y295.311 Z0.800 E0.28668
G1 X243.506 Y295.416 Z0.800 E0.28668
G1 X243.970 Y295.535 Z0.800 E0.28668
G1 X244.430 Y295.669 Z0.800 E0.28668
G1 X244.885 Y295.818 Z0.800 E0.28668
G1 X245.335 Y295.981 Z0.800 E0.28668
G1 X245.780 Y296.158 Z0.800 E0.28668
G1 X246.219 Y296.350 Z0.800 E0.28668
G1 X246.651 Y296.555 Z0.800 E0.28668
G1 X247.077 Y296.774 Z0.800 E0.28668
G1 X247.495 Y297.007 Z0.800 E0.28668
G1 X247.906 Y297.253 Z0.800 E0.28668
G1 X248.309 Y297.512 Z0.800 E0.28668
G1 X248.704 Y297.783 Z0.800 E0.28668
G1 X249.089 Y298.067 Z0.800 E0.28668
G1 X249.465 Y298.364 Z0.800 E0.28668
G1 X249.832 Y298.672 Z0.800 E0.28668
G1 X250.189 Y298.991 Z0.800 E0.28668
G1 X250.535 Y299.322 Z0.800 E0.28668
G1 X250.870 Y299.664 Z0.800 E0.28668
G1 X251.195 Y300.016 Z0.800 E0.28668
G1 X251.508 Y300.378 Z0.800 E0.28668
G1 X251.809 Y300.751 Z0.800 E0.28668
G1 X252.098 Y301.132 Z0.800 E0.28668
G1 X252.375 Y301.523 Z0.800 E0.28668
G1 X252.639 Y301.922 Z0.800 E0.28668
G1 X252.891 Y302.330 Z0.800 E0.28668
G1 X253.129 Y302.745 Z0.800 E0.28668
G1 X253.354 Y303.168 Z0.800 E0.28668
G1 X253.565 Y303.598 Z0.800 E0.28668
G1 X253.762 Y304.034 Z0.800 E0.28668
G1 X253.946 Y304.476 Z0.800 E0.28668
G1 X254.115 Y304.924 Z0.800 E0.28668
G1 X254.270 Y305.377 Z0.800 E0.28668
G1 X254.410 Y305.835 Z0.800 E0.28668
G1 X254.536 Y306.297 Z0.800 E0.28668
G1 X254.647 Y306.763 Z0.800 E0.28668
G1 X254.742 Y307.232 Z0.800 E0.28668
G1 X254.823 Y307.704 Z0.800 E0.28668
G1 X254.889 Y308.178 Z0.800 E0.28668
G1 X254.940 Y308.655 Z0.800 E0.28668
G1 X254.975 Y309.132 Z0.800 E0.28668
G1 X254.995 Y309.611 Z0.800 E0.28668
G1 X255.000 Y310.089 Z0.800 E0.28668
G1 X254.989 Y310.568 Z0.800 E0.28668
G1 X254.963 Y311.046 Z0.800 E0.28668
G1 E-3.0 F600
G92 E0

; ============================================================
; [4,4]  Unretract=8mm  Overlap=6°
; Center: X320 Y310
; ============================================================
; Mini purge
G1 Z3.80 F6000
G1 X305.0 Y283.0 F6000
G1 Z0.80 F2000
G92 E0
G1 E3 F150
G1 X335.0 E17.9605 F900
G1 E-3.0 F600
G92 E0
; Ring
G1 Z3.80 F6000
G1 X343.000 Y310.000 F6000
G1 Z0.800 F3000
G1 X335.000 Y310.000 E7.78946 F900
G1 F900
G1 X334.992 Y310.481 Z0.800 E0.28825
G1 X334.969 Y310.962 Z0.800 E0.28825
G1 X334.931 Y311.442 Z0.800 E0.28825
G1 X334.877 Y311.921 Z0.800 E0.28825
G1 X334.807 Y312.397 Z0.800 E0.28825
G1 X334.723 Y312.871 Z0.800 E0.28825
G1 X334.623 Y313.342 Z0.800 E0.28825
G1 X334.508 Y313.810 Z0.800 E0.28825
G1 X334.378 Y314.273 Z0.800 E0.28825
G1 X334.234 Y314.733 Z0.800 E0.28825
G1 X334.075 Y315.187 Z0.800 E0.28825
G1 X333.901 Y315.636 Z0.800 E0.28825
G1 X333.713 Y316.079 Z0.800 E0.28825
G1 X333.511 Y316.516 Z0.800 E0.28825
G1 X333.295 Y316.947 Z0.800 E0.28825
G1 X333.065 Y317.370 Z0.800 E0.28825
G1 X332.821 Y317.785 Z0.800 E0.28825
G1 X332.565 Y318.193 Z0.800 E0.28825
G1 X332.296 Y318.592 Z0.800 E0.28825
G1 X332.013 Y318.982 Z0.800 E0.28825
G1 X331.719 Y319.363 Z0.800 E0.28825
G1 X331.412 Y319.734 Z0.800 E0.28825
G1 X331.094 Y320.095 Z0.800 E0.28825
G1 X330.764 Y320.446 Z0.800 E0.28825
G1 X330.424 Y320.786 Z0.800 E0.28825
G1 X330.072 Y321.115 Z0.800 E0.28825
G1 X329.710 Y321.433 Z0.800 E0.28825
G1 X329.338 Y321.739 Z0.800 E0.28825
G1 X328.957 Y322.032 Z0.800 E0.28825
G1 X328.566 Y322.314 Z0.800 E0.28825
G1 X328.166 Y322.582 Z0.800 E0.28825
G1 X327.758 Y322.838 Z0.800 E0.28825
G1 X327.342 Y323.080 Z0.800 E0.28825
G1 X326.919 Y323.309 Z0.800 E0.28825
G1 X326.488 Y323.524 Z0.800 E0.28825
G1 X326.051 Y323.726 Z0.800 E0.28825
G1 X325.607 Y323.913 Z0.800 E0.28825
G1 X325.157 Y324.085 Z0.800 E0.28825
G1 X324.703 Y324.244 Z0.800 E0.28825
G1 X324.243 Y324.387 Z0.800 E0.28825
G1 X323.779 Y324.516 Z0.800 E0.28825
G1 X323.311 Y324.630 Z0.800 E0.28825
G1 X322.840 Y324.729 Z0.800 E0.28825
G1 X322.366 Y324.812 Z0.800 E0.28825
G1 X321.889 Y324.881 Z0.800 E0.28825
G1 X321.411 Y324.934 Z0.800 E0.28825
G1 X320.931 Y324.971 Z0.800 E0.28825
G1 X320.450 Y324.993 Z0.800 E0.28825
G1 X319.968 Y325.000 Z0.800 E0.28825
G1 X319.487 Y324.991 Z0.800 E0.28825
G1 X319.006 Y324.967 Z0.800 E0.28825
G1 X318.526 Y324.927 Z0.800 E0.28825
G1 X318.048 Y324.872 Z0.800 E0.28825
G1 X317.572 Y324.802 Z0.800 E0.28825
G1 X317.098 Y324.717 Z0.800 E0.28825
G1 X316.627 Y324.616 Z0.800 E0.28825
G1 X316.160 Y324.500 Z0.800 E0.28825
G1 X315.696 Y324.369 Z0.800 E0.28825
G1 X315.237 Y324.224 Z0.800 E0.28825
G1 X314.783 Y324.064 Z0.800 E0.28825
G1 X314.335 Y323.889 Z0.800 E0.28825
G1 X313.892 Y323.700 Z0.800 E0.28825
G1 X313.455 Y323.497 Z0.800 E0.28825
G1 X313.025 Y323.280 Z0.800 E0.28825
G1 X312.603 Y323.049 Z0.800 E0.28825
G1 X312.188 Y322.805 Z0.800 E0.28825
G1 X311.781 Y322.548 Z0.800 E0.28825
G1 X311.382 Y322.277 Z0.800 E0.28825
G1 X310.993 Y321.995 Z0.800 E0.28825
G1 X310.612 Y321.699 Z0.800 E0.28825
G1 X310.242 Y321.392 Z0.800 E0.28825
G1 X309.881 Y321.073 Z0.800 E0.28825
G1 X309.531 Y320.742 Z0.800 E0.28825
G1 X309.192 Y320.401 Z0.800 E0.28825
G1 X308.863 Y320.049 Z0.800 E0.28825
G1 X308.547 Y319.686 Z0.800 E0.28825
G1 X308.242 Y319.314 Z0.800 E0.28825
G1 X307.949 Y318.931 Z0.800 E0.28825
G1 X307.668 Y318.540 Z0.800 E0.28825
G1 X307.401 Y318.140 Z0.800 E0.28825
G1 X307.146 Y317.731 Z0.800 E0.28825
G1 X306.904 Y317.315 Z0.800 E0.28825
G1 X306.676 Y316.891 Z0.800 E0.28825
G1 X306.462 Y316.459 Z0.800 E0.28825
G1 X306.262 Y316.022 Z0.800 E0.28825
G1 X306.076 Y315.578 Z0.800 E0.28825
G1 X305.904 Y315.128 Z0.800 E0.28825
G1 X305.746 Y314.673 Z0.800 E0.28825
G1 X305.604 Y314.213 Z0.800 E0.28825
G1 X305.476 Y313.749 Z0.800 E0.28825
G1 X305.363 Y313.281 Z0.800 E0.28825
G1 X305.265 Y312.809 Z0.800 E0.28825
G1 X305.183 Y312.335 Z0.800 E0.28825
G1 X305.116 Y311.858 Z0.800 E0.28825
G1 X305.064 Y311.379 Z0.800 E0.28825
G1 X305.027 Y310.899 Z0.800 E0.28825
G1 X305.006 Y310.418 Z0.800 E0.28825
G1 X305.000 Y309.937 Z0.800 E0.28825
G1 X305.010 Y309.455 Z0.800 E0.28825
G1 X305.035 Y308.975 Z0.800 E0.28825
G1 X305.076 Y308.495 Z0.800 E0.28825
G1 X305.132 Y308.017 Z0.800 E0.28825
G1 X305.203 Y307.541 Z0.800 E0.28825
G1 X305.290 Y307.067 Z0.800 E0.28825
G1 X305.391 Y306.596 Z0.800 E0.28825
G1 X305.508 Y306.129 Z0.800 E0.28825
G1 X305.640 Y305.666 Z0.800 E0.28825
G1 X305.786 Y305.207 Z0.800 E0.28825
G1 X305.947 Y304.754 Z0.800 E0.28825
G1 X306.123 Y304.305 Z0.800 E0.28825
G1 X306.313 Y303.863 Z0.800 E0.28825
G1 X306.517 Y303.427 Z0.800 E0.28825
G1 X306.735 Y302.997 Z0.800 E0.28825
G1 X306.966 Y302.575 Z0.800 E0.28825
G1 X307.211 Y302.161 Z0.800 E0.28825
G1 X307.470 Y301.754 Z0.800 E0.28825
G1 X307.741 Y301.357 Z0.800 E0.28825
G1 X308.024 Y300.968 Z0.800 E0.28825
G1 X308.320 Y300.588 Z0.800 E0.28825
G1 X308.629 Y300.218 Z0.800 E0.28825
G1 X308.948 Y299.858 Z0.800 E0.28825
G1 X309.280 Y299.508 Z0.800 E0.28825
G1 X309.622 Y299.170 Z0.800 E0.28825
G1 X309.975 Y298.842 Z0.800 E0.28825
G1 X310.338 Y298.526 Z0.800 E0.28825
G1 X310.711 Y298.222 Z0.800 E0.28825
G1 X311.094 Y297.930 Z0.800 E0.28825
G1 X311.486 Y297.650 Z0.800 E0.28825
G1 X311.887 Y297.384 Z0.800 E0.28825
G1 X312.296 Y297.130 Z0.800 E0.28825
G1 X312.713 Y296.889 Z0.800 E0.28825
G1 X313.137 Y296.662 Z0.800 E0.28825
G1 X313.569 Y296.449 Z0.800 E0.28825
G1 X314.007 Y296.249 Z0.800 E0.28825
G1 X314.452 Y296.064 Z0.800 E0.28825
G1 X314.902 Y295.893 Z0.800 E0.28825
G1 X315.357 Y295.737 Z0.800 E0.28825
G1 X315.817 Y295.595 Z0.800 E0.28825
G1 X316.282 Y295.468 Z0.800 E0.28825
G1 X316.750 Y295.356 Z0.800 E0.28825
G1 X317.222 Y295.260 Z0.800 E0.28825
G1 X317.696 Y295.178 Z0.800 E0.28825
G1 X318.173 Y295.112 Z0.800 E0.28825
G1 X318.652 Y295.061 Z0.800 E0.28825
G1 X319.132 Y295.025 Z0.800 E0.28825
G1 X319.613 Y295.005 Z0.800 E0.28825
G1 X320.095 Y295.000 Z0.800 E0.28825
G1 X320.576 Y295.011 Z0.800 E0.28825
G1 X321.057 Y295.037 Z0.800 E0.28825
G1 X321.537 Y295.079 Z0.800 E0.28825
G1 X322.015 Y295.136 Z0.800 E0.28825
G1 X322.491 Y295.208 Z0.800 E0.28825
G1 X322.964 Y295.296 Z0.800 E0.28825
G1 X323.434 Y295.398 Z0.800 E0.28825
G1 X323.901 Y295.516 Z0.800 E0.28825
G1 X324.364 Y295.649 Z0.800 E0.28825
G1 X324.823 Y295.796 Z0.800 E0.28825
G1 X325.276 Y295.958 Z0.800 E0.28825
G1 X325.724 Y296.135 Z0.800 E0.28825
G1 X326.166 Y296.326 Z0.800 E0.28825
G1 X326.602 Y296.531 Z0.800 E0.28825
G1 X327.030 Y296.750 Z0.800 E0.28825
G1 X327.452 Y296.982 Z0.800 E0.28825
G1 X327.866 Y297.228 Z0.800 E0.28825
G1 X328.272 Y297.487 Z0.800 E0.28825
G1 X328.669 Y297.759 Z0.800 E0.28825
G1 X329.058 Y298.043 Z0.800 E0.28825
G1 X329.437 Y298.340 Z0.800 E0.28825
G1 X329.806 Y298.649 Z0.800 E0.28825
G1 X330.165 Y298.970 Z0.800 E0.28825
G1 X330.514 Y299.302 Z0.800 E0.28825
G1 X330.852 Y299.645 Z0.800 E0.28825
G1 X331.179 Y299.998 Z0.800 E0.28825
G1 X331.494 Y300.362 Z0.800 E0.28825
G1 X331.797 Y300.736 Z0.800 E0.28825
G1 X332.089 Y301.119 Z0.800 E0.28825
G1 X332.367 Y301.512 Z0.800 E0.28825
G1 X332.634 Y301.913 Z0.800 E0.28825
G1 X332.887 Y302.323 Z0.800 E0.28825
G1 X333.126 Y302.741 Z0.800 E0.28825
G1 X333.353 Y303.166 Z0.800 E0.28825
G1 X333.565 Y303.598 Z0.800 E0.28825
G1 X333.763 Y304.036 Z0.800 E0.28825
G1 X333.948 Y304.481 Z0.800 E0.28825
G1 X334.118 Y304.932 Z0.800 E0.28825
G1 X334.273 Y305.387 Z0.800 E0.28825
G1 X334.414 Y305.848 Z0.800 E0.28825
G1 X334.540 Y306.312 Z0.800 E0.28825
G1 X334.651 Y306.781 Z0.800 E0.28825
G1 X334.746 Y307.253 Z0.800 E0.28825
G1 X334.827 Y307.728 Z0.800 E0.28825
G1 X334.892 Y308.205 Z0.800 E0.28825
G1 X334.942 Y308.683 Z0.800 E0.28825
G1 X334.977 Y309.164 Z0.800 E0.28825
G1 X334.996 Y309.645 Z0.800 E0.28825
G1 X334.999 Y310.126 Z0.800 E0.28825
G1 X334.988 Y310.608 Z0.800 E0.28825
G1 X334.960 Y311.088 Z0.800 E0.28825
G1 X334.918 Y311.568 Z0.800 E0.28825
G1 E-3.0 F600
G92 E0

; --- End ---
M106 S0
M104 S0
M140 S0
G1 Z80 F3000
G28 X0
M84