; ==================================================
; Phase 2: Single strand air printing — 3×3 = 9 combos
; ==================================================
; Fixed: RING_HEIGHT=0.8mm  Ring speed=15mm/s
;        Approach=8.0mm  Unretract=8.0mm  Overlap=-4.0°
;        N_OSC=12  LAYER_HEIGHT=3.65mm  Z_AMP=±2.33mm
;        E/mm ring=0.5987  E/mm mesh=1.0580
; Factor A: PRINT_SPEED = [0.5, 1.5, 4.5] mm/s
; Factor B: DWELL_MS    = [1500, 3000, 6000] ms
; Layout: single column X=150, Y increases downward
;
; Unit  Speed      Dwell    CenterY
;  [ 1]  0.5mm/s    1500ms    Y=50
;  [ 2]  0.5mm/s    3000ms    Y=90
;  [ 3]  0.5mm/s    6000ms    Y=130
;  [ 4]  1.5mm/s    1500ms    Y=170
;  [ 5]  1.5mm/s    3000ms    Y=210
;  [ 6]  1.5mm/s    6000ms    Y=250
;  [ 7]  4.5mm/s    1500ms    Y=290
;  [ 8]  4.5mm/s    3000ms    Y=330
;  [ 9]  4.5mm/s    6000ms    Y=370
; ==================================================

M104 S200
M140 S60
G28
M106 S0
M109 S200
M190 S60
G21
G90
M83
G92 E0
M221 S100              ; Reset flow rate

; --- Initial purge ---
G1 Z10 F3000
G1 X20 Y20 F6000
G1 Z0.80 F2000
G92 E0
G1 E10 F100
G1 X150 E50 F400
G1 X170 F5000
G1 E-3.0 F600
G92 E0

; ============================================================
; [ 1]  Speed=0.5mm/s  Dwell=1500ms
; Center: X150 Y50
; ============================================================
; Mini purge
G1 Z3.80 F6000
G1 X135.0 Y23.0 F6000
G1 Z0.80 F2000
G92 E0
G1 E3 F150
G1 X165.0 E17.9605 F900
G1 E-3.0 F600
G92 E0
; Base ring
M221 S100
G1 Z3.80 F6000
G1 X173.000 Y50.000 F6000
G1 Z0.800 F3000
G1 X165.000 Y50.000 E7.78946 F900
G1 F900
G1 X164.993 Y50.468 Z0.800 E0.28038
G1 X164.971 Y50.936 Z0.800 E0.28038
G1 X164.934 Y51.403 Z0.800 E0.28038
G1 X164.883 Y51.869 Z0.800 E0.28038
G1 X164.818 Y52.332 Z0.800 E0.28038
G1 X164.738 Y52.794 Z0.800 E0.28038
G1 X164.643 Y53.252 Z0.800 E0.28038
G1 X164.534 Y53.708 Z0.800 E0.28038
G1 X164.412 Y54.160 Z0.800 E0.28038
G1 X164.275 Y54.608 Z0.800 E0.28038
G1 X164.124 Y55.051 Z0.800 E0.28038
G1 X163.959 Y55.490 Z0.800 E0.28038
G1 X163.781 Y55.923 Z0.800 E0.28038
G1 X163.590 Y56.350 Z0.800 E0.28038
G1 X163.385 Y56.771 Z0.800 E0.28038
G1 X163.167 Y57.186 Z0.800 E0.28038
G1 X162.936 Y57.593 Z0.800 E0.28038
G1 X162.693 Y57.993 Z0.800 E0.28038
G1 X162.437 Y58.386 Z0.800 E0.28038
G1 X162.169 Y58.770 Z0.800 E0.28038
G1 X161.889 Y59.146 Z0.800 E0.28038
G1 X161.598 Y59.512 Z0.800 E0.28038
G1 X161.296 Y59.870 Z0.800 E0.28038
G1 X160.982 Y60.217 Z0.800 E0.28038
G1 X160.658 Y60.555 Z0.800 E0.28038
G1 X160.323 Y60.883 Z0.800 E0.28038
G1 X159.978 Y61.200 Z0.800 E0.28038
G1 X159.624 Y61.506 Z0.800 E0.28038
G1 X159.260 Y61.801 Z0.800 E0.28038
G1 X158.887 Y62.084 Z0.800 E0.28038
G1 X158.505 Y62.356 Z0.800 E0.28038
G1 X158.115 Y62.615 Z0.800 E0.28038
G1 X157.718 Y62.862 Z0.800 E0.28038
G1 X157.312 Y63.097 Z0.800 E0.28038
G1 X156.900 Y63.319 Z0.800 E0.28038
G1 X156.481 Y63.528 Z0.800 E0.28038
G1 X156.055 Y63.723 Z0.800 E0.28038
G1 X155.624 Y63.906 Z0.800 E0.28038
G1 X155.187 Y64.075 Z0.800 E0.28038
G1 X154.745 Y64.230 Z0.800 E0.28038
G1 X154.299 Y64.371 Z0.800 E0.28038
G1 X153.848 Y64.498 Z0.800 E0.28038
G1 X153.393 Y64.611 Z0.800 E0.28038
G1 X152.936 Y64.710 Z0.800 E0.28038
G1 X152.475 Y64.794 Z0.800 E0.28038
G1 X152.012 Y64.864 Z0.800 E0.28038
G1 X151.547 Y64.920 Z0.800 E0.28038
G1 X151.080 Y64.961 Z0.800 E0.28038
G1 X150.613 Y64.987 Z0.800 E0.28038
G1 X150.145 Y64.999 Z0.800 E0.28038
G1 X149.676 Y64.997 Z0.800 E0.28038
G1 X149.208 Y64.979 Z0.800 E0.28038
G1 X148.741 Y64.947 Z0.800 E0.28038
G1 X148.275 Y64.901 Z0.800 E0.28038
G1 X147.811 Y64.839 Z0.800 E0.28038
G1 X147.349 Y64.764 Z0.800 E0.28038
G1 X146.889 Y64.674 Z0.800 E0.28038
G1 X146.432 Y64.570 Z0.800 E0.28038
G1 X145.979 Y64.451 Z0.800 E0.28038
G1 X145.530 Y64.319 Z0.800 E0.28038
G1 X145.085 Y64.172 Z0.800 E0.28038
G1 X144.645 Y64.012 Z0.800 E0.28038
G1 X144.211 Y63.838 Z0.800 E0.28038
G1 X143.781 Y63.650 Z0.800 E0.28038
G1 X143.358 Y63.449 Z0.800 E0.28038
G1 X142.942 Y63.236 Z0.800 E0.28038
G1 X142.532 Y63.009 Z0.800 E0.28038
G1 X142.129 Y62.769 Z0.800 E0.28038
G1 X141.735 Y62.517 Z0.800 E0.28038
G1 X141.348 Y62.253 Z0.800 E0.28038
G1 X140.970 Y61.977 Z0.800 E0.28038
G1 X140.600 Y61.689 Z0.800 E0.28038
G1 X140.240 Y61.390 Z0.800 E0.28038
G1 X139.889 Y61.080 Z0.800 E0.28038
G1 X139.548 Y60.759 Z0.800 E0.28038
G1 X139.217 Y60.427 Z0.800 E0.28038
G1 X138.897 Y60.086 Z0.800 E0.28038
G1 X138.588 Y59.734 Z0.800 E0.28038
G1 X138.289 Y59.373 Z0.800 E0.28038
G1 X138.002 Y59.003 Z0.800 E0.28038
G1 X137.727 Y58.624 Z0.800 E0.28038
G1 X137.464 Y58.237 Z0.800 E0.28038
G1 X137.213 Y57.841 Z0.800 E0.28038
G1 X136.974 Y57.438 Z0.800 E0.28038
G1 X136.748 Y57.028 Z0.800 E0.28038
G1 X136.535 Y56.611 Z0.800 E0.28038
G1 X136.336 Y56.187 Z0.800 E0.28038
G1 X136.149 Y55.758 Z0.800 E0.28038
G1 X135.976 Y55.323 Z0.800 E0.28038
G1 X135.817 Y54.882 Z0.800 E0.28038
G1 X135.671 Y54.437 Z0.800 E0.28038
G1 X135.540 Y53.988 Z0.800 E0.28038
G1 X135.422 Y53.534 Z0.800 E0.28038
G1 X135.319 Y53.077 Z0.800 E0.28038
G1 X135.230 Y52.618 Z0.800 E0.28038
G1 X135.156 Y52.155 Z0.800 E0.28038
G1 X135.096 Y51.691 Z0.800 E0.28038
G1 X135.050 Y51.225 Z0.800 E0.28038
G1 X135.019 Y50.757 Z0.800 E0.28038
G1 X135.003 Y50.289 Z0.800 E0.28038
G1 X135.001 Y49.821 Z0.800 E0.28038
G1 X135.014 Y49.353 Z0.800 E0.28038
G1 X135.041 Y48.885 Z0.800 E0.28038
G1 X135.084 Y48.419 Z0.800 E0.28038
G1 X135.140 Y47.954 Z0.800 E0.28038
G1 X135.211 Y47.491 Z0.800 E0.28038
G1 X135.297 Y47.031 Z0.800 E0.28038
G1 X135.397 Y46.573 Z0.800 E0.28038
G1 X135.511 Y46.119 Z0.800 E0.28038
G1 X135.639 Y45.669 Z0.800 E0.28038
G1 X135.781 Y45.222 Z0.800 E0.28038
G1 X135.937 Y44.781 Z0.800 E0.28038
G1 X136.107 Y44.344 Z0.800 E0.28038
G1 X136.290 Y43.913 Z0.800 E0.28038
G1 X136.487 Y43.488 Z0.800 E0.28038
G1 X136.697 Y43.070 Z0.800 E0.28038
G1 X136.920 Y42.658 Z0.800 E0.28038
G1 X137.155 Y42.253 Z0.800 E0.28038
G1 X137.403 Y41.856 Z0.800 E0.28038
G1 X137.664 Y41.467 Z0.800 E0.28038
G1 X137.936 Y41.086 Z0.800 E0.28038
G1 X138.220 Y40.713 Z0.800 E0.28038
G1 X138.516 Y40.350 Z0.800 E0.28038
G1 X138.823 Y39.996 Z0.800 E0.28038
G1 X139.141 Y39.652 Z0.800 E0.28038
G1 X139.469 Y39.318 Z0.800 E0.28038
G1 X139.808 Y38.995 Z0.800 E0.28038
G1 X140.156 Y38.682 Z0.800 E0.28038
G1 X140.514 Y38.380 Z0.800 E0.28038
G1 X140.882 Y38.090 Z0.800 E0.28038
G1 X141.258 Y37.811 Z0.800 E0.28038
G1 X141.643 Y37.544 Z0.800 E0.28038
G1 X142.036 Y37.289 Z0.800 E0.28038
G1 X142.436 Y37.047 Z0.800 E0.28038
G1 X142.844 Y36.817 Z0.800 E0.28038
G1 X143.259 Y36.600 Z0.800 E0.28038
G1 X143.681 Y36.396 Z0.800 E0.28038
G1 X144.109 Y36.205 Z0.800 E0.28038
G1 X144.542 Y36.028 Z0.800 E0.28038
G1 X144.981 Y35.865 Z0.800 E0.28038
G1 X145.425 Y35.715 Z0.800 E0.28038
G1 X145.873 Y35.579 Z0.800 E0.28038
G1 X146.325 Y35.457 Z0.800 E0.28038
G1 X146.781 Y35.349 Z0.800 E0.28038
G1 X147.240 Y35.256 Z0.800 E0.28038
G1 X147.702 Y35.177 Z0.800 E0.28038
G1 X148.165 Y35.113 Z0.800 E0.28038
G1 X148.631 Y35.063 Z0.800 E0.28038
G1 X149.098 Y35.027 Z0.800 E0.28038
G1 X149.566 Y35.006 Z0.800 E0.28038
G1 X150.034 Y35.000 Z0.800 E0.28038
G1 X150.502 Y35.008 Z0.800 E0.28038
G1 X150.970 Y35.031 Z0.800 E0.28038
G1 X151.437 Y35.069 Z0.800 E0.28038
G1 X151.902 Y35.121 Z0.800 E0.28038
G1 X152.366 Y35.188 Z0.800 E0.28038
G1 X152.827 Y35.269 Z0.800 E0.28038
G1 X153.286 Y35.364 Z0.800 E0.28038
G1 X153.741 Y35.474 Z0.800 E0.28038
G1 X154.193 Y35.598 Z0.800 E0.28038
G1 X154.640 Y35.736 Z0.800 E0.28038
G1 X155.083 Y35.888 Z0.800 E0.28038
G1 X155.521 Y36.053 Z0.800 E0.28038
G1 X155.954 Y36.232 Z0.800 E0.28038
G1 X156.381 Y36.425 Z0.800 E0.28038
G1 X156.802 Y36.631 Z0.800 E0.28038
G1 X157.216 Y36.850 Z0.800 E0.28038
G1 X157.623 Y37.081 Z0.800 E0.28038
G1 X158.022 Y37.326 Z0.800 E0.28038
G1 X158.414 Y37.582 Z0.800 E0.28038
G1 X158.798 Y37.851 Z0.800 E0.28038
G1 X159.173 Y38.131 Z0.800 E0.28038
G1 X159.539 Y38.424 Z0.800 E0.28038
G1 X159.895 Y38.727 Z0.800 E0.28038
G1 X160.242 Y39.041 Z0.800 E0.28038
G1 X160.580 Y39.366 Z0.800 E0.28038
G1 X160.906 Y39.702 Z0.800 E0.28038
G1 X161.223 Y40.047 Z0.800 E0.28038
G1 X161.528 Y40.403 Z0.800 E0.28038
G1 X161.822 Y40.767 Z0.800 E0.28038
G1 X162.104 Y41.141 Z0.800 E0.28038
G1 X162.375 Y41.523 Z0.800 E0.28038
G1 X162.634 Y41.913 Z0.800 E0.28038
G1 X162.880 Y42.312 Z0.800 E0.28038
G1 X163.114 Y42.718 Z0.800 E0.28038
G1 X163.335 Y43.130 Z0.800 E0.28038
G1 X163.542 Y43.550 Z0.800 E0.28038
G1 X163.737 Y43.976 Z0.800 E0.28038
G1 X163.919 Y44.408 Z0.800 E0.28038
G1 X164.086 Y44.845 Z0.800 E0.28038
G1 X164.240 Y45.287 Z0.800 E0.28038
G1 X164.381 Y45.734 Z0.800 E0.28038
G1 X164.507 Y46.185 Z0.800 E0.28038
G1 X164.619 Y46.640 Z0.800 E0.28038
G1 X164.717 Y47.098 Z0.800 E0.28038
G1 X164.800 Y47.559 Z0.800 E0.28038
G1 X164.869 Y48.022 Z0.800 E0.28038
G1 X164.924 Y48.487 Z0.800 E0.28038
G1 X164.963 Y48.954 Z0.800 E0.28038
G1 E-3.0 F600
G92 E0
M106 S255             ; Fan 100% for air printing
; Mesh layer (n=0)
M221 S50
G1 Z7.950 F6000
G1 X165.000 Y50.000 F6000
G1 Z0.800 F3000
G1 E3.0 F300
G1 F30
G1 X164.993 Y50.474 Z0.861 E0.50515
G1 X164.970 Y50.947 Z1.422 E0.77656
G1 X164.933 Y51.419 Z1.982 E0.77656
G1 X164.881 Y51.889 Z2.543 E0.77656
G1 X164.813 Y52.358 Z3.104 E0.77656
G1 X164.732 Y52.825 Z3.665 E0.77656
G1 X164.635 Y53.288 Z4.226 E0.77656
G1 X164.524 Y53.749 Z4.786 E0.77656
G4 P1500
G1 X164.398 Y54.205 Z4.553 E0.55870
G1 X164.259 Y54.658 Z3.992 E0.77656
G1 X164.104 Y55.106 Z3.431 E0.77656
G1 X163.936 Y55.548 Z2.870 E0.77656
G1 X163.754 Y55.985 Z2.310 E0.77656
G1 X163.558 Y56.417 Z1.749 E0.77656
G1 X163.349 Y56.841 Z1.188 E0.77656
G1 X163.126 Y57.259 Z0.800 E0.64768
G4 P1500
G1 X162.891 Y57.670 Z0.800 E0.50104
G1 X162.642 Y58.073 Z1.094 E0.58999
G1 X162.381 Y58.468 Z1.655 E0.77656
G1 X162.107 Y58.855 Z2.216 E0.77656
G1 X161.822 Y59.233 Z2.777 E0.77656
G1 X161.524 Y59.601 Z3.338 E0.77656
G1 X161.216 Y59.960 Z3.898 E0.77656
G1 X160.896 Y60.310 Z4.459 E0.77656
G1 X160.565 Y60.648 Z4.880 E0.67011
G4 P1500
G1 X160.223 Y60.977 Z4.319 E0.77656
G1 X159.872 Y61.294 Z3.758 E0.77656
G1 X159.510 Y61.600 Z3.197 E0.77656
G1 X159.139 Y61.894 Z2.637 E0.77656
G1 X158.759 Y62.177 Z2.076 E0.77656
G1 X158.370 Y62.447 Z1.515 E0.77656
G1 X157.973 Y62.705 Z0.954 E0.77656
G1 X157.568 Y62.951 Z0.800 E0.52695
G4 P1500
G1 X157.156 Y63.183 Z0.800 E0.50104
G1 X156.736 Y63.403 Z1.328 E0.75049
G1 X156.309 Y63.608 Z1.889 E0.77656
G1 X155.877 Y63.801 Z2.450 E0.77656
G1 X155.438 Y63.980 Z3.011 E0.77656
G1 X154.994 Y64.144 Z3.571 E0.77656
G1 X154.545 Y64.295 Z4.132 E0.77656
G1 X154.092 Y64.431 Z4.693 E0.77656
G4 P1500
G1 X153.634 Y64.553 Z4.646 E0.50347
G1 X153.173 Y64.661 Z4.085 E0.77656
G1 X152.708 Y64.753 Z3.525 E0.77656
G1 X152.241 Y64.832 Z2.964 E0.77656
G1 X151.772 Y64.895 Z2.403 E0.77656
G1 X151.301 Y64.943 Z1.842 E0.77656
G1 X150.828 Y64.977 Z1.281 E0.77656
G1 X150.355 Y64.996 Z0.800 E0.71445
G4 P1500
G1 X149.882 Y65.000 Z0.800 E0.50104
G1 X149.408 Y64.988 Z1.001 E0.54430
G1 X148.935 Y64.962 Z1.562 E0.77656
G1 X148.463 Y64.921 Z2.123 E0.77656
G1 X147.993 Y64.865 Z2.683 E0.77656
G1 X147.525 Y64.794 Z3.244 E0.77656
G1 X147.059 Y64.709 Z3.805 E0.77656
G1 X146.596 Y64.609 Z4.366 E0.77656
G1 X146.137 Y64.494 Z4.927 E0.77656
G4 P1500
G1 X145.681 Y64.365 Z4.413 E0.73948
G1 X145.230 Y64.221 Z3.852 E0.77656
G1 X144.783 Y64.064 Z3.291 E0.77656
G1 X144.342 Y63.892 Z2.730 E0.77656
G1 X143.906 Y63.706 Z2.169 E0.77656
G1 X143.477 Y63.507 Z1.609 E0.77656
G1 X143.053 Y63.295 Z1.048 E0.77656
G1 X142.637 Y63.069 Z0.800 E0.56545
G4 P1500
G1 X142.228 Y62.830 Z0.800 E0.50104
G1 X141.827 Y62.578 Z1.235 E0.68008
G1 X141.434 Y62.314 Z1.795 E0.77656
G1 X141.050 Y62.037 Z2.356 E0.77656
G1 X140.674 Y61.749 Z2.917 E0.77656
G1 X140.308 Y61.448 Z3.478 E0.77656
G1 X139.951 Y61.137 Z4.039 E0.77656
G1 X139.605 Y60.814 Z4.599 E0.77656
G1 X139.269 Y60.480 Z4.740 E0.52253
G4 P1500
G1 X138.943 Y60.136 Z4.179 E0.77656
G1 X138.629 Y59.782 Z3.618 E0.77656
G1 X138.325 Y59.418 Z3.057 E0.77656
G1 X138.034 Y59.045 Z2.496 E0.77656
G1 X137.754 Y58.663 Z1.936 E0.77656
G1 X137.487 Y58.272 Z1.375 E0.77656
G1 X137.232 Y57.873 Z0.814 E0.77656
G1 X136.990 Y57.466 Z0.800 E0.50126
G4 P1500
G1 X136.761 Y57.051 Z0.908 E0.51379
G1 X136.545 Y56.630 Z1.468 E0.77656
G1 X136.342 Y56.202 Z2.029 E0.77656
G1 X136.153 Y55.768 Z2.590 E0.77656
G1 X135.978 Y55.328 Z3.151 E0.77656
G1 X135.817 Y54.882 Z3.712 E0.77656
G1 X135.670 Y54.432 Z4.272 E0.77656
G1 X135.537 Y53.978 Z4.833 E0.77656
G4 P1500
G1 X135.419 Y53.519 Z4.506 E0.60895
G1 X135.315 Y53.057 Z3.945 E0.77656
G1 X135.226 Y52.592 Z3.384 E0.77656
G1 X135.151 Y52.124 Z2.824 E0.77656
G1 X135.091 Y51.654 Z2.263 E0.77656
G1 X135.047 Y51.183 Z1.702 E0.77656
G1 X135.017 Y50.710 Z1.141 E0.77656
G1 X135.002 Y50.237 Z0.800 E0.61753
G4 P1500
G1 X135.002 Y49.763 Z0.800 E0.50104
G1 X135.017 Y49.290 Z1.141 E0.61753
G1 X135.047 Y48.817 Z1.702 E0.77656
G1 X135.091 Y48.346 Z2.263 E0.77656
G1 X135.151 Y47.876 Z2.824 E0.77656
G1 X135.226 Y47.408 Z3.384 E0.77656
G1 X135.315 Y46.943 Z3.945 E0.77656
G1 X135.419 Y46.481 Z4.506 E0.77656
G1 X135.537 Y46.022 Z4.833 E0.60895
G4 P1500
G1 X135.670 Y45.568 Z4.272 E0.77656
G1 X135.817 Y45.118 Z3.712 E0.77656
G1 X135.978 Y44.672 Z3.151 E0.77656
G1 X136.153 Y44.232 Z2.590 E0.77656
G1 X136.342 Y43.798 Z2.029 E0.77656
G1 X136.545 Y43.370 Z1.468 E0.77656
G1 X136.761 Y42.949 Z0.908 E0.77656
G1 X136.990 Y42.534 Z0.800 E0.51379
G4 P1500
G1 X137.232 Y42.127 Z0.814 E0.50126
G1 X137.487 Y41.728 Z1.375 E0.77656
G1 X137.754 Y41.337 Z1.936 E0.77656
G1 X138.034 Y40.955 Z2.496 E0.77656
G1 X138.325 Y40.582 Z3.057 E0.77656
G1 X138.629 Y40.218 Z3.618 E0.77656
G1 X138.943 Y39.864 Z4.179 E0.77656
G1 X139.269 Y39.520 Z4.740 E0.77656
G4 P1500
G1 X139.605 Y39.186 Z4.599 E0.52253
G1 X139.951 Y38.863 Z4.039 E0.77656
G1 X140.308 Y38.552 Z3.478 E0.77656
G1 X140.674 Y38.251 Z2.917 E0.77656
G1 X141.050 Y37.963 Z2.356 E0.77656
G1 X141.434 Y37.686 Z1.795 E0.77656
G1 X141.827 Y37.422 Z1.235 E0.77656
G1 X142.228 Y37.170 Z0.800 E0.68008
G4 P1500
G1 X142.637 Y36.931 Z0.800 E0.50104
G1 X143.053 Y36.705 Z1.048 E0.56545
G1 X143.477 Y36.493 Z1.609 E0.77656
G1 X143.906 Y36.294 Z2.169 E0.77656
G1 X144.342 Y36.108 Z2.730 E0.77656
G1 X144.783 Y35.936 Z3.291 E0.77656
G1 X145.230 Y35.779 Z3.852 E0.77656
G1 X145.681 Y35.635 Z4.413 E0.77656
G1 X146.137 Y35.506 Z4.927 E0.73948
G4 P1500
G1 X146.596 Y35.391 Z4.366 E0.77656
G1 X147.059 Y35.291 Z3.805 E0.77656
G1 X147.525 Y35.206 Z3.244 E0.77656
G1 X147.993 Y35.135 Z2.683 E0.77656
G1 X148.463 Y35.079 Z2.123 E0.77656
G1 X148.935 Y35.038 Z1.562 E0.77656
G1 X149.408 Y35.012 Z1.001 E0.77656
G1 X149.882 Y35.000 Z0.800 E0.54430
G4 P1500
G1 X150.355 Y35.004 Z0.800 E0.50104
G1 X150.828 Y35.023 Z1.281 E0.71445
G1 X151.301 Y35.057 Z1.842 E0.77656
G1 X151.772 Y35.105 Z2.403 E0.77656
G1 X152.241 Y35.168 Z2.964 E0.77656
G1 X152.708 Y35.247 Z3.525 E0.77656
G1 X153.173 Y35.339 Z4.085 E0.77656
G1 X153.634 Y35.447 Z4.646 E0.77656
G1 X154.092 Y35.569 Z4.693 E0.50347
G4 P1500
G1 X154.545 Y35.705 Z4.132 E0.77656
G1 X154.994 Y35.856 Z3.571 E0.77656
G1 X155.438 Y36.020 Z3.011 E0.77656
G1 X155.877 Y36.199 Z2.450 E0.77656
G1 X156.309 Y36.392 Z1.889 E0.77656
G1 X156.736 Y36.597 Z1.328 E0.77656
G1 X157.156 Y36.817 Z0.800 E0.75049
G4 P1500
G1 X157.568 Y37.049 Z0.800 E0.50104
G1 X157.973 Y37.295 Z0.954 E0.52695
G1 X158.370 Y37.553 Z1.515 E0.77656
G1 X158.759 Y37.823 Z2.076 E0.77656
G1 X159.139 Y38.106 Z2.637 E0.77656
G1 X159.510 Y38.400 Z3.197 E0.77656
G1 X159.872 Y38.706 Z3.758 E0.77656
G1 X160.223 Y39.023 Z4.319 E0.77656
G1 X160.565 Y39.352 Z4.880 E0.77656
G4 P1500
G1 X160.896 Y39.690 Z4.459 E0.67011
G1 X161.216 Y40.040 Z3.898 E0.77656
G1 X161.524 Y40.399 Z3.338 E0.77656
G1 X161.822 Y40.767 Z2.777 E0.77656
G1 X162.107 Y41.145 Z2.216 E0.77656
G1 X162.381 Y41.532 Z1.655 E0.77656
G1 X162.642 Y41.927 Z1.094 E0.77656
G1 X162.891 Y42.330 Z0.800 E0.58999
G4 P1500
G1 X163.126 Y42.741 Z0.800 E0.50104
G1 X163.349 Y43.159 Z1.188 E0.64768
G1 X163.558 Y43.583 Z1.749 E0.77656
G1 X163.754 Y44.015 Z2.310 E0.77656
G1 X163.936 Y44.452 Z2.870 E0.77656
G1 X164.104 Y44.894 Z3.431 E0.77656
G1 X164.259 Y45.342 Z3.992 E0.77656
G1 X164.398 Y45.795 Z4.553 E0.77656
G1 X164.524 Y46.251 Z4.786 E0.55870
G4 P1500
G1 X164.635 Y46.712 Z4.226 E0.77656
G1 X164.732 Y47.175 Z3.665 E0.77656
G1 X164.813 Y47.642 Z3.104 E0.77656
G1 X164.881 Y48.111 Z2.543 E0.77656
G1 X164.933 Y48.581 Z1.982 E0.77656
G1 X164.970 Y49.053 Z1.422 E0.77656
G1 X164.993 Y49.526 Z0.861 E0.77656
G1 X165.000 Y50.000 Z0.800 E0.50515
G1 E-3.0 F600
G92 E0
M106 S0               ; Fan off before next ring

; ============================================================
; [ 2]  Speed=0.5mm/s  Dwell=3000ms
; Center: X150 Y90
; ============================================================
; Mini purge
G1 Z3.80 F6000
G1 X135.0 Y63.0 F6000
G1 Z0.80 F2000
G92 E0
G1 E3 F150
G1 X165.0 E17.9605 F900
G1 E-3.0 F600
G92 E0
; Base ring
M221 S100
G1 Z3.80 F6000
G1 X173.000 Y90.000 F6000
G1 Z0.800 F3000
G1 X165.000 Y90.000 E7.78946 F900
G1 F900
G1 X164.993 Y90.468 Z0.800 E0.28038
G1 X164.971 Y90.936 Z0.800 E0.28038
G1 X164.934 Y91.403 Z0.800 E0.28038
G1 X164.883 Y91.869 Z0.800 E0.28038
G1 X164.818 Y92.332 Z0.800 E0.28038
G1 X164.738 Y92.794 Z0.800 E0.28038
G1 X164.643 Y93.252 Z0.800 E0.28038
G1 X164.534 Y93.708 Z0.800 E0.28038
G1 X164.412 Y94.160 Z0.800 E0.28038
G1 X164.275 Y94.608 Z0.800 E0.28038
G1 X164.124 Y95.051 Z0.800 E0.28038
G1 X163.959 Y95.490 Z0.800 E0.28038
G1 X163.781 Y95.923 Z0.800 E0.28038
G1 X163.590 Y96.350 Z0.800 E0.28038
G1 X163.385 Y96.771 Z0.800 E0.28038
G1 X163.167 Y97.186 Z0.800 E0.28038
G1 X162.936 Y97.593 Z0.800 E0.28038
G1 X162.693 Y97.993 Z0.800 E0.28038
G1 X162.437 Y98.386 Z0.800 E0.28038
G1 X162.169 Y98.770 Z0.800 E0.28038
G1 X161.889 Y99.146 Z0.800 E0.28038
G1 X161.598 Y99.512 Z0.800 E0.28038
G1 X161.296 Y99.870 Z0.800 E0.28038
G1 X160.982 Y100.217 Z0.800 E0.28038
G1 X160.658 Y100.555 Z0.800 E0.28038
G1 X160.323 Y100.883 Z0.800 E0.28038
G1 X159.978 Y101.200 Z0.800 E0.28038
G1 X159.624 Y101.506 Z0.800 E0.28038
G1 X159.260 Y101.801 Z0.800 E0.28038
G1 X158.887 Y102.084 Z0.800 E0.28038
G1 X158.505 Y102.356 Z0.800 E0.28038
G1 X158.115 Y102.615 Z0.800 E0.28038
G1 X157.718 Y102.862 Z0.800 E0.28038
G1 X157.312 Y103.097 Z0.800 E0.28038
G1 X156.900 Y103.319 Z0.800 E0.28038
G1 X156.481 Y103.528 Z0.800 E0.28038
G1 X156.055 Y103.723 Z0.800 E0.28038
G1 X155.624 Y103.906 Z0.800 E0.28038
G1 X155.187 Y104.075 Z0.800 E0.28038
G1 X154.745 Y104.230 Z0.800 E0.28038
G1 X154.299 Y104.371 Z0.800 E0.28038
G1 X153.848 Y104.498 Z0.800 E0.28038
G1 X153.393 Y104.611 Z0.800 E0.28038
G1 X152.936 Y104.710 Z0.800 E0.28038
G1 X152.475 Y104.794 Z0.800 E0.28038
G1 X152.012 Y104.864 Z0.800 E0.28038
G1 X151.547 Y104.920 Z0.800 E0.28038
G1 X151.080 Y104.961 Z0.800 E0.28038
G1 X150.613 Y104.987 Z0.800 E0.28038
G1 X150.145 Y104.999 Z0.800 E0.28038
G1 X149.676 Y104.997 Z0.800 E0.28038
G1 X149.208 Y104.979 Z0.800 E0.28038
G1 X148.741 Y104.947 Z0.800 E0.28038
G1 X148.275 Y104.901 Z0.800 E0.28038
G1 X147.811 Y104.839 Z0.800 E0.28038
G1 X147.349 Y104.764 Z0.800 E0.28038
G1 X146.889 Y104.674 Z0.800 E0.28038
G1 X146.432 Y104.570 Z0.800 E0.28038
G1 X145.979 Y104.451 Z0.800 E0.28038
G1 X145.530 Y104.319 Z0.800 E0.28038
G1 X145.085 Y104.172 Z0.800 E0.28038
G1 X144.645 Y104.012 Z0.800 E0.28038
G1 X144.211 Y103.838 Z0.800 E0.28038
G1 X143.781 Y103.650 Z0.800 E0.28038
G1 X143.358 Y103.449 Z0.800 E0.28038
G1 X142.942 Y103.236 Z0.800 E0.28038
G1 X142.532 Y103.009 Z0.800 E0.28038
G1 X142.129 Y102.769 Z0.800 E0.28038
G1 X141.735 Y102.517 Z0.800 E0.28038
G1 X141.348 Y102.253 Z0.800 E0.28038
G1 X140.970 Y101.977 Z0.800 E0.28038
G1 X140.600 Y101.689 Z0.800 E0.28038
G1 X140.240 Y101.390 Z0.800 E0.28038
G1 X139.889 Y101.080 Z0.800 E0.28038
G1 X139.548 Y100.759 Z0.800 E0.28038
G1 X139.217 Y100.427 Z0.800 E0.28038
G1 X138.897 Y100.086 Z0.800 E0.28038
G1 X138.588 Y99.734 Z0.800 E0.28038
G1 X138.289 Y99.373 Z0.800 E0.28038
G1 X138.002 Y99.003 Z0.800 E0.28038
G1 X137.727 Y98.624 Z0.800 E0.28038
G1 X137.464 Y98.237 Z0.800 E0.28038
G1 X137.213 Y97.841 Z0.800 E0.28038
G1 X136.974 Y97.438 Z0.800 E0.28038
G1 X136.748 Y97.028 Z0.800 E0.28038
G1 X136.535 Y96.611 Z0.800 E0.28038
G1 X136.336 Y96.187 Z0.800 E0.28038
G1 X136.149 Y95.758 Z0.800 E0.28038
G1 X135.976 Y95.323 Z0.800 E0.28038
G1 X135.817 Y94.882 Z0.800 E0.28038
G1 X135.671 Y94.437 Z0.800 E0.28038
G1 X135.540 Y93.988 Z0.800 E0.28038
G1 X135.422 Y93.534 Z0.800 E0.28038
G1 X135.319 Y93.077 Z0.800 E0.28038
G1 X135.230 Y92.618 Z0.800 E0.28038
G1 X135.156 Y92.155 Z0.800 E0.28038
G1 X135.096 Y91.691 Z0.800 E0.28038
G1 X135.050 Y91.225 Z0.800 E0.28038
G1 X135.019 Y90.757 Z0.800 E0.28038
G1 X135.003 Y90.289 Z0.800 E0.28038
G1 X135.001 Y89.821 Z0.800 E0.28038
G1 X135.014 Y89.353 Z0.800 E0.28038
G1 X135.041 Y88.885 Z0.800 E0.28038
G1 X135.084 Y88.419 Z0.800 E0.28038
G1 X135.140 Y87.954 Z0.800 E0.28038
G1 X135.211 Y87.491 Z0.800 E0.28038
G1 X135.297 Y87.031 Z0.800 E0.28038
G1 X135.397 Y86.573 Z0.800 E0.28038
G1 X135.511 Y86.119 Z0.800 E0.28038
G1 X135.639 Y85.669 Z0.800 E0.28038
G1 X135.781 Y85.222 Z0.800 E0.28038
G1 X135.937 Y84.781 Z0.800 E0.28038
G1 X136.107 Y84.344 Z0.800 E0.28038
G1 X136.290 Y83.913 Z0.800 E0.28038
G1 X136.487 Y83.488 Z0.800 E0.28038
G1 X136.697 Y83.070 Z0.800 E0.28038
G1 X136.920 Y82.658 Z0.800 E0.28038
G1 X137.155 Y82.253 Z0.800 E0.28038
G1 X137.403 Y81.856 Z0.800 E0.28038
G1 X137.664 Y81.467 Z0.800 E0.28038
G1 X137.936 Y81.086 Z0.800 E0.28038
G1 X138.220 Y80.713 Z0.800 E0.28038
G1 X138.516 Y80.350 Z0.800 E0.28038
G1 X138.823 Y79.996 Z0.800 E0.28038
G1 X139.141 Y79.652 Z0.800 E0.28038
G1 X139.469 Y79.318 Z0.800 E0.28038
G1 X139.808 Y78.995 Z0.800 E0.28038
G1 X140.156 Y78.682 Z0.800 E0.28038
G1 X140.514 Y78.380 Z0.800 E0.28038
G1 X140.882 Y78.090 Z0.800 E0.28038
G1 X141.258 Y77.811 Z0.800 E0.28038
G1 X141.643 Y77.544 Z0.800 E0.28038
G1 X142.036 Y77.289 Z0.800 E0.28038
G1 X142.436 Y77.047 Z0.800 E0.28038
G1 X142.844 Y76.817 Z0.800 E0.28038
G1 X143.259 Y76.600 Z0.800 E0.28038
G1 X143.681 Y76.396 Z0.800 E0.28038
G1 X144.109 Y76.205 Z0.800 E0.28038
G1 X144.542 Y76.028 Z0.800 E0.28038
G1 X144.981 Y75.865 Z0.800 E0.28038
G1 X145.425 Y75.715 Z0.800 E0.28038
G1 X145.873 Y75.579 Z0.800 E0.28038
G1 X146.325 Y75.457 Z0.800 E0.28038
G1 X146.781 Y75.349 Z0.800 E0.28038
G1 X147.240 Y75.256 Z0.800 E0.28038
G1 X147.702 Y75.177 Z0.800 E0.28038
G1 X148.165 Y75.113 Z0.800 E0.28038
G1 X148.631 Y75.063 Z0.800 E0.28038
G1 X149.098 Y75.027 Z0.800 E0.28038
G1 X149.566 Y75.006 Z0.800 E0.28038
G1 X150.034 Y75.000 Z0.800 E0.28038
G1 X150.502 Y75.008 Z0.800 E0.28038
G1 X150.970 Y75.031 Z0.800 E0.28038
G1 X151.437 Y75.069 Z0.800 E0.28038
G1 X151.902 Y75.121 Z0.800 E0.28038
G1 X152.366 Y75.188 Z0.800 E0.28038
G1 X152.827 Y75.269 Z0.800 E0.28038
G1 X153.286 Y75.364 Z0.800 E0.28038
G1 X153.741 Y75.474 Z0.800 E0.28038
G1 X154.193 Y75.598 Z0.800 E0.28038
G1 X154.640 Y75.736 Z0.800 E0.28038
G1 X155.083 Y75.888 Z0.800 E0.28038
G1 X155.521 Y76.053 Z0.800 E0.28038
G1 X155.954 Y76.232 Z0.800 E0.28038
G1 X156.381 Y76.425 Z0.800 E0.28038
G1 X156.802 Y76.631 Z0.800 E0.28038
G1 X157.216 Y76.850 Z0.800 E0.28038
G1 X157.623 Y77.081 Z0.800 E0.28038
G1 X158.022 Y77.326 Z0.800 E0.28038
G1 X158.414 Y77.582 Z0.800 E0.28038
G1 X158.798 Y77.851 Z0.800 E0.28038
G1 X159.173 Y78.131 Z0.800 E0.28038
G1 X159.539 Y78.424 Z0.800 E0.28038
G1 X159.895 Y78.727 Z0.800 E0.28038
G1 X160.242 Y79.041 Z0.800 E0.28038
G1 X160.580 Y79.366 Z0.800 E0.28038
G1 X160.906 Y79.702 Z0.800 E0.28038
G1 X161.223 Y80.047 Z0.800 E0.28038
G1 X161.528 Y80.403 Z0.800 E0.28038
G1 X161.822 Y80.767 Z0.800 E0.28038
G1 X162.104 Y81.141 Z0.800 E0.28038
G1 X162.375 Y81.523 Z0.800 E0.28038
G1 X162.634 Y81.913 Z0.800 E0.28038
G1 X162.880 Y82.312 Z0.800 E0.28038
G1 X163.114 Y82.718 Z0.800 E0.28038
G1 X163.335 Y83.130 Z0.800 E0.28038
G1 X163.542 Y83.550 Z0.800 E0.28038
G1 X163.737 Y83.976 Z0.800 E0.28038
G1 X163.919 Y84.408 Z0.800 E0.28038
G1 X164.086 Y84.845 Z0.800 E0.28038
G1 X164.240 Y85.287 Z0.800 E0.28038
G1 X164.381 Y85.734 Z0.800 E0.28038
G1 X164.507 Y86.185 Z0.800 E0.28038
G1 X164.619 Y86.640 Z0.800 E0.28038
G1 X164.717 Y87.098 Z0.800 E0.28038
G1 X164.800 Y87.559 Z0.800 E0.28038
G1 X164.869 Y88.022 Z0.800 E0.28038
G1 X164.924 Y88.487 Z0.800 E0.28038
G1 X164.963 Y88.954 Z0.800 E0.28038
G1 E-3.0 F600
G92 E0
M106 S255             ; Fan 100% for air printing
; Mesh layer (n=0)
M221 S50
G1 Z7.950 F6000
G1 X165.000 Y90.000 F6000
G1 Z0.800 F3000
G1 E3.0 F300
G1 F30
G1 X164.993 Y90.474 Z0.861 E0.50515
G1 X164.970 Y90.947 Z1.422 E0.77656
G1 X164.933 Y91.419 Z1.982 E0.77656
G1 X164.881 Y91.889 Z2.543 E0.77656
G1 X164.813 Y92.358 Z3.104 E0.77656
G1 X164.732 Y92.825 Z3.665 E0.77656
G1 X164.635 Y93.288 Z4.226 E0.77656
G1 X164.524 Y93.749 Z4.786 E0.77656
G4 P3000
G1 X164.398 Y94.205 Z4.553 E0.55870
G1 X164.259 Y94.658 Z3.992 E0.77656
G1 X164.104 Y95.106 Z3.431 E0.77656
G1 X163.936 Y95.548 Z2.870 E0.77656
G1 X163.754 Y95.985 Z2.310 E0.77656
G1 X163.558 Y96.417 Z1.749 E0.77656
G1 X163.349 Y96.841 Z1.188 E0.77656
G1 X163.126 Y97.259 Z0.800 E0.64768
G4 P3000
G1 X162.891 Y97.670 Z0.800 E0.50104
G1 X162.642 Y98.073 Z1.094 E0.58999
G1 X162.381 Y98.468 Z1.655 E0.77656
G1 X162.107 Y98.855 Z2.216 E0.77656
G1 X161.822 Y99.233 Z2.777 E0.77656
G1 X161.524 Y99.601 Z3.338 E0.77656
G1 X161.216 Y99.960 Z3.898 E0.77656
G1 X160.896 Y100.310 Z4.459 E0.77656
G1 X160.565 Y100.648 Z4.880 E0.67011
G4 P3000
G1 X160.223 Y100.977 Z4.319 E0.77656
G1 X159.872 Y101.294 Z3.758 E0.77656
G1 X159.510 Y101.600 Z3.197 E0.77656
G1 X159.139 Y101.894 Z2.637 E0.77656
G1 X158.759 Y102.177 Z2.076 E0.77656
G1 X158.370 Y102.447 Z1.515 E0.77656
G1 X157.973 Y102.705 Z0.954 E0.77656
G1 X157.568 Y102.951 Z0.800 E0.52695
G4 P3000
G1 X157.156 Y103.183 Z0.800 E0.50104
G1 X156.736 Y103.403 Z1.328 E0.75049
G1 X156.309 Y103.608 Z1.889 E0.77656
G1 X155.877 Y103.801 Z2.450 E0.77656
G1 X155.438 Y103.980 Z3.011 E0.77656
G1 X154.994 Y104.144 Z3.571 E0.77656
G1 X154.545 Y104.295 Z4.132 E0.77656
G1 X154.092 Y104.431 Z4.693 E0.77656
G4 P3000
G1 X153.634 Y104.553 Z4.646 E0.50347
G1 X153.173 Y104.661 Z4.085 E0.77656
G1 X152.708 Y104.753 Z3.525 E0.77656
G1 X152.241 Y104.832 Z2.964 E0.77656
G1 X151.772 Y104.895 Z2.403 E0.77656
G1 X151.301 Y104.943 Z1.842 E0.77656
G1 X150.828 Y104.977 Z1.281 E0.77656
G1 X150.355 Y104.996 Z0.800 E0.71445
G4 P3000
G1 X149.882 Y105.000 Z0.800 E0.50104
G1 X149.408 Y104.988 Z1.001 E0.54430
G1 X148.935 Y104.962 Z1.562 E0.77656
G1 X148.463 Y104.921 Z2.123 E0.77656
G1 X147.993 Y104.865 Z2.683 E0.77656
G1 X147.525 Y104.794 Z3.244 E0.77656
G1 X147.059 Y104.709 Z3.805 E0.77656
G1 X146.596 Y104.609 Z4.366 E0.77656
G1 X146.137 Y104.494 Z4.927 E0.77656
G4 P3000
G1 X145.681 Y104.365 Z4.413 E0.73948
G1 X145.230 Y104.221 Z3.852 E0.77656
G1 X144.783 Y104.064 Z3.291 E0.77656
G1 X144.342 Y103.892 Z2.730 E0.77656
G1 X143.906 Y103.706 Z2.169 E0.77656
G1 X143.477 Y103.507 Z1.609 E0.77656
G1 X143.053 Y103.295 Z1.048 E0.77656
G1 X142.637 Y103.069 Z0.800 E0.56545
G4 P3000
G1 X142.228 Y102.830 Z0.800 E0.50104
G1 X141.827 Y102.578 Z1.235 E0.68008
G1 X141.434 Y102.314 Z1.795 E0.77656
G1 X141.050 Y102.037 Z2.356 E0.77656
G1 X140.674 Y101.749 Z2.917 E0.77656
G1 X140.308 Y101.448 Z3.478 E0.77656
G1 X139.951 Y101.137 Z4.039 E0.77656
G1 X139.605 Y100.814 Z4.599 E0.77656
G1 X139.269 Y100.480 Z4.740 E0.52253
G4 P3000
G1 X138.943 Y100.136 Z4.179 E0.77656
G1 X138.629 Y99.782 Z3.618 E0.77656
G1 X138.325 Y99.418 Z3.057 E0.77656
G1 X138.034 Y99.045 Z2.496 E0.77656
G1 X137.754 Y98.663 Z1.936 E0.77656
G1 X137.487 Y98.272 Z1.375 E0.77656
G1 X137.232 Y97.873 Z0.814 E0.77656
G1 X136.990 Y97.466 Z0.800 E0.50126
G4 P3000
G1 X136.761 Y97.051 Z0.908 E0.51379
G1 X136.545 Y96.630 Z1.468 E0.77656
G1 X136.342 Y96.202 Z2.029 E0.77656
G1 X136.153 Y95.768 Z2.590 E0.77656
G1 X135.978 Y95.328 Z3.151 E0.77656
G1 X135.817 Y94.882 Z3.712 E0.77656
G1 X135.670 Y94.432 Z4.272 E0.77656
G1 X135.537 Y93.978 Z4.833 E0.77656
G4 P3000
G1 X135.419 Y93.519 Z4.506 E0.60895
G1 X135.315 Y93.057 Z3.945 E0.77656
G1 X135.226 Y92.592 Z3.384 E0.77656
G1 X135.151 Y92.124 Z2.824 E0.77656
G1 X135.091 Y91.654 Z2.263 E0.77656
G1 X135.047 Y91.183 Z1.702 E0.77656
G1 X135.017 Y90.710 Z1.141 E0.77656
G1 X135.002 Y90.237 Z0.800 E0.61753
G4 P3000
G1 X135.002 Y89.763 Z0.800 E0.50104
G1 X135.017 Y89.290 Z1.141 E0.61753
G1 X135.047 Y88.817 Z1.702 E0.77656
G1 X135.091 Y88.346 Z2.263 E0.77656
G1 X135.151 Y87.876 Z2.824 E0.77656
G1 X135.226 Y87.408 Z3.384 E0.77656
G1 X135.315 Y86.943 Z3.945 E0.77656
G1 X135.419 Y86.481 Z4.506 E0.77656
G1 X135.537 Y86.022 Z4.833 E0.60895
G4 P3000
G1 X135.670 Y85.568 Z4.272 E0.77656
G1 X135.817 Y85.118 Z3.712 E0.77656
G1 X135.978 Y84.672 Z3.151 E0.77656
G1 X136.153 Y84.232 Z2.590 E0.77656
G1 X136.342 Y83.798 Z2.029 E0.77656
G1 X136.545 Y83.370 Z1.468 E0.77656
G1 X136.761 Y82.949 Z0.908 E0.77656
G1 X136.990 Y82.534 Z0.800 E0.51379
G4 P3000
G1 X137.232 Y82.127 Z0.814 E0.50126
G1 X137.487 Y81.728 Z1.375 E0.77656
G1 X137.754 Y81.337 Z1.936 E0.77656
G1 X138.034 Y80.955 Z2.496 E0.77656
G1 X138.325 Y80.582 Z3.057 E0.77656
G1 X138.629 Y80.218 Z3.618 E0.77656
G1 X138.943 Y79.864 Z4.179 E0.77656
G1 X139.269 Y79.520 Z4.740 E0.77656
G4 P3000
G1 X139.605 Y79.186 Z4.599 E0.52253
G1 X139.951 Y78.863 Z4.039 E0.77656
G1 X140.308 Y78.552 Z3.478 E0.77656
G1 X140.674 Y78.251 Z2.917 E0.77656
G1 X141.050 Y77.963 Z2.356 E0.77656
G1 X141.434 Y77.686 Z1.795 E0.77656
G1 X141.827 Y77.422 Z1.235 E0.77656
G1 X142.228 Y77.170 Z0.800 E0.68008
G4 P3000
G1 X142.637 Y76.931 Z0.800 E0.50104
G1 X143.053 Y76.705 Z1.048 E0.56545
G1 X143.477 Y76.493 Z1.609 E0.77656
G1 X143.906 Y76.294 Z2.169 E0.77656
G1 X144.342 Y76.108 Z2.730 E0.77656
G1 X144.783 Y75.936 Z3.291 E0.77656
G1 X145.230 Y75.779 Z3.852 E0.77656
G1 X145.681 Y75.635 Z4.413 E0.77656
G1 X146.137 Y75.506 Z4.927 E0.73948
G4 P3000
G1 X146.596 Y75.391 Z4.366 E0.77656
G1 X147.059 Y75.291 Z3.805 E0.77656
G1 X147.525 Y75.206 Z3.244 E0.77656
G1 X147.993 Y75.135 Z2.683 E0.77656
G1 X148.463 Y75.079 Z2.123 E0.77656
G1 X148.935 Y75.038 Z1.562 E0.77656
G1 X149.408 Y75.012 Z1.001 E0.77656
G1 X149.882 Y75.000 Z0.800 E0.54430
G4 P3000
G1 X150.355 Y75.004 Z0.800 E0.50104
G1 X150.828 Y75.023 Z1.281 E0.71445
G1 X151.301 Y75.057 Z1.842 E0.77656
G1 X151.772 Y75.105 Z2.403 E0.77656
G1 X152.241 Y75.168 Z2.964 E0.77656
G1 X152.708 Y75.247 Z3.525 E0.77656
G1 X153.173 Y75.339 Z4.085 E0.77656
G1 X153.634 Y75.447 Z4.646 E0.77656
G1 X154.092 Y75.569 Z4.693 E0.50347
G4 P3000
G1 X154.545 Y75.705 Z4.132 E0.77656
G1 X154.994 Y75.856 Z3.571 E0.77656
G1 X155.438 Y76.020 Z3.011 E0.77656
G1 X155.877 Y76.199 Z2.450 E0.77656
G1 X156.309 Y76.392 Z1.889 E0.77656
G1 X156.736 Y76.597 Z1.328 E0.77656
G1 X157.156 Y76.817 Z0.800 E0.75049
G4 P3000
G1 X157.568 Y77.049 Z0.800 E0.50104
G1 X157.973 Y77.295 Z0.954 E0.52695
G1 X158.370 Y77.553 Z1.515 E0.77656
G1 X158.759 Y77.823 Z2.076 E0.77656
G1 X159.139 Y78.106 Z2.637 E0.77656
G1 X159.510 Y78.400 Z3.197 E0.77656
G1 X159.872 Y78.706 Z3.758 E0.77656
G1 X160.223 Y79.023 Z4.319 E0.77656
G1 X160.565 Y79.352 Z4.880 E0.77656
G4 P3000
G1 X160.896 Y79.690 Z4.459 E0.67011
G1 X161.216 Y80.040 Z3.898 E0.77656
G1 X161.524 Y80.399 Z3.338 E0.77656
G1 X161.822 Y80.767 Z2.777 E0.77656
G1 X162.107 Y81.145 Z2.216 E0.77656
G1 X162.381 Y81.532 Z1.655 E0.77656
G1 X162.642 Y81.927 Z1.094 E0.77656
G1 X162.891 Y82.330 Z0.800 E0.58999
G4 P3000
G1 X163.126 Y82.741 Z0.800 E0.50104
G1 X163.349 Y83.159 Z1.188 E0.64768
G1 X163.558 Y83.583 Z1.749 E0.77656
G1 X163.754 Y84.015 Z2.310 E0.77656
G1 X163.936 Y84.452 Z2.870 E0.77656
G1 X164.104 Y84.894 Z3.431 E0.77656
G1 X164.259 Y85.342 Z3.992 E0.77656
G1 X164.398 Y85.795 Z4.553 E0.77656
G1 X164.524 Y86.251 Z4.786 E0.55870
G4 P3000
G1 X164.635 Y86.712 Z4.226 E0.77656
G1 X164.732 Y87.175 Z3.665 E0.77656
G1 X164.813 Y87.642 Z3.104 E0.77656
G1 X164.881 Y88.111 Z2.543 E0.77656
G1 X164.933 Y88.581 Z1.982 E0.77656
G1 X164.970 Y89.053 Z1.422 E0.77656
G1 X164.993 Y89.526 Z0.861 E0.77656
G1 X165.000 Y90.000 Z0.800 E0.50515
G1 E-3.0 F600
G92 E0
M106 S0               ; Fan off before next ring

; ============================================================
; [ 3]  Speed=0.5mm/s  Dwell=6000ms
; Center: X150 Y130
; ============================================================
; Mini purge
G1 Z3.80 F6000
G1 X135.0 Y103.0 F6000
G1 Z0.80 F2000
G92 E0
G1 E3 F150
G1 X165.0 E17.9605 F900
G1 E-3.0 F600
G92 E0
; Base ring
M221 S100
G1 Z3.80 F6000
G1 X173.000 Y130.000 F6000
G1 Z0.800 F3000
G1 X165.000 Y130.000 E7.78946 F900
G1 F900
G1 X164.993 Y130.468 Z0.800 E0.28038
G1 X164.971 Y130.936 Z0.800 E0.28038
G1 X164.934 Y131.403 Z0.800 E0.28038
G1 X164.883 Y131.869 Z0.800 E0.28038
G1 X164.818 Y132.332 Z0.800 E0.28038
G1 X164.738 Y132.794 Z0.800 E0.28038
G1 X164.643 Y133.252 Z0.800 E0.28038
G1 X164.534 Y133.708 Z0.800 E0.28038
G1 X164.412 Y134.160 Z0.800 E0.28038
G1 X164.275 Y134.608 Z0.800 E0.28038
G1 X164.124 Y135.051 Z0.800 E0.28038
G1 X163.959 Y135.490 Z0.800 E0.28038
G1 X163.781 Y135.923 Z0.800 E0.28038
G1 X163.590 Y136.350 Z0.800 E0.28038
G1 X163.385 Y136.771 Z0.800 E0.28038
G1 X163.167 Y137.186 Z0.800 E0.28038
G1 X162.936 Y137.593 Z0.800 E0.28038
G1 X162.693 Y137.993 Z0.800 E0.28038
G1 X162.437 Y138.386 Z0.800 E0.28038
G1 X162.169 Y138.770 Z0.800 E0.28038
G1 X161.889 Y139.146 Z0.800 E0.28038
G1 X161.598 Y139.512 Z0.800 E0.28038
G1 X161.296 Y139.870 Z0.800 E0.28038
G1 X160.982 Y140.217 Z0.800 E0.28038
G1 X160.658 Y140.555 Z0.800 E0.28038
G1 X160.323 Y140.883 Z0.800 E0.28038
G1 X159.978 Y141.200 Z0.800 E0.28038
G1 X159.624 Y141.506 Z0.800 E0.28038
G1 X159.260 Y141.801 Z0.800 E0.28038
G1 X158.887 Y142.084 Z0.800 E0.28038
G1 X158.505 Y142.356 Z0.800 E0.28038
G1 X158.115 Y142.615 Z0.800 E0.28038
G1 X157.718 Y142.862 Z0.800 E0.28038
G1 X157.312 Y143.097 Z0.800 E0.28038
G1 X156.900 Y143.319 Z0.800 E0.28038
G1 X156.481 Y143.528 Z0.800 E0.28038
G1 X156.055 Y143.723 Z0.800 E0.28038
G1 X155.624 Y143.906 Z0.800 E0.28038
G1 X155.187 Y144.075 Z0.800 E0.28038
G1 X154.745 Y144.230 Z0.800 E0.28038
G1 X154.299 Y144.371 Z0.800 E0.28038
G1 X153.848 Y144.498 Z0.800 E0.28038
G1 X153.393 Y144.611 Z0.800 E0.28038
G1 X152.936 Y144.710 Z0.800 E0.28038
G1 X152.475 Y144.794 Z0.800 E0.28038
G1 X152.012 Y144.864 Z0.800 E0.28038
G1 X151.547 Y144.920 Z0.800 E0.28038
G1 X151.080 Y144.961 Z0.800 E0.28038
G1 X150.613 Y144.987 Z0.800 E0.28038
G1 X150.145 Y144.999 Z0.800 E0.28038
G1 X149.676 Y144.997 Z0.800 E0.28038
G1 X149.208 Y144.979 Z0.800 E0.28038
G1 X148.741 Y144.947 Z0.800 E0.28038
G1 X148.275 Y144.901 Z0.800 E0.28038
G1 X147.811 Y144.839 Z0.800 E0.28038
G1 X147.349 Y144.764 Z0.800 E0.28038
G1 X146.889 Y144.674 Z0.800 E0.28038
G1 X146.432 Y144.570 Z0.800 E0.28038
G1 X145.979 Y144.451 Z0.800 E0.28038
G1 X145.530 Y144.319 Z0.800 E0.28038
G1 X145.085 Y144.172 Z0.800 E0.28038
G1 X144.645 Y144.012 Z0.800 E0.28038
G1 X144.211 Y143.838 Z0.800 E0.28038
G1 X143.781 Y143.650 Z0.800 E0.28038
G1 X143.358 Y143.449 Z0.800 E0.28038
G1 X142.942 Y143.236 Z0.800 E0.28038
G1 X142.532 Y143.009 Z0.800 E0.28038
G1 X142.129 Y142.769 Z0.800 E0.28038
G1 X141.735 Y142.517 Z0.800 E0.28038
G1 X141.348 Y142.253 Z0.800 E0.28038
G1 X140.970 Y141.977 Z0.800 E0.28038
G1 X140.600 Y141.689 Z0.800 E0.28038
G1 X140.240 Y141.390 Z0.800 E0.28038
G1 X139.889 Y141.080 Z0.800 E0.28038
G1 X139.548 Y140.759 Z0.800 E0.28038
G1 X139.217 Y140.427 Z0.800 E0.28038
G1 X138.897 Y140.086 Z0.800 E0.28038
G1 X138.588 Y139.734 Z0.800 E0.28038
G1 X138.289 Y139.373 Z0.800 E0.28038
G1 X138.002 Y139.003 Z0.800 E0.28038
G1 X137.727 Y138.624 Z0.800 E0.28038
G1 X137.464 Y138.237 Z0.800 E0.28038
G1 X137.213 Y137.841 Z0.800 E0.28038
G1 X136.974 Y137.438 Z0.800 E0.28038
G1 X136.748 Y137.028 Z0.800 E0.28038
G1 X136.535 Y136.611 Z0.800 E0.28038
G1 X136.336 Y136.187 Z0.800 E0.28038
G1 X136.149 Y135.758 Z0.800 E0.28038
G1 X135.976 Y135.323 Z0.800 E0.28038
G1 X135.817 Y134.882 Z0.800 E0.28038
G1 X135.671 Y134.437 Z0.800 E0.28038
G1 X135.540 Y133.988 Z0.800 E0.28038
G1 X135.422 Y133.534 Z0.800 E0.28038
G1 X135.319 Y133.077 Z0.800 E0.28038
G1 X135.230 Y132.618 Z0.800 E0.28038
G1 X135.156 Y132.155 Z0.800 E0.28038
G1 X135.096 Y131.691 Z0.800 E0.28038
G1 X135.050 Y131.225 Z0.800 E0.28038
G1 X135.019 Y130.757 Z0.800 E0.28038
G1 X135.003 Y130.289 Z0.800 E0.28038
G1 X135.001 Y129.821 Z0.800 E0.28038
G1 X135.014 Y129.353 Z0.800 E0.28038
G1 X135.041 Y128.885 Z0.800 E0.28038
G1 X135.084 Y128.419 Z0.800 E0.28038
G1 X135.140 Y127.954 Z0.800 E0.28038
G1 X135.211 Y127.491 Z0.800 E0.28038
G1 X135.297 Y127.031 Z0.800 E0.28038
G1 X135.397 Y126.573 Z0.800 E0.28038
G1 X135.511 Y126.119 Z0.800 E0.28038
G1 X135.639 Y125.669 Z0.800 E0.28038
G1 X135.781 Y125.222 Z0.800 E0.28038
G1 X135.937 Y124.781 Z0.800 E0.28038
G1 X136.107 Y124.344 Z0.800 E0.28038
G1 X136.290 Y123.913 Z0.800 E0.28038
G1 X136.487 Y123.488 Z0.800 E0.28038
G1 X136.697 Y123.070 Z0.800 E0.28038
G1 X136.920 Y122.658 Z0.800 E0.28038
G1 X137.155 Y122.253 Z0.800 E0.28038
G1 X137.403 Y121.856 Z0.800 E0.28038
G1 X137.664 Y121.467 Z0.800 E0.28038
G1 X137.936 Y121.086 Z0.800 E0.28038
G1 X138.220 Y120.713 Z0.800 E0.28038
G1 X138.516 Y120.350 Z0.800 E0.28038
G1 X138.823 Y119.996 Z0.800 E0.28038
G1 X139.141 Y119.652 Z0.800 E0.28038
G1 X139.469 Y119.318 Z0.800 E0.28038
G1 X139.808 Y118.995 Z0.800 E0.28038
G1 X140.156 Y118.682 Z0.800 E0.28038
G1 X140.514 Y118.380 Z0.800 E0.28038
G1 X140.882 Y118.090 Z0.800 E0.28038
G1 X141.258 Y117.811 Z0.800 E0.28038
G1 X141.643 Y117.544 Z0.800 E0.28038
G1 X142.036 Y117.289 Z0.800 E0.28038
G1 X142.436 Y117.047 Z0.800 E0.28038
G1 X142.844 Y116.817 Z0.800 E0.28038
G1 X143.259 Y116.600 Z0.800 E0.28038
G1 X143.681 Y116.396 Z0.800 E0.28038
G1 X144.109 Y116.205 Z0.800 E0.28038
G1 X144.542 Y116.028 Z0.800 E0.28038
G1 X144.981 Y115.865 Z0.800 E0.28038
G1 X145.425 Y115.715 Z0.800 E0.28038
G1 X145.873 Y115.579 Z0.800 E0.28038
G1 X146.325 Y115.457 Z0.800 E0.28038
G1 X146.781 Y115.349 Z0.800 E0.28038
G1 X147.240 Y115.256 Z0.800 E0.28038
G1 X147.702 Y115.177 Z0.800 E0.28038
G1 X148.165 Y115.113 Z0.800 E0.28038
G1 X148.631 Y115.063 Z0.800 E0.28038
G1 X149.098 Y115.027 Z0.800 E0.28038
G1 X149.566 Y115.006 Z0.800 E0.28038
G1 X150.034 Y115.000 Z0.800 E0.28038
G1 X150.502 Y115.008 Z0.800 E0.28038
G1 X150.970 Y115.031 Z0.800 E0.28038
G1 X151.437 Y115.069 Z0.800 E0.28038
G1 X151.902 Y115.121 Z0.800 E0.28038
G1 X152.366 Y115.188 Z0.800 E0.28038
G1 X152.827 Y115.269 Z0.800 E0.28038
G1 X153.286 Y115.364 Z0.800 E0.28038
G1 X153.741 Y115.474 Z0.800 E0.28038
G1 X154.193 Y115.598 Z0.800 E0.28038
G1 X154.640 Y115.736 Z0.800 E0.28038
G1 X155.083 Y115.888 Z0.800 E0.28038
G1 X155.521 Y116.053 Z0.800 E0.28038
G1 X155.954 Y116.232 Z0.800 E0.28038
G1 X156.381 Y116.425 Z0.800 E0.28038
G1 X156.802 Y116.631 Z0.800 E0.28038
G1 X157.216 Y116.850 Z0.800 E0.28038
G1 X157.623 Y117.081 Z0.800 E0.28038
G1 X158.022 Y117.326 Z0.800 E0.28038
G1 X158.414 Y117.582 Z0.800 E0.28038
G1 X158.798 Y117.851 Z0.800 E0.28038
G1 X159.173 Y118.131 Z0.800 E0.28038
G1 X159.539 Y118.424 Z0.800 E0.28038
G1 X159.895 Y118.727 Z0.800 E0.28038
G1 X160.242 Y119.041 Z0.800 E0.28038
G1 X160.580 Y119.366 Z0.800 E0.28038
G1 X160.906 Y119.702 Z0.800 E0.28038
G1 X161.223 Y120.047 Z0.800 E0.28038
G1 X161.528 Y120.403 Z0.800 E0.28038
G1 X161.822 Y120.767 Z0.800 E0.28038
G1 X162.104 Y121.141 Z0.800 E0.28038
G1 X162.375 Y121.523 Z0.800 E0.28038
G1 X162.634 Y121.913 Z0.800 E0.28038
G1 X162.880 Y122.312 Z0.800 E0.28038
G1 X163.114 Y122.718 Z0.800 E0.28038
G1 X163.335 Y123.130 Z0.800 E0.28038
G1 X163.542 Y123.550 Z0.800 E0.28038
G1 X163.737 Y123.976 Z0.800 E0.28038
G1 X163.919 Y124.408 Z0.800 E0.28038
G1 X164.086 Y124.845 Z0.800 E0.28038
G1 X164.240 Y125.287 Z0.800 E0.28038
G1 X164.381 Y125.734 Z0.800 E0.28038
G1 X164.507 Y126.185 Z0.800 E0.28038
G1 X164.619 Y126.640 Z0.800 E0.28038
G1 X164.717 Y127.098 Z0.800 E0.28038
G1 X164.800 Y127.559 Z0.800 E0.28038
G1 X164.869 Y128.022 Z0.800 E0.28038
G1 X164.924 Y128.487 Z0.800 E0.28038
G1 X164.963 Y128.954 Z0.800 E0.28038
G1 E-3.0 F600
G92 E0
M106 S255             ; Fan 100% for air printing
; Mesh layer (n=0)
M221 S50
G1 Z7.950 F6000
G1 X165.000 Y130.000 F6000
G1 Z0.800 F3000
G1 E3.0 F300
G1 F30
G1 X164.993 Y130.474 Z0.861 E0.50515
G1 X164.970 Y130.947 Z1.422 E0.77656
G1 X164.933 Y131.419 Z1.982 E0.77656
G1 X164.881 Y131.889 Z2.543 E0.77656
G1 X164.813 Y132.358 Z3.104 E0.77656
G1 X164.732 Y132.825 Z3.665 E0.77656
G1 X164.635 Y133.288 Z4.226 E0.77656
G1 X164.524 Y133.749 Z4.786 E0.77656
G4 P6000
G1 X164.398 Y134.205 Z4.553 E0.55870
G1 X164.259 Y134.658 Z3.992 E0.77656
G1 X164.104 Y135.106 Z3.431 E0.77656
G1 X163.936 Y135.548 Z2.870 E0.77656
G1 X163.754 Y135.985 Z2.310 E0.77656
G1 X163.558 Y136.417 Z1.749 E0.77656
G1 X163.349 Y136.841 Z1.188 E0.77656
G1 X163.126 Y137.259 Z0.800 E0.64768
G4 P6000
G1 X162.891 Y137.670 Z0.800 E0.50104
G1 X162.642 Y138.073 Z1.094 E0.58999
G1 X162.381 Y138.468 Z1.655 E0.77656
G1 X162.107 Y138.855 Z2.216 E0.77656
G1 X161.822 Y139.233 Z2.777 E0.77656
G1 X161.524 Y139.601 Z3.338 E0.77656
G1 X161.216 Y139.960 Z3.898 E0.77656
G1 X160.896 Y140.310 Z4.459 E0.77656
G1 X160.565 Y140.648 Z4.880 E0.67011
G4 P6000
G1 X160.223 Y140.977 Z4.319 E0.77656
G1 X159.872 Y141.294 Z3.758 E0.77656
G1 X159.510 Y141.600 Z3.197 E0.77656
G1 X159.139 Y141.894 Z2.637 E0.77656
G1 X158.759 Y142.177 Z2.076 E0.77656
G1 X158.370 Y142.447 Z1.515 E0.77656
G1 X157.973 Y142.705 Z0.954 E0.77656
G1 X157.568 Y142.951 Z0.800 E0.52695
G4 P6000
G1 X157.156 Y143.183 Z0.800 E0.50104
G1 X156.736 Y143.403 Z1.328 E0.75049
G1 X156.309 Y143.608 Z1.889 E0.77656
G1 X155.877 Y143.801 Z2.450 E0.77656
G1 X155.438 Y143.980 Z3.011 E0.77656
G1 X154.994 Y144.144 Z3.571 E0.77656
G1 X154.545 Y144.295 Z4.132 E0.77656
G1 X154.092 Y144.431 Z4.693 E0.77656
G4 P6000
G1 X153.634 Y144.553 Z4.646 E0.50347
G1 X153.173 Y144.661 Z4.085 E0.77656
G1 X152.708 Y144.753 Z3.525 E0.77656
G1 X152.241 Y144.832 Z2.964 E0.77656
G1 X151.772 Y144.895 Z2.403 E0.77656
G1 X151.301 Y144.943 Z1.842 E0.77656
G1 X150.828 Y144.977 Z1.281 E0.77656
G1 X150.355 Y144.996 Z0.800 E0.71445
G4 P6000
G1 X149.882 Y145.000 Z0.800 E0.50104
G1 X149.408 Y144.988 Z1.001 E0.54430
G1 X148.935 Y144.962 Z1.562 E0.77656
G1 X148.463 Y144.921 Z2.123 E0.77656
G1 X147.993 Y144.865 Z2.683 E0.77656
G1 X147.525 Y144.794 Z3.244 E0.77656
G1 X147.059 Y144.709 Z3.805 E0.77656
G1 X146.596 Y144.609 Z4.366 E0.77656
G1 X146.137 Y144.494 Z4.927 E0.77656
G4 P6000
G1 X145.681 Y144.365 Z4.413 E0.73948
G1 X145.230 Y144.221 Z3.852 E0.77656
G1 X144.783 Y144.064 Z3.291 E0.77656
G1 X144.342 Y143.892 Z2.730 E0.77656
G1 X143.906 Y143.706 Z2.169 E0.77656
G1 X143.477 Y143.507 Z1.609 E0.77656
G1 X143.053 Y143.295 Z1.048 E0.77656
G1 X142.637 Y143.069 Z0.800 E0.56545
G4 P6000
G1 X142.228 Y142.830 Z0.800 E0.50104
G1 X141.827 Y142.578 Z1.235 E0.68008
G1 X141.434 Y142.314 Z1.795 E0.77656
G1 X141.050 Y142.037 Z2.356 E0.77656
G1 X140.674 Y141.749 Z2.917 E0.77656
G1 X140.308 Y141.448 Z3.478 E0.77656
G1 X139.951 Y141.137 Z4.039 E0.77656
G1 X139.605 Y140.814 Z4.599 E0.77656
G1 X139.269 Y140.480 Z4.740 E0.52253
G4 P6000
G1 X138.943 Y140.136 Z4.179 E0.77656
G1 X138.629 Y139.782 Z3.618 E0.77656
G1 X138.325 Y139.418 Z3.057 E0.77656
G1 X138.034 Y139.045 Z2.496 E0.77656
G1 X137.754 Y138.663 Z1.936 E0.77656
G1 X137.487 Y138.272 Z1.375 E0.77656
G1 X137.232 Y137.873 Z0.814 E0.77656
G1 X136.990 Y137.466 Z0.800 E0.50126
G4 P6000
G1 X136.761 Y137.051 Z0.908 E0.51379
G1 X136.545 Y136.630 Z1.468 E0.77656
G1 X136.342 Y136.202 Z2.029 E0.77656
G1 X136.153 Y135.768 Z2.590 E0.77656
G1 X135.978 Y135.328 Z3.151 E0.77656
G1 X135.817 Y134.882 Z3.712 E0.77656
G1 X135.670 Y134.432 Z4.272 E0.77656
G1 X135.537 Y133.978 Z4.833 E0.77656
G4 P6000
G1 X135.419 Y133.519 Z4.506 E0.60895
G1 X135.315 Y133.057 Z3.945 E0.77656
G1 X135.226 Y132.592 Z3.384 E0.77656
G1 X135.151 Y132.124 Z2.824 E0.77656
G1 X135.091 Y131.654 Z2.263 E0.77656
G1 X135.047 Y131.183 Z1.702 E0.77656
G1 X135.017 Y130.710 Z1.141 E0.77656
G1 X135.002 Y130.237 Z0.800 E0.61753
G4 P6000
G1 X135.002 Y129.763 Z0.800 E0.50104
G1 X135.017 Y129.290 Z1.141 E0.61753
G1 X135.047 Y128.817 Z1.702 E0.77656
G1 X135.091 Y128.346 Z2.263 E0.77656
G1 X135.151 Y127.876 Z2.824 E0.77656
G1 X135.226 Y127.408 Z3.384 E0.77656
G1 X135.315 Y126.943 Z3.945 E0.77656
G1 X135.419 Y126.481 Z4.506 E0.77656
G1 X135.537 Y126.022 Z4.833 E0.60895
G4 P6000
G1 X135.670 Y125.568 Z4.272 E0.77656
G1 X135.817 Y125.118 Z3.712 E0.77656
G1 X135.978 Y124.672 Z3.151 E0.77656
G1 X136.153 Y124.232 Z2.590 E0.77656
G1 X136.342 Y123.798 Z2.029 E0.77656
G1 X136.545 Y123.370 Z1.468 E0.77656
G1 X136.761 Y122.949 Z0.908 E0.77656
G1 X136.990 Y122.534 Z0.800 E0.51379
G4 P6000
G1 X137.232 Y122.127 Z0.814 E0.50126
G1 X137.487 Y121.728 Z1.375 E0.77656
G1 X137.754 Y121.337 Z1.936 E0.77656
G1 X138.034 Y120.955 Z2.496 E0.77656
G1 X138.325 Y120.582 Z3.057 E0.77656
G1 X138.629 Y120.218 Z3.618 E0.77656
G1 X138.943 Y119.864 Z4.179 E0.77656
G1 X139.269 Y119.520 Z4.740 E0.77656
G4 P6000
G1 X139.605 Y119.186 Z4.599 E0.52253
G1 X139.951 Y118.863 Z4.039 E0.77656
G1 X140.308 Y118.552 Z3.478 E0.77656
G1 X140.674 Y118.251 Z2.917 E0.77656
G1 X141.050 Y117.963 Z2.356 E0.77656
G1 X141.434 Y117.686 Z1.795 E0.77656
G1 X141.827 Y117.422 Z1.235 E0.77656
G1 X142.228 Y117.170 Z0.800 E0.68008
G4 P6000
G1 X142.637 Y116.931 Z0.800 E0.50104
G1 X143.053 Y116.705 Z1.048 E0.56545
G1 X143.477 Y116.493 Z1.609 E0.77656
G1 X143.906 Y116.294 Z2.169 E0.77656
G1 X144.342 Y116.108 Z2.730 E0.77656
G1 X144.783 Y115.936 Z3.291 E0.77656
G1 X145.230 Y115.779 Z3.852 E0.77656
G1 X145.681 Y115.635 Z4.413 E0.77656
G1 X146.137 Y115.506 Z4.927 E0.73948
G4 P6000
G1 X146.596 Y115.391 Z4.366 E0.77656
G1 X147.059 Y115.291 Z3.805 E0.77656
G1 X147.525 Y115.206 Z3.244 E0.77656
G1 X147.993 Y115.135 Z2.683 E0.77656
G1 X148.463 Y115.079 Z2.123 E0.77656
G1 X148.935 Y115.038 Z1.562 E0.77656
G1 X149.408 Y115.012 Z1.001 E0.77656
G1 X149.882 Y115.000 Z0.800 E0.54430
G4 P6000
G1 X150.355 Y115.004 Z0.800 E0.50104
G1 X150.828 Y115.023 Z1.281 E0.71445
G1 X151.301 Y115.057 Z1.842 E0.77656
G1 X151.772 Y115.105 Z2.403 E0.77656
G1 X152.241 Y115.168 Z2.964 E0.77656
G1 X152.708 Y115.247 Z3.525 E0.77656
G1 X153.173 Y115.339 Z4.085 E0.77656
G1 X153.634 Y115.447 Z4.646 E0.77656
G1 X154.092 Y115.569 Z4.693 E0.50347
G4 P6000
G1 X154.545 Y115.705 Z4.132 E0.77656
G1 X154.994 Y115.856 Z3.571 E0.77656
G1 X155.438 Y116.020 Z3.011 E0.77656
G1 X155.877 Y116.199 Z2.450 E0.77656
G1 X156.309 Y116.392 Z1.889 E0.77656
G1 X156.736 Y116.597 Z1.328 E0.77656
G1 X157.156 Y116.817 Z0.800 E0.75049
G4 P6000
G1 X157.568 Y117.049 Z0.800 E0.50104
G1 X157.973 Y117.295 Z0.954 E0.52695
G1 X158.370 Y117.553 Z1.515 E0.77656
G1 X158.759 Y117.823 Z2.076 E0.77656
G1 X159.139 Y118.106 Z2.637 E0.77656
G1 X159.510 Y118.400 Z3.197 E0.77656
G1 X159.872 Y118.706 Z3.758 E0.77656
G1 X160.223 Y119.023 Z4.319 E0.77656
G1 X160.565 Y119.352 Z4.880 E0.77656
G4 P6000
G1 X160.896 Y119.690 Z4.459 E0.67011
G1 X161.216 Y120.040 Z3.898 E0.77656
G1 X161.524 Y120.399 Z3.338 E0.77656
G1 X161.822 Y120.767 Z2.777 E0.77656
G1 X162.107 Y121.145 Z2.216 E0.77656
G1 X162.381 Y121.532 Z1.655 E0.77656
G1 X162.642 Y121.927 Z1.094 E0.77656
G1 X162.891 Y122.330 Z0.800 E0.58999
G4 P6000
G1 X163.126 Y122.741 Z0.800 E0.50104
G1 X163.349 Y123.159 Z1.188 E0.64768
G1 X163.558 Y123.583 Z1.749 E0.77656
G1 X163.754 Y124.015 Z2.310 E0.77656
G1 X163.936 Y124.452 Z2.870 E0.77656
G1 X164.104 Y124.894 Z3.431 E0.77656
G1 X164.259 Y125.342 Z3.992 E0.77656
G1 X164.398 Y125.795 Z4.553 E0.77656
G1 X164.524 Y126.251 Z4.786 E0.55870
G4 P6000
G1 X164.635 Y126.712 Z4.226 E0.77656
G1 X164.732 Y127.175 Z3.665 E0.77656
G1 X164.813 Y127.642 Z3.104 E0.77656
G1 X164.881 Y128.111 Z2.543 E0.77656
G1 X164.933 Y128.581 Z1.982 E0.77656
G1 X164.970 Y129.053 Z1.422 E0.77656
G1 X164.993 Y129.526 Z0.861 E0.77656
G1 X165.000 Y130.000 Z0.800 E0.50515
G1 E-3.0 F600
G92 E0
M106 S0               ; Fan off before next ring

; ============================================================
; [ 4]  Speed=1.5mm/s  Dwell=1500ms
; Center: X150 Y170
; ============================================================
; Mini purge
G1 Z3.80 F6000
G1 X135.0 Y143.0 F6000
G1 Z0.80 F2000
G92 E0
G1 E3 F150
G1 X165.0 E17.9605 F900
G1 E-3.0 F600
G92 E0
; Base ring
M221 S100
G1 Z3.80 F6000
G1 X173.000 Y170.000 F6000
G1 Z0.800 F3000
G1 X165.000 Y170.000 E7.78946 F900
G1 F900
G1 X164.993 Y170.468 Z0.800 E0.28038
G1 X164.971 Y170.936 Z0.800 E0.28038
G1 X164.934 Y171.403 Z0.800 E0.28038
G1 X164.883 Y171.869 Z0.800 E0.28038
G1 X164.818 Y172.332 Z0.800 E0.28038
G1 X164.738 Y172.794 Z0.800 E0.28038
G1 X164.643 Y173.252 Z0.800 E0.28038
G1 X164.534 Y173.708 Z0.800 E0.28038
G1 X164.412 Y174.160 Z0.800 E0.28038
G1 X164.275 Y174.608 Z0.800 E0.28038
G1 X164.124 Y175.051 Z0.800 E0.28038
G1 X163.959 Y175.490 Z0.800 E0.28038
G1 X163.781 Y175.923 Z0.800 E0.28038
G1 X163.590 Y176.350 Z0.800 E0.28038
G1 X163.385 Y176.771 Z0.800 E0.28038
G1 X163.167 Y177.186 Z0.800 E0.28038
G1 X162.936 Y177.593 Z0.800 E0.28038
G1 X162.693 Y177.993 Z0.800 E0.28038
G1 X162.437 Y178.386 Z0.800 E0.28038
G1 X162.169 Y178.770 Z0.800 E0.28038
G1 X161.889 Y179.146 Z0.800 E0.28038
G1 X161.598 Y179.512 Z0.800 E0.28038
G1 X161.296 Y179.870 Z0.800 E0.28038
G1 X160.982 Y180.217 Z0.800 E0.28038
G1 X160.658 Y180.555 Z0.800 E0.28038
G1 X160.323 Y180.883 Z0.800 E0.28038
G1 X159.978 Y181.200 Z0.800 E0.28038
G1 X159.624 Y181.506 Z0.800 E0.28038
G1 X159.260 Y181.801 Z0.800 E0.28038
G1 X158.887 Y182.084 Z0.800 E0.28038
G1 X158.505 Y182.356 Z0.800 E0.28038
G1 X158.115 Y182.615 Z0.800 E0.28038
G1 X157.718 Y182.862 Z0.800 E0.28038
G1 X157.312 Y183.097 Z0.800 E0.28038
G1 X156.900 Y183.319 Z0.800 E0.28038
G1 X156.481 Y183.528 Z0.800 E0.28038
G1 X156.055 Y183.723 Z0.800 E0.28038
G1 X155.624 Y183.906 Z0.800 E0.28038
G1 X155.187 Y184.075 Z0.800 E0.28038
G1 X154.745 Y184.230 Z0.800 E0.28038
G1 X154.299 Y184.371 Z0.800 E0.28038
G1 X153.848 Y184.498 Z0.800 E0.28038
G1 X153.393 Y184.611 Z0.800 E0.28038
G1 X152.936 Y184.710 Z0.800 E0.28038
G1 X152.475 Y184.794 Z0.800 E0.28038
G1 X152.012 Y184.864 Z0.800 E0.28038
G1 X151.547 Y184.920 Z0.800 E0.28038
G1 X151.080 Y184.961 Z0.800 E0.28038
G1 X150.613 Y184.987 Z0.800 E0.28038
G1 X150.145 Y184.999 Z0.800 E0.28038
G1 X149.676 Y184.997 Z0.800 E0.28038
G1 X149.208 Y184.979 Z0.800 E0.28038
G1 X148.741 Y184.947 Z0.800 E0.28038
G1 X148.275 Y184.901 Z0.800 E0.28038
G1 X147.811 Y184.839 Z0.800 E0.28038
G1 X147.349 Y184.764 Z0.800 E0.28038
G1 X146.889 Y184.674 Z0.800 E0.28038
G1 X146.432 Y184.570 Z0.800 E0.28038
G1 X145.979 Y184.451 Z0.800 E0.28038
G1 X145.530 Y184.319 Z0.800 E0.28038
G1 X145.085 Y184.172 Z0.800 E0.28038
G1 X144.645 Y184.012 Z0.800 E0.28038
G1 X144.211 Y183.838 Z0.800 E0.28038
G1 X143.781 Y183.650 Z0.800 E0.28038
G1 X143.358 Y183.449 Z0.800 E0.28038
G1 X142.942 Y183.236 Z0.800 E0.28038
G1 X142.532 Y183.009 Z0.800 E0.28038
G1 X142.129 Y182.769 Z0.800 E0.28038
G1 X141.735 Y182.517 Z0.800 E0.28038
G1 X141.348 Y182.253 Z0.800 E0.28038
G1 X140.970 Y181.977 Z0.800 E0.28038
G1 X140.600 Y181.689 Z0.800 E0.28038
G1 X140.240 Y181.390 Z0.800 E0.28038
G1 X139.889 Y181.080 Z0.800 E0.28038
G1 X139.548 Y180.759 Z0.800 E0.28038
G1 X139.217 Y180.427 Z0.800 E0.28038
G1 X138.897 Y180.086 Z0.800 E0.28038
G1 X138.588 Y179.734 Z0.800 E0.28038
G1 X138.289 Y179.373 Z0.800 E0.28038
G1 X138.002 Y179.003 Z0.800 E0.28038
G1 X137.727 Y178.624 Z0.800 E0.28038
G1 X137.464 Y178.237 Z0.800 E0.28038
G1 X137.213 Y177.841 Z0.800 E0.28038
G1 X136.974 Y177.438 Z0.800 E0.28038
G1 X136.748 Y177.028 Z0.800 E0.28038
G1 X136.535 Y176.611 Z0.800 E0.28038
G1 X136.336 Y176.187 Z0.800 E0.28038
G1 X136.149 Y175.758 Z0.800 E0.28038
G1 X135.976 Y175.323 Z0.800 E0.28038
G1 X135.817 Y174.882 Z0.800 E0.28038
G1 X135.671 Y174.437 Z0.800 E0.28038
G1 X135.540 Y173.988 Z0.800 E0.28038
G1 X135.422 Y173.534 Z0.800 E0.28038
G1 X135.319 Y173.077 Z0.800 E0.28038
G1 X135.230 Y172.618 Z0.800 E0.28038
G1 X135.156 Y172.155 Z0.800 E0.28038
G1 X135.096 Y171.691 Z0.800 E0.28038
G1 X135.050 Y171.225 Z0.800 E0.28038
G1 X135.019 Y170.757 Z0.800 E0.28038
G1 X135.003 Y170.289 Z0.800 E0.28038
G1 X135.001 Y169.821 Z0.800 E0.28038
G1 X135.014 Y169.353 Z0.800 E0.28038
G1 X135.041 Y168.885 Z0.800 E0.28038
G1 X135.084 Y168.419 Z0.800 E0.28038
G1 X135.140 Y167.954 Z0.800 E0.28038
G1 X135.211 Y167.491 Z0.800 E0.28038
G1 X135.297 Y167.031 Z0.800 E0.28038
G1 X135.397 Y166.573 Z0.800 E0.28038
G1 X135.511 Y166.119 Z0.800 E0.28038
G1 X135.639 Y165.669 Z0.800 E0.28038
G1 X135.781 Y165.222 Z0.800 E0.28038
G1 X135.937 Y164.781 Z0.800 E0.28038
G1 X136.107 Y164.344 Z0.800 E0.28038
G1 X136.290 Y163.913 Z0.800 E0.28038
G1 X136.487 Y163.488 Z0.800 E0.28038
G1 X136.697 Y163.070 Z0.800 E0.28038
G1 X136.920 Y162.658 Z0.800 E0.28038
G1 X137.155 Y162.253 Z0.800 E0.28038
G1 X137.403 Y161.856 Z0.800 E0.28038
G1 X137.664 Y161.467 Z0.800 E0.28038
G1 X137.936 Y161.086 Z0.800 E0.28038
G1 X138.220 Y160.713 Z0.800 E0.28038
G1 X138.516 Y160.350 Z0.800 E0.28038
G1 X138.823 Y159.996 Z0.800 E0.28038
G1 X139.141 Y159.652 Z0.800 E0.28038
G1 X139.469 Y159.318 Z0.800 E0.28038
G1 X139.808 Y158.995 Z0.800 E0.28038
G1 X140.156 Y158.682 Z0.800 E0.28038
G1 X140.514 Y158.380 Z0.800 E0.28038
G1 X140.882 Y158.090 Z0.800 E0.28038
G1 X141.258 Y157.811 Z0.800 E0.28038
G1 X141.643 Y157.544 Z0.800 E0.28038
G1 X142.036 Y157.289 Z0.800 E0.28038
G1 X142.436 Y157.047 Z0.800 E0.28038
G1 X142.844 Y156.817 Z0.800 E0.28038
G1 X143.259 Y156.600 Z0.800 E0.28038
G1 X143.681 Y156.396 Z0.800 E0.28038
G1 X144.109 Y156.205 Z0.800 E0.28038
G1 X144.542 Y156.028 Z0.800 E0.28038
G1 X144.981 Y155.865 Z0.800 E0.28038
G1 X145.425 Y155.715 Z0.800 E0.28038
G1 X145.873 Y155.579 Z0.800 E0.28038
G1 X146.325 Y155.457 Z0.800 E0.28038
G1 X146.781 Y155.349 Z0.800 E0.28038
G1 X147.240 Y155.256 Z0.800 E0.28038
G1 X147.702 Y155.177 Z0.800 E0.28038
G1 X148.165 Y155.113 Z0.800 E0.28038
G1 X148.631 Y155.063 Z0.800 E0.28038
G1 X149.098 Y155.027 Z0.800 E0.28038
G1 X149.566 Y155.006 Z0.800 E0.28038
G1 X150.034 Y155.000 Z0.800 E0.28038
G1 X150.502 Y155.008 Z0.800 E0.28038
G1 X150.970 Y155.031 Z0.800 E0.28038
G1 X151.437 Y155.069 Z0.800 E0.28038
G1 X151.902 Y155.121 Z0.800 E0.28038
G1 X152.366 Y155.188 Z0.800 E0.28038
G1 X152.827 Y155.269 Z0.800 E0.28038
G1 X153.286 Y155.364 Z0.800 E0.28038
G1 X153.741 Y155.474 Z0.800 E0.28038
G1 X154.193 Y155.598 Z0.800 E0.28038
G1 X154.640 Y155.736 Z0.800 E0.28038
G1 X155.083 Y155.888 Z0.800 E0.28038
G1 X155.521 Y156.053 Z0.800 E0.28038
G1 X155.954 Y156.232 Z0.800 E0.28038
G1 X156.381 Y156.425 Z0.800 E0.28038
G1 X156.802 Y156.631 Z0.800 E0.28038
G1 X157.216 Y156.850 Z0.800 E0.28038
G1 X157.623 Y157.081 Z0.800 E0.28038
G1 X158.022 Y157.326 Z0.800 E0.28038
G1 X158.414 Y157.582 Z0.800 E0.28038
G1 X158.798 Y157.851 Z0.800 E0.28038
G1 X159.173 Y158.131 Z0.800 E0.28038
G1 X159.539 Y158.424 Z0.800 E0.28038
G1 X159.895 Y158.727 Z0.800 E0.28038
G1 X160.242 Y159.041 Z0.800 E0.28038
G1 X160.580 Y159.366 Z0.800 E0.28038
G1 X160.906 Y159.702 Z0.800 E0.28038
G1 X161.223 Y160.047 Z0.800 E0.28038
G1 X161.528 Y160.403 Z0.800 E0.28038
G1 X161.822 Y160.767 Z0.800 E0.28038
G1 X162.104 Y161.141 Z0.800 E0.28038
G1 X162.375 Y161.523 Z0.800 E0.28038
G1 X162.634 Y161.913 Z0.800 E0.28038
G1 X162.880 Y162.312 Z0.800 E0.28038
G1 X163.114 Y162.718 Z0.800 E0.28038
G1 X163.335 Y163.130 Z0.800 E0.28038
G1 X163.542 Y163.550 Z0.800 E0.28038
G1 X163.737 Y163.976 Z0.800 E0.28038
G1 X163.919 Y164.408 Z0.800 E0.28038
G1 X164.086 Y164.845 Z0.800 E0.28038
G1 X164.240 Y165.287 Z0.800 E0.28038
G1 X164.381 Y165.734 Z0.800 E0.28038
G1 X164.507 Y166.185 Z0.800 E0.28038
G1 X164.619 Y166.640 Z0.800 E0.28038
G1 X164.717 Y167.098 Z0.800 E0.28038
G1 X164.800 Y167.559 Z0.800 E0.28038
G1 X164.869 Y168.022 Z0.800 E0.28038
G1 X164.924 Y168.487 Z0.800 E0.28038
G1 X164.963 Y168.954 Z0.800 E0.28038
G1 E-3.0 F600
G92 E0
M106 S255             ; Fan 100% for air printing
; Mesh layer (n=0)
M221 S50
G1 Z7.950 F6000
G1 X165.000 Y170.000 F6000
G1 Z0.800 F3000
G1 E3.0 F300
G1 F90
G1 X164.993 Y170.474 Z0.861 E0.50515
G1 X164.970 Y170.947 Z1.422 E0.77656
G1 X164.933 Y171.419 Z1.982 E0.77656
G1 X164.881 Y171.889 Z2.543 E0.77656
G1 X164.813 Y172.358 Z3.104 E0.77656
G1 X164.732 Y172.825 Z3.665 E0.77656
G1 X164.635 Y173.288 Z4.226 E0.77656
G1 X164.524 Y173.749 Z4.786 E0.77656
G4 P1500
G1 X164.398 Y174.205 Z4.553 E0.55870
G1 X164.259 Y174.658 Z3.992 E0.77656
G1 X164.104 Y175.106 Z3.431 E0.77656
G1 X163.936 Y175.548 Z2.870 E0.77656
G1 X163.754 Y175.985 Z2.310 E0.77656
G1 X163.558 Y176.417 Z1.749 E0.77656
G1 X163.349 Y176.841 Z1.188 E0.77656
G1 X163.126 Y177.259 Z0.800 E0.64768
G4 P1500
G1 X162.891 Y177.670 Z0.800 E0.50104
G1 X162.642 Y178.073 Z1.094 E0.58999
G1 X162.381 Y178.468 Z1.655 E0.77656
G1 X162.107 Y178.855 Z2.216 E0.77656
G1 X161.822 Y179.233 Z2.777 E0.77656
G1 X161.524 Y179.601 Z3.338 E0.77656
G1 X161.216 Y179.960 Z3.898 E0.77656
G1 X160.896 Y180.310 Z4.459 E0.77656
G1 X160.565 Y180.648 Z4.880 E0.67011
G4 P1500
G1 X160.223 Y180.977 Z4.319 E0.77656
G1 X159.872 Y181.294 Z3.758 E0.77656
G1 X159.510 Y181.600 Z3.197 E0.77656
G1 X159.139 Y181.894 Z2.637 E0.77656
G1 X158.759 Y182.177 Z2.076 E0.77656
G1 X158.370 Y182.447 Z1.515 E0.77656
G1 X157.973 Y182.705 Z0.954 E0.77656
G1 X157.568 Y182.951 Z0.800 E0.52695
G4 P1500
G1 X157.156 Y183.183 Z0.800 E0.50104
G1 X156.736 Y183.403 Z1.328 E0.75049
G1 X156.309 Y183.608 Z1.889 E0.77656
G1 X155.877 Y183.801 Z2.450 E0.77656
G1 X155.438 Y183.980 Z3.011 E0.77656
G1 X154.994 Y184.144 Z3.571 E0.77656
G1 X154.545 Y184.295 Z4.132 E0.77656
G1 X154.092 Y184.431 Z4.693 E0.77656
G4 P1500
G1 X153.634 Y184.553 Z4.646 E0.50347
G1 X153.173 Y184.661 Z4.085 E0.77656
G1 X152.708 Y184.753 Z3.525 E0.77656
G1 X152.241 Y184.832 Z2.964 E0.77656
G1 X151.772 Y184.895 Z2.403 E0.77656
G1 X151.301 Y184.943 Z1.842 E0.77656
G1 X150.828 Y184.977 Z1.281 E0.77656
G1 X150.355 Y184.996 Z0.800 E0.71445
G4 P1500
G1 X149.882 Y185.000 Z0.800 E0.50104
G1 X149.408 Y184.988 Z1.001 E0.54430
G1 X148.935 Y184.962 Z1.562 E0.77656
G1 X148.463 Y184.921 Z2.123 E0.77656
G1 X147.993 Y184.865 Z2.683 E0.77656
G1 X147.525 Y184.794 Z3.244 E0.77656
G1 X147.059 Y184.709 Z3.805 E0.77656
G1 X146.596 Y184.609 Z4.366 E0.77656
G1 X146.137 Y184.494 Z4.927 E0.77656
G4 P1500
G1 X145.681 Y184.365 Z4.413 E0.73948
G1 X145.230 Y184.221 Z3.852 E0.77656
G1 X144.783 Y184.064 Z3.291 E0.77656
G1 X144.342 Y183.892 Z2.730 E0.77656
G1 X143.906 Y183.706 Z2.169 E0.77656
G1 X143.477 Y183.507 Z1.609 E0.77656
G1 X143.053 Y183.295 Z1.048 E0.77656
G1 X142.637 Y183.069 Z0.800 E0.56545
G4 P1500
G1 X142.228 Y182.830 Z0.800 E0.50104
G1 X141.827 Y182.578 Z1.235 E0.68008
G1 X141.434 Y182.314 Z1.795 E0.77656
G1 X141.050 Y182.037 Z2.356 E0.77656
G1 X140.674 Y181.749 Z2.917 E0.77656
G1 X140.308 Y181.448 Z3.478 E0.77656
G1 X139.951 Y181.137 Z4.039 E0.77656
G1 X139.605 Y180.814 Z4.599 E0.77656
G1 X139.269 Y180.480 Z4.740 E0.52253
G4 P1500
G1 X138.943 Y180.136 Z4.179 E0.77656
G1 X138.629 Y179.782 Z3.618 E0.77656
G1 X138.325 Y179.418 Z3.057 E0.77656
G1 X138.034 Y179.045 Z2.496 E0.77656
G1 X137.754 Y178.663 Z1.936 E0.77656
G1 X137.487 Y178.272 Z1.375 E0.77656
G1 X137.232 Y177.873 Z0.814 E0.77656
G1 X136.990 Y177.466 Z0.800 E0.50126
G4 P1500
G1 X136.761 Y177.051 Z0.908 E0.51379
G1 X136.545 Y176.630 Z1.468 E0.77656
G1 X136.342 Y176.202 Z2.029 E0.77656
G1 X136.153 Y175.768 Z2.590 E0.77656
G1 X135.978 Y175.328 Z3.151 E0.77656
G1 X135.817 Y174.882 Z3.712 E0.77656
G1 X135.670 Y174.432 Z4.272 E0.77656
G1 X135.537 Y173.978 Z4.833 E0.77656
G4 P1500
G1 X135.419 Y173.519 Z4.506 E0.60895
G1 X135.315 Y173.057 Z3.945 E0.77656
G1 X135.226 Y172.592 Z3.384 E0.77656
G1 X135.151 Y172.124 Z2.824 E0.77656
G1 X135.091 Y171.654 Z2.263 E0.77656
G1 X135.047 Y171.183 Z1.702 E0.77656
G1 X135.017 Y170.710 Z1.141 E0.77656
G1 X135.002 Y170.237 Z0.800 E0.61753
G4 P1500
G1 X135.002 Y169.763 Z0.800 E0.50104
G1 X135.017 Y169.290 Z1.141 E0.61753
G1 X135.047 Y168.817 Z1.702 E0.77656
G1 X135.091 Y168.346 Z2.263 E0.77656
G1 X135.151 Y167.876 Z2.824 E0.77656
G1 X135.226 Y167.408 Z3.384 E0.77656
G1 X135.315 Y166.943 Z3.945 E0.77656
G1 X135.419 Y166.481 Z4.506 E0.77656
G1 X135.537 Y166.022 Z4.833 E0.60895
G4 P1500
G1 X135.670 Y165.568 Z4.272 E0.77656
G1 X135.817 Y165.118 Z3.712 E0.77656
G1 X135.978 Y164.672 Z3.151 E0.77656
G1 X136.153 Y164.232 Z2.590 E0.77656
G1 X136.342 Y163.798 Z2.029 E0.77656
G1 X136.545 Y163.370 Z1.468 E0.77656
G1 X136.761 Y162.949 Z0.908 E0.77656
G1 X136.990 Y162.534 Z0.800 E0.51379
G4 P1500
G1 X137.232 Y162.127 Z0.814 E0.50126
G1 X137.487 Y161.728 Z1.375 E0.77656
G1 X137.754 Y161.337 Z1.936 E0.77656
G1 X138.034 Y160.955 Z2.496 E0.77656
G1 X138.325 Y160.582 Z3.057 E0.77656
G1 X138.629 Y160.218 Z3.618 E0.77656
G1 X138.943 Y159.864 Z4.179 E0.77656
G1 X139.269 Y159.520 Z4.740 E0.77656
G4 P1500
G1 X139.605 Y159.186 Z4.599 E0.52253
G1 X139.951 Y158.863 Z4.039 E0.77656
G1 X140.308 Y158.552 Z3.478 E0.77656
G1 X140.674 Y158.251 Z2.917 E0.77656
G1 X141.050 Y157.963 Z2.356 E0.77656
G1 X141.434 Y157.686 Z1.795 E0.77656
G1 X141.827 Y157.422 Z1.235 E0.77656
G1 X142.228 Y157.170 Z0.800 E0.68008
G4 P1500
G1 X142.637 Y156.931 Z0.800 E0.50104
G1 X143.053 Y156.705 Z1.048 E0.56545
G1 X143.477 Y156.493 Z1.609 E0.77656
G1 X143.906 Y156.294 Z2.169 E0.77656
G1 X144.342 Y156.108 Z2.730 E0.77656
G1 X144.783 Y155.936 Z3.291 E0.77656
G1 X145.230 Y155.779 Z3.852 E0.77656
G1 X145.681 Y155.635 Z4.413 E0.77656
G1 X146.137 Y155.506 Z4.927 E0.73948
G4 P1500
G1 X146.596 Y155.391 Z4.366 E0.77656
G1 X147.059 Y155.291 Z3.805 E0.77656
G1 X147.525 Y155.206 Z3.244 E0.77656
G1 X147.993 Y155.135 Z2.683 E0.77656
G1 X148.463 Y155.079 Z2.123 E0.77656
G1 X148.935 Y155.038 Z1.562 E0.77656
G1 X149.408 Y155.012 Z1.001 E0.77656
G1 X149.882 Y155.000 Z0.800 E0.54430
G4 P1500
G1 X150.355 Y155.004 Z0.800 E0.50104
G1 X150.828 Y155.023 Z1.281 E0.71445
G1 X151.301 Y155.057 Z1.842 E0.77656
G1 X151.772 Y155.105 Z2.403 E0.77656
G1 X152.241 Y155.168 Z2.964 E0.77656
G1 X152.708 Y155.247 Z3.525 E0.77656
G1 X153.173 Y155.339 Z4.085 E0.77656
G1 X153.634 Y155.447 Z4.646 E0.77656
G1 X154.092 Y155.569 Z4.693 E0.50347
G4 P1500
G1 X154.545 Y155.705 Z4.132 E0.77656
G1 X154.994 Y155.856 Z3.571 E0.77656
G1 X155.438 Y156.020 Z3.011 E0.77656
G1 X155.877 Y156.199 Z2.450 E0.77656
G1 X156.309 Y156.392 Z1.889 E0.77656
G1 X156.736 Y156.597 Z1.328 E0.77656
G1 X157.156 Y156.817 Z0.800 E0.75049
G4 P1500
G1 X157.568 Y157.049 Z0.800 E0.50104
G1 X157.973 Y157.295 Z0.954 E0.52695
G1 X158.370 Y157.553 Z1.515 E0.77656
G1 X158.759 Y157.823 Z2.076 E0.77656
G1 X159.139 Y158.106 Z2.637 E0.77656
G1 X159.510 Y158.400 Z3.197 E0.77656
G1 X159.872 Y158.706 Z3.758 E0.77656
G1 X160.223 Y159.023 Z4.319 E0.77656
G1 X160.565 Y159.352 Z4.880 E0.77656
G4 P1500
G1 X160.896 Y159.690 Z4.459 E0.67011
G1 X161.216 Y160.040 Z3.898 E0.77656
G1 X161.524 Y160.399 Z3.338 E0.77656
G1 X161.822 Y160.767 Z2.777 E0.77656
G1 X162.107 Y161.145 Z2.216 E0.77656
G1 X162.381 Y161.532 Z1.655 E0.77656
G1 X162.642 Y161.927 Z1.094 E0.77656
G1 X162.891 Y162.330 Z0.800 E0.58999
G4 P1500
G1 X163.126 Y162.741 Z0.800 E0.50104
G1 X163.349 Y163.159 Z1.188 E0.64768
G1 X163.558 Y163.583 Z1.749 E0.77656
G1 X163.754 Y164.015 Z2.310 E0.77656
G1 X163.936 Y164.452 Z2.870 E0.77656
G1 X164.104 Y164.894 Z3.431 E0.77656
G1 X164.259 Y165.342 Z3.992 E0.77656
G1 X164.398 Y165.795 Z4.553 E0.77656
G1 X164.524 Y166.251 Z4.786 E0.55870
G4 P1500
G1 X164.635 Y166.712 Z4.226 E0.77656
G1 X164.732 Y167.175 Z3.665 E0.77656
G1 X164.813 Y167.642 Z3.104 E0.77656
G1 X164.881 Y168.111 Z2.543 E0.77656
G1 X164.933 Y168.581 Z1.982 E0.77656
G1 X164.970 Y169.053 Z1.422 E0.77656
G1 X164.993 Y169.526 Z0.861 E0.77656
G1 X165.000 Y170.000 Z0.800 E0.50515
G1 E-3.0 F600
G92 E0
M106 S0               ; Fan off before next ring

; ============================================================
; [ 5]  Speed=1.5mm/s  Dwell=3000ms
; Center: X150 Y210
; ============================================================
; Mini purge
G1 Z3.80 F6000
G1 X135.0 Y183.0 F6000
G1 Z0.80 F2000
G92 E0
G1 E3 F150
G1 X165.0 E17.9605 F900
G1 E-3.0 F600
G92 E0
; Base ring
M221 S100
G1 Z3.80 F6000
G1 X173.000 Y210.000 F6000
G1 Z0.800 F3000
G1 X165.000 Y210.000 E7.78946 F900
G1 F900
G1 X164.993 Y210.468 Z0.800 E0.28038
G1 X164.971 Y210.936 Z0.800 E0.28038
G1 X164.934 Y211.403 Z0.800 E0.28038
G1 X164.883 Y211.869 Z0.800 E0.28038
G1 X164.818 Y212.332 Z0.800 E0.28038
G1 X164.738 Y212.794 Z0.800 E0.28038
G1 X164.643 Y213.252 Z0.800 E0.28038
G1 X164.534 Y213.708 Z0.800 E0.28038
G1 X164.412 Y214.160 Z0.800 E0.28038
G1 X164.275 Y214.608 Z0.800 E0.28038
G1 X164.124 Y215.051 Z0.800 E0.28038
G1 X163.959 Y215.490 Z0.800 E0.28038
G1 X163.781 Y215.923 Z0.800 E0.28038
G1 X163.590 Y216.350 Z0.800 E0.28038
G1 X163.385 Y216.771 Z0.800 E0.28038
G1 X163.167 Y217.186 Z0.800 E0.28038
G1 X162.936 Y217.593 Z0.800 E0.28038
G1 X162.693 Y217.993 Z0.800 E0.28038
G1 X162.437 Y218.386 Z0.800 E0.28038
G1 X162.169 Y218.770 Z0.800 E0.28038
G1 X161.889 Y219.146 Z0.800 E0.28038
G1 X161.598 Y219.512 Z0.800 E0.28038
G1 X161.296 Y219.870 Z0.800 E0.28038
G1 X160.982 Y220.217 Z0.800 E0.28038
G1 X160.658 Y220.555 Z0.800 E0.28038
G1 X160.323 Y220.883 Z0.800 E0.28038
G1 X159.978 Y221.200 Z0.800 E0.28038
G1 X159.624 Y221.506 Z0.800 E0.28038
G1 X159.260 Y221.801 Z0.800 E0.28038
G1 X158.887 Y222.084 Z0.800 E0.28038
G1 X158.505 Y222.356 Z0.800 E0.28038
G1 X158.115 Y222.615 Z0.800 E0.28038
G1 X157.718 Y222.862 Z0.800 E0.28038
G1 X157.312 Y223.097 Z0.800 E0.28038
G1 X156.900 Y223.319 Z0.800 E0.28038
G1 X156.481 Y223.528 Z0.800 E0.28038
G1 X156.055 Y223.723 Z0.800 E0.28038
G1 X155.624 Y223.906 Z0.800 E0.28038
G1 X155.187 Y224.075 Z0.800 E0.28038
G1 X154.745 Y224.230 Z0.800 E0.28038
G1 X154.299 Y224.371 Z0.800 E0.28038
G1 X153.848 Y224.498 Z0.800 E0.28038
G1 X153.393 Y224.611 Z0.800 E0.28038
G1 X152.936 Y224.710 Z0.800 E0.28038
G1 X152.475 Y224.794 Z0.800 E0.28038
G1 X152.012 Y224.864 Z0.800 E0.28038
G1 X151.547 Y224.920 Z0.800 E0.28038
G1 X151.080 Y224.961 Z0.800 E0.28038
G1 X150.613 Y224.987 Z0.800 E0.28038
G1 X150.145 Y224.999 Z0.800 E0.28038
G1 X149.676 Y224.997 Z0.800 E0.28038
G1 X149.208 Y224.979 Z0.800 E0.28038
G1 X148.741 Y224.947 Z0.800 E0.28038
G1 X148.275 Y224.901 Z0.800 E0.28038
G1 X147.811 Y224.839 Z0.800 E0.28038
G1 X147.349 Y224.764 Z0.800 E0.28038
G1 X146.889 Y224.674 Z0.800 E0.28038
G1 X146.432 Y224.570 Z0.800 E0.28038
G1 X145.979 Y224.451 Z0.800 E0.28038
G1 X145.530 Y224.319 Z0.800 E0.28038
G1 X145.085 Y224.172 Z0.800 E0.28038
G1 X144.645 Y224.012 Z0.800 E0.28038
G1 X144.211 Y223.838 Z0.800 E0.28038
G1 X143.781 Y223.650 Z0.800 E0.28038
G1 X143.358 Y223.449 Z0.800 E0.28038
G1 X142.942 Y223.236 Z0.800 E0.28038
G1 X142.532 Y223.009 Z0.800 E0.28038
G1 X142.129 Y222.769 Z0.800 E0.28038
G1 X141.735 Y222.517 Z0.800 E0.28038
G1 X141.348 Y222.253 Z0.800 E0.28038
G1 X140.970 Y221.977 Z0.800 E0.28038
G1 X140.600 Y221.689 Z0.800 E0.28038
G1 X140.240 Y221.390 Z0.800 E0.28038
G1 X139.889 Y221.080 Z0.800 E0.28038
G1 X139.548 Y220.759 Z0.800 E0.28038
G1 X139.217 Y220.427 Z0.800 E0.28038
G1 X138.897 Y220.086 Z0.800 E0.28038
G1 X138.588 Y219.734 Z0.800 E0.28038
G1 X138.289 Y219.373 Z0.800 E0.28038
G1 X138.002 Y219.003 Z0.800 E0.28038
G1 X137.727 Y218.624 Z0.800 E0.28038
G1 X137.464 Y218.237 Z0.800 E0.28038
G1 X137.213 Y217.841 Z0.800 E0.28038
G1 X136.974 Y217.438 Z0.800 E0.28038
G1 X136.748 Y217.028 Z0.800 E0.28038
G1 X136.535 Y216.611 Z0.800 E0.28038
G1 X136.336 Y216.187 Z0.800 E0.28038
G1 X136.149 Y215.758 Z0.800 E0.28038
G1 X135.976 Y215.323 Z0.800 E0.28038
G1 X135.817 Y214.882 Z0.800 E0.28038
G1 X135.671 Y214.437 Z0.800 E0.28038
G1 X135.540 Y213.988 Z0.800 E0.28038
G1 X135.422 Y213.534 Z0.800 E0.28038
G1 X135.319 Y213.077 Z0.800 E0.28038
G1 X135.230 Y212.618 Z0.800 E0.28038
G1 X135.156 Y212.155 Z0.800 E0.28038
G1 X135.096 Y211.691 Z0.800 E0.28038
G1 X135.050 Y211.225 Z0.800 E0.28038
G1 X135.019 Y210.757 Z0.800 E0.28038
G1 X135.003 Y210.289 Z0.800 E0.28038
G1 X135.001 Y209.821 Z0.800 E0.28038
G1 X135.014 Y209.353 Z0.800 E0.28038
G1 X135.041 Y208.885 Z0.800 E0.28038
G1 X135.084 Y208.419 Z0.800 E0.28038
G1 X135.140 Y207.954 Z0.800 E0.28038
G1 X135.211 Y207.491 Z0.800 E0.28038
G1 X135.297 Y207.031 Z0.800 E0.28038
G1 X135.397 Y206.573 Z0.800 E0.28038
G1 X135.511 Y206.119 Z0.800 E0.28038
G1 X135.639 Y205.669 Z0.800 E0.28038
G1 X135.781 Y205.222 Z0.800 E0.28038
G1 X135.937 Y204.781 Z0.800 E0.28038
G1 X136.107 Y204.344 Z0.800 E0.28038
G1 X136.290 Y203.913 Z0.800 E0.28038
G1 X136.487 Y203.488 Z0.800 E0.28038
G1 X136.697 Y203.070 Z0.800 E0.28038
G1 X136.920 Y202.658 Z0.800 E0.28038
G1 X137.155 Y202.253 Z0.800 E0.28038
G1 X137.403 Y201.856 Z0.800 E0.28038
G1 X137.664 Y201.467 Z0.800 E0.28038
G1 X137.936 Y201.086 Z0.800 E0.28038
G1 X138.220 Y200.713 Z0.800 E0.28038
G1 X138.516 Y200.350 Z0.800 E0.28038
G1 X138.823 Y199.996 Z0.800 E0.28038
G1 X139.141 Y199.652 Z0.800 E0.28038
G1 X139.469 Y199.318 Z0.800 E0.28038
G1 X139.808 Y198.995 Z0.800 E0.28038
G1 X140.156 Y198.682 Z0.800 E0.28038
G1 X140.514 Y198.380 Z0.800 E0.28038
G1 X140.882 Y198.090 Z0.800 E0.28038
G1 X141.258 Y197.811 Z0.800 E0.28038
G1 X141.643 Y197.544 Z0.800 E0.28038
G1 X142.036 Y197.289 Z0.800 E0.28038
G1 X142.436 Y197.047 Z0.800 E0.28038
G1 X142.844 Y196.817 Z0.800 E0.28038
G1 X143.259 Y196.600 Z0.800 E0.28038
G1 X143.681 Y196.396 Z0.800 E0.28038
G1 X144.109 Y196.205 Z0.800 E0.28038
G1 X144.542 Y196.028 Z0.800 E0.28038
G1 X144.981 Y195.865 Z0.800 E0.28038
G1 X145.425 Y195.715 Z0.800 E0.28038
G1 X145.873 Y195.579 Z0.800 E0.28038
G1 X146.325 Y195.457 Z0.800 E0.28038
G1 X146.781 Y195.349 Z0.800 E0.28038
G1 X147.240 Y195.256 Z0.800 E0.28038
G1 X147.702 Y195.177 Z0.800 E0.28038
G1 X148.165 Y195.113 Z0.800 E0.28038
G1 X148.631 Y195.063 Z0.800 E0.28038
G1 X149.098 Y195.027 Z0.800 E0.28038
G1 X149.566 Y195.006 Z0.800 E0.28038
G1 X150.034 Y195.000 Z0.800 E0.28038
G1 X150.502 Y195.008 Z0.800 E0.28038
G1 X150.970 Y195.031 Z0.800 E0.28038
G1 X151.437 Y195.069 Z0.800 E0.28038
G1 X151.902 Y195.121 Z0.800 E0.28038
G1 X152.366 Y195.188 Z0.800 E0.28038
G1 X152.827 Y195.269 Z0.800 E0.28038
G1 X153.286 Y195.364 Z0.800 E0.28038
G1 X153.741 Y195.474 Z0.800 E0.28038
G1 X154.193 Y195.598 Z0.800 E0.28038
G1 X154.640 Y195.736 Z0.800 E0.28038
G1 X155.083 Y195.888 Z0.800 E0.28038
G1 X155.521 Y196.053 Z0.800 E0.28038
G1 X155.954 Y196.232 Z0.800 E0.28038
G1 X156.381 Y196.425 Z0.800 E0.28038
G1 X156.802 Y196.631 Z0.800 E0.28038
G1 X157.216 Y196.850 Z0.800 E0.28038
G1 X157.623 Y197.081 Z0.800 E0.28038
G1 X158.022 Y197.326 Z0.800 E0.28038
G1 X158.414 Y197.582 Z0.800 E0.28038
G1 X158.798 Y197.851 Z0.800 E0.28038
G1 X159.173 Y198.131 Z0.800 E0.28038
G1 X159.539 Y198.424 Z0.800 E0.28038
G1 X159.895 Y198.727 Z0.800 E0.28038
G1 X160.242 Y199.041 Z0.800 E0.28038
G1 X160.580 Y199.366 Z0.800 E0.28038
G1 X160.906 Y199.702 Z0.800 E0.28038
G1 X161.223 Y200.047 Z0.800 E0.28038
G1 X161.528 Y200.403 Z0.800 E0.28038
G1 X161.822 Y200.767 Z0.800 E0.28038
G1 X162.104 Y201.141 Z0.800 E0.28038
G1 X162.375 Y201.523 Z0.800 E0.28038
G1 X162.634 Y201.913 Z0.800 E0.28038
G1 X162.880 Y202.312 Z0.800 E0.28038
G1 X163.114 Y202.718 Z0.800 E0.28038
G1 X163.335 Y203.130 Z0.800 E0.28038
G1 X163.542 Y203.550 Z0.800 E0.28038
G1 X163.737 Y203.976 Z0.800 E0.28038
G1 X163.919 Y204.408 Z0.800 E0.28038
G1 X164.086 Y204.845 Z0.800 E0.28038
G1 X164.240 Y205.287 Z0.800 E0.28038
G1 X164.381 Y205.734 Z0.800 E0.28038
G1 X164.507 Y206.185 Z0.800 E0.28038
G1 X164.619 Y206.640 Z0.800 E0.28038
G1 X164.717 Y207.098 Z0.800 E0.28038
G1 X164.800 Y207.559 Z0.800 E0.28038
G1 X164.869 Y208.022 Z0.800 E0.28038
G1 X164.924 Y208.487 Z0.800 E0.28038
G1 X164.963 Y208.954 Z0.800 E0.28038
G1 E-3.0 F600
G92 E0
M106 S255             ; Fan 100% for air printing
; Mesh layer (n=0)
M221 S50
G1 Z7.950 F6000
G1 X165.000 Y210.000 F6000
G1 Z0.800 F3000
G1 E3.0 F300
G1 F90
G1 X164.993 Y210.474 Z0.861 E0.50515
G1 X164.970 Y210.947 Z1.422 E0.77656
G1 X164.933 Y211.419 Z1.982 E0.77656
G1 X164.881 Y211.889 Z2.543 E0.77656
G1 X164.813 Y212.358 Z3.104 E0.77656
G1 X164.732 Y212.825 Z3.665 E0.77656
G1 X164.635 Y213.288 Z4.226 E0.77656
G1 X164.524 Y213.749 Z4.786 E0.77656
G4 P3000
G1 X164.398 Y214.205 Z4.553 E0.55870
G1 X164.259 Y214.658 Z3.992 E0.77656
G1 X164.104 Y215.106 Z3.431 E0.77656
G1 X163.936 Y215.548 Z2.870 E0.77656
G1 X163.754 Y215.985 Z2.310 E0.77656
G1 X163.558 Y216.417 Z1.749 E0.77656
G1 X163.349 Y216.841 Z1.188 E0.77656
G1 X163.126 Y217.259 Z0.800 E0.64768
G4 P3000
G1 X162.891 Y217.670 Z0.800 E0.50104
G1 X162.642 Y218.073 Z1.094 E0.58999
G1 X162.381 Y218.468 Z1.655 E0.77656
G1 X162.107 Y218.855 Z2.216 E0.77656
G1 X161.822 Y219.233 Z2.777 E0.77656
G1 X161.524 Y219.601 Z3.338 E0.77656
G1 X161.216 Y219.960 Z3.898 E0.77656
G1 X160.896 Y220.310 Z4.459 E0.77656
G1 X160.565 Y220.648 Z4.880 E0.67011
G4 P3000
G1 X160.223 Y220.977 Z4.319 E0.77656
G1 X159.872 Y221.294 Z3.758 E0.77656
G1 X159.510 Y221.600 Z3.197 E0.77656
G1 X159.139 Y221.894 Z2.637 E0.77656
G1 X158.759 Y222.177 Z2.076 E0.77656
G1 X158.370 Y222.447 Z1.515 E0.77656
G1 X157.973 Y222.705 Z0.954 E0.77656
G1 X157.568 Y222.951 Z0.800 E0.52695
G4 P3000
G1 X157.156 Y223.183 Z0.800 E0.50104
G1 X156.736 Y223.403 Z1.328 E0.75049
G1 X156.309 Y223.608 Z1.889 E0.77656
G1 X155.877 Y223.801 Z2.450 E0.77656
G1 X155.438 Y223.980 Z3.011 E0.77656
G1 X154.994 Y224.144 Z3.571 E0.77656
G1 X154.545 Y224.295 Z4.132 E0.77656
G1 X154.092 Y224.431 Z4.693 E0.77656
G4 P3000
G1 X153.634 Y224.553 Z4.646 E0.50347
G1 X153.173 Y224.661 Z4.085 E0.77656
G1 X152.708 Y224.753 Z3.525 E0.77656
G1 X152.241 Y224.832 Z2.964 E0.77656
G1 X151.772 Y224.895 Z2.403 E0.77656
G1 X151.301 Y224.943 Z1.842 E0.77656
G1 X150.828 Y224.977 Z1.281 E0.77656
G1 X150.355 Y224.996 Z0.800 E0.71445
G4 P3000
G1 X149.882 Y225.000 Z0.800 E0.50104
G1 X149.408 Y224.988 Z1.001 E0.54430
G1 X148.935 Y224.962 Z1.562 E0.77656
G1 X148.463 Y224.921 Z2.123 E0.77656
G1 X147.993 Y224.865 Z2.683 E0.77656
G1 X147.525 Y224.794 Z3.244 E0.77656
G1 X147.059 Y224.709 Z3.805 E0.77656
G1 X146.596 Y224.609 Z4.366 E0.77656
G1 X146.137 Y224.494 Z4.927 E0.77656
G4 P3000
G1 X145.681 Y224.365 Z4.413 E0.73948
G1 X145.230 Y224.221 Z3.852 E0.77656
G1 X144.783 Y224.064 Z3.291 E0.77656
G1 X144.342 Y223.892 Z2.730 E0.77656
G1 X143.906 Y223.706 Z2.169 E0.77656
G1 X143.477 Y223.507 Z1.609 E0.77656
G1 X143.053 Y223.295 Z1.048 E0.77656
G1 X142.637 Y223.069 Z0.800 E0.56545
G4 P3000
G1 X142.228 Y222.830 Z0.800 E0.50104
G1 X141.827 Y222.578 Z1.235 E0.68008
G1 X141.434 Y222.314 Z1.795 E0.77656
G1 X141.050 Y222.037 Z2.356 E0.77656
G1 X140.674 Y221.749 Z2.917 E0.77656
G1 X140.308 Y221.448 Z3.478 E0.77656
G1 X139.951 Y221.137 Z4.039 E0.77656
G1 X139.605 Y220.814 Z4.599 E0.77656
G1 X139.269 Y220.480 Z4.740 E0.52253
G4 P3000
G1 X138.943 Y220.136 Z4.179 E0.77656
G1 X138.629 Y219.782 Z3.618 E0.77656
G1 X138.325 Y219.418 Z3.057 E0.77656
G1 X138.034 Y219.045 Z2.496 E0.77656
G1 X137.754 Y218.663 Z1.936 E0.77656
G1 X137.487 Y218.272 Z1.375 E0.77656
G1 X137.232 Y217.873 Z0.814 E0.77656
G1 X136.990 Y217.466 Z0.800 E0.50126
G4 P3000
G1 X136.761 Y217.051 Z0.908 E0.51379
G1 X136.545 Y216.630 Z1.468 E0.77656
G1 X136.342 Y216.202 Z2.029 E0.77656
G1 X136.153 Y215.768 Z2.590 E0.77656
G1 X135.978 Y215.328 Z3.151 E0.77656
G1 X135.817 Y214.882 Z3.712 E0.77656
G1 X135.670 Y214.432 Z4.272 E0.77656
G1 X135.537 Y213.978 Z4.833 E0.77656
G4 P3000
G1 X135.419 Y213.519 Z4.506 E0.60895
G1 X135.315 Y213.057 Z3.945 E0.77656
G1 X135.226 Y212.592 Z3.384 E0.77656
G1 X135.151 Y212.124 Z2.824 E0.77656
G1 X135.091 Y211.654 Z2.263 E0.77656
G1 X135.047 Y211.183 Z1.702 E0.77656
G1 X135.017 Y210.710 Z1.141 E0.77656
G1 X135.002 Y210.237 Z0.800 E0.61753
G4 P3000
G1 X135.002 Y209.763 Z0.800 E0.50104
G1 X135.017 Y209.290 Z1.141 E0.61753
G1 X135.047 Y208.817 Z1.702 E0.77656
G1 X135.091 Y208.346 Z2.263 E0.77656
G1 X135.151 Y207.876 Z2.824 E0.77656
G1 X135.226 Y207.408 Z3.384 E0.77656
G1 X135.315 Y206.943 Z3.945 E0.77656
G1 X135.419 Y206.481 Z4.506 E0.77656
G1 X135.537 Y206.022 Z4.833 E0.60895
G4 P3000
G1 X135.670 Y205.568 Z4.272 E0.77656
G1 X135.817 Y205.118 Z3.712 E0.77656
G1 X135.978 Y204.672 Z3.151 E0.77656
G1 X136.153 Y204.232 Z2.590 E0.77656
G1 X136.342 Y203.798 Z2.029 E0.77656
G1 X136.545 Y203.370 Z1.468 E0.77656
G1 X136.761 Y202.949 Z0.908 E0.77656
G1 X136.990 Y202.534 Z0.800 E0.51379
G4 P3000
G1 X137.232 Y202.127 Z0.814 E0.50126
G1 X137.487 Y201.728 Z1.375 E0.77656
G1 X137.754 Y201.337 Z1.936 E0.77656
G1 X138.034 Y200.955 Z2.496 E0.77656
G1 X138.325 Y200.582 Z3.057 E0.77656
G1 X138.629 Y200.218 Z3.618 E0.77656
G1 X138.943 Y199.864 Z4.179 E0.77656
G1 X139.269 Y199.520 Z4.740 E0.77656
G4 P3000
G1 X139.605 Y199.186 Z4.599 E0.52253
G1 X139.951 Y198.863 Z4.039 E0.77656
G1 X140.308 Y198.552 Z3.478 E0.77656
G1 X140.674 Y198.251 Z2.917 E0.77656
G1 X141.050 Y197.963 Z2.356 E0.77656
G1 X141.434 Y197.686 Z1.795 E0.77656
G1 X141.827 Y197.422 Z1.235 E0.77656
G1 X142.228 Y197.170 Z0.800 E0.68008
G4 P3000
G1 X142.637 Y196.931 Z0.800 E0.50104
G1 X143.053 Y196.705 Z1.048 E0.56545
G1 X143.477 Y196.493 Z1.609 E0.77656
G1 X143.906 Y196.294 Z2.169 E0.77656
G1 X144.342 Y196.108 Z2.730 E0.77656
G1 X144.783 Y195.936 Z3.291 E0.77656
G1 X145.230 Y195.779 Z3.852 E0.77656
G1 X145.681 Y195.635 Z4.413 E0.77656
G1 X146.137 Y195.506 Z4.927 E0.73948
G4 P3000
G1 X146.596 Y195.391 Z4.366 E0.77656
G1 X147.059 Y195.291 Z3.805 E0.77656
G1 X147.525 Y195.206 Z3.244 E0.77656
G1 X147.993 Y195.135 Z2.683 E0.77656
G1 X148.463 Y195.079 Z2.123 E0.77656
G1 X148.935 Y195.038 Z1.562 E0.77656
G1 X149.408 Y195.012 Z1.001 E0.77656
G1 X149.882 Y195.000 Z0.800 E0.54430
G4 P3000
G1 X150.355 Y195.004 Z0.800 E0.50104
G1 X150.828 Y195.023 Z1.281 E0.71445
G1 X151.301 Y195.057 Z1.842 E0.77656
G1 X151.772 Y195.105 Z2.403 E0.77656
G1 X152.241 Y195.168 Z2.964 E0.77656
G1 X152.708 Y195.247 Z3.525 E0.77656
G1 X153.173 Y195.339 Z4.085 E0.77656
G1 X153.634 Y195.447 Z4.646 E0.77656
G1 X154.092 Y195.569 Z4.693 E0.50347
G4 P3000
G1 X154.545 Y195.705 Z4.132 E0.77656
G1 X154.994 Y195.856 Z3.571 E0.77656
G1 X155.438 Y196.020 Z3.011 E0.77656
G1 X155.877 Y196.199 Z2.450 E0.77656
G1 X156.309 Y196.392 Z1.889 E0.77656
G1 X156.736 Y196.597 Z1.328 E0.77656
G1 X157.156 Y196.817 Z0.800 E0.75049
G4 P3000
G1 X157.568 Y197.049 Z0.800 E0.50104
G1 X157.973 Y197.295 Z0.954 E0.52695
G1 X158.370 Y197.553 Z1.515 E0.77656
G1 X158.759 Y197.823 Z2.076 E0.77656
G1 X159.139 Y198.106 Z2.637 E0.77656
G1 X159.510 Y198.400 Z3.197 E0.77656
G1 X159.872 Y198.706 Z3.758 E0.77656
G1 X160.223 Y199.023 Z4.319 E0.77656
G1 X160.565 Y199.352 Z4.880 E0.77656
G4 P3000
G1 X160.896 Y199.690 Z4.459 E0.67011
G1 X161.216 Y200.040 Z3.898 E0.77656
G1 X161.524 Y200.399 Z3.338 E0.77656
G1 X161.822 Y200.767 Z2.777 E0.77656
G1 X162.107 Y201.145 Z2.216 E0.77656
G1 X162.381 Y201.532 Z1.655 E0.77656
G1 X162.642 Y201.927 Z1.094 E0.77656
G1 X162.891 Y202.330 Z0.800 E0.58999
G4 P3000
G1 X163.126 Y202.741 Z0.800 E0.50104
G1 X163.349 Y203.159 Z1.188 E0.64768
G1 X163.558 Y203.583 Z1.749 E0.77656
G1 X163.754 Y204.015 Z2.310 E0.77656
G1 X163.936 Y204.452 Z2.870 E0.77656
G1 X164.104 Y204.894 Z3.431 E0.77656
G1 X164.259 Y205.342 Z3.992 E0.77656
G1 X164.398 Y205.795 Z4.553 E0.77656
G1 X164.524 Y206.251 Z4.786 E0.55870
G4 P3000
G1 X164.635 Y206.712 Z4.226 E0.77656
G1 X164.732 Y207.175 Z3.665 E0.77656
G1 X164.813 Y207.642 Z3.104 E0.77656
G1 X164.881 Y208.111 Z2.543 E0.77656
G1 X164.933 Y208.581 Z1.982 E0.77656
G1 X164.970 Y209.053 Z1.422 E0.77656
G1 X164.993 Y209.526 Z0.861 E0.77656
G1 X165.000 Y210.000 Z0.800 E0.50515
G1 E-3.0 F600
G92 E0
M106 S0               ; Fan off before next ring

; ============================================================
; [ 6]  Speed=1.5mm/s  Dwell=6000ms
; Center: X150 Y250
; ============================================================
; Mini purge
G1 Z3.80 F6000
G1 X135.0 Y223.0 F6000
G1 Z0.80 F2000
G92 E0
G1 E3 F150
G1 X165.0 E17.9605 F900
G1 E-3.0 F600
G92 E0
; Base ring
M221 S100
G1 Z3.80 F6000
G1 X173.000 Y250.000 F6000
G1 Z0.800 F3000
G1 X165.000 Y250.000 E7.78946 F900
G1 F900
G1 X164.993 Y250.468 Z0.800 E0.28038
G1 X164.971 Y250.936 Z0.800 E0.28038
G1 X164.934 Y251.403 Z0.800 E0.28038
G1 X164.883 Y251.869 Z0.800 E0.28038
G1 X164.818 Y252.332 Z0.800 E0.28038
G1 X164.738 Y252.794 Z0.800 E0.28038
G1 X164.643 Y253.252 Z0.800 E0.28038
G1 X164.534 Y253.708 Z0.800 E0.28038
G1 X164.412 Y254.160 Z0.800 E0.28038
G1 X164.275 Y254.608 Z0.800 E0.28038
G1 X164.124 Y255.051 Z0.800 E0.28038
G1 X163.959 Y255.490 Z0.800 E0.28038
G1 X163.781 Y255.923 Z0.800 E0.28038
G1 X163.590 Y256.350 Z0.800 E0.28038
G1 X163.385 Y256.771 Z0.800 E0.28038
G1 X163.167 Y257.186 Z0.800 E0.28038
G1 X162.936 Y257.593 Z0.800 E0.28038
G1 X162.693 Y257.993 Z0.800 E0.28038
G1 X162.437 Y258.386 Z0.800 E0.28038
G1 X162.169 Y258.770 Z0.800 E0.28038
G1 X161.889 Y259.146 Z0.800 E0.28038
G1 X161.598 Y259.512 Z0.800 E0.28038
G1 X161.296 Y259.870 Z0.800 E0.28038
G1 X160.982 Y260.217 Z0.800 E0.28038
G1 X160.658 Y260.555 Z0.800 E0.28038
G1 X160.323 Y260.883 Z0.800 E0.28038
G1 X159.978 Y261.200 Z0.800 E0.28038
G1 X159.624 Y261.506 Z0.800 E0.28038
G1 X159.260 Y261.801 Z0.800 E0.28038
G1 X158.887 Y262.084 Z0.800 E0.28038
G1 X158.505 Y262.356 Z0.800 E0.28038
G1 X158.115 Y262.615 Z0.800 E0.28038
G1 X157.718 Y262.862 Z0.800 E0.28038
G1 X157.312 Y263.097 Z0.800 E0.28038
G1 X156.900 Y263.319 Z0.800 E0.28038
G1 X156.481 Y263.528 Z0.800 E0.28038
G1 X156.055 Y263.723 Z0.800 E0.28038
G1 X155.624 Y263.906 Z0.800 E0.28038
G1 X155.187 Y264.075 Z0.800 E0.28038
G1 X154.745 Y264.230 Z0.800 E0.28038
G1 X154.299 Y264.371 Z0.800 E0.28038
G1 X153.848 Y264.498 Z0.800 E0.28038
G1 X153.393 Y264.611 Z0.800 E0.28038
G1 X152.936 Y264.710 Z0.800 E0.28038
G1 X152.475 Y264.794 Z0.800 E0.28038
G1 X152.012 Y264.864 Z0.800 E0.28038
G1 X151.547 Y264.920 Z0.800 E0.28038
G1 X151.080 Y264.961 Z0.800 E0.28038
G1 X150.613 Y264.987 Z0.800 E0.28038
G1 X150.145 Y264.999 Z0.800 E0.28038
G1 X149.676 Y264.997 Z0.800 E0.28038
G1 X149.208 Y264.979 Z0.800 E0.28038
G1 X148.741 Y264.947 Z0.800 E0.28038
G1 X148.275 Y264.901 Z0.800 E0.28038
G1 X147.811 Y264.839 Z0.800 E0.28038
G1 X147.349 Y264.764 Z0.800 E0.28038
G1 X146.889 Y264.674 Z0.800 E0.28038
G1 X146.432 Y264.570 Z0.800 E0.28038
G1 X145.979 Y264.451 Z0.800 E0.28038
G1 X145.530 Y264.319 Z0.800 E0.28038
G1 X145.085 Y264.172 Z0.800 E0.28038
G1 X144.645 Y264.012 Z0.800 E0.28038
G1 X144.211 Y263.838 Z0.800 E0.28038
G1 X143.781 Y263.650 Z0.800 E0.28038
G1 X143.358 Y263.449 Z0.800 E0.28038
G1 X142.942 Y263.236 Z0.800 E0.28038
G1 X142.532 Y263.009 Z0.800 E0.28038
G1 X142.129 Y262.769 Z0.800 E0.28038
G1 X141.735 Y262.517 Z0.800 E0.28038
G1 X141.348 Y262.253 Z0.800 E0.28038
G1 X140.970 Y261.977 Z0.800 E0.28038
G1 X140.600 Y261.689 Z0.800 E0.28038
G1 X140.240 Y261.390 Z0.800 E0.28038
G1 X139.889 Y261.080 Z0.800 E0.28038
G1 X139.548 Y260.759 Z0.800 E0.28038
G1 X139.217 Y260.427 Z0.800 E0.28038
G1 X138.897 Y260.086 Z0.800 E0.28038
G1 X138.588 Y259.734 Z0.800 E0.28038
G1 X138.289 Y259.373 Z0.800 E0.28038
G1 X138.002 Y259.003 Z0.800 E0.28038
G1 X137.727 Y258.624 Z0.800 E0.28038
G1 X137.464 Y258.237 Z0.800 E0.28038
G1 X137.213 Y257.841 Z0.800 E0.28038
G1 X136.974 Y257.438 Z0.800 E0.28038
G1 X136.748 Y257.028 Z0.800 E0.28038
G1 X136.535 Y256.611 Z0.800 E0.28038
G1 X136.336 Y256.187 Z0.800 E0.28038
G1 X136.149 Y255.758 Z0.800 E0.28038
G1 X135.976 Y255.323 Z0.800 E0.28038
G1 X135.817 Y254.882 Z0.800 E0.28038
G1 X135.671 Y254.437 Z0.800 E0.28038
G1 X135.540 Y253.988 Z0.800 E0.28038
G1 X135.422 Y253.534 Z0.800 E0.28038
G1 X135.319 Y253.077 Z0.800 E0.28038
G1 X135.230 Y252.618 Z0.800 E0.28038
G1 X135.156 Y252.155 Z0.800 E0.28038
G1 X135.096 Y251.691 Z0.800 E0.28038
G1 X135.050 Y251.225 Z0.800 E0.28038
G1 X135.019 Y250.757 Z0.800 E0.28038
G1 X135.003 Y250.289 Z0.800 E0.28038
G1 X135.001 Y249.821 Z0.800 E0.28038
G1 X135.014 Y249.353 Z0.800 E0.28038
G1 X135.041 Y248.885 Z0.800 E0.28038
G1 X135.084 Y248.419 Z0.800 E0.28038
G1 X135.140 Y247.954 Z0.800 E0.28038
G1 X135.211 Y247.491 Z0.800 E0.28038
G1 X135.297 Y247.031 Z0.800 E0.28038
G1 X135.397 Y246.573 Z0.800 E0.28038
G1 X135.511 Y246.119 Z0.800 E0.28038
G1 X135.639 Y245.669 Z0.800 E0.28038
G1 X135.781 Y245.222 Z0.800 E0.28038
G1 X135.937 Y244.781 Z0.800 E0.28038
G1 X136.107 Y244.344 Z0.800 E0.28038
G1 X136.290 Y243.913 Z0.800 E0.28038
G1 X136.487 Y243.488 Z0.800 E0.28038
G1 X136.697 Y243.070 Z0.800 E0.28038
G1 X136.920 Y242.658 Z0.800 E0.28038
G1 X137.155 Y242.253 Z0.800 E0.28038
G1 X137.403 Y241.856 Z0.800 E0.28038
G1 X137.664 Y241.467 Z0.800 E0.28038
G1 X137.936 Y241.086 Z0.800 E0.28038
G1 X138.220 Y240.713 Z0.800 E0.28038
G1 X138.516 Y240.350 Z0.800 E0.28038
G1 X138.823 Y239.996 Z0.800 E0.28038
G1 X139.141 Y239.652 Z0.800 E0.28038
G1 X139.469 Y239.318 Z0.800 E0.28038
G1 X139.808 Y238.995 Z0.800 E0.28038
G1 X140.156 Y238.682 Z0.800 E0.28038
G1 X140.514 Y238.380 Z0.800 E0.28038
G1 X140.882 Y238.090 Z0.800 E0.28038
G1 X141.258 Y237.811 Z0.800 E0.28038
G1 X141.643 Y237.544 Z0.800 E0.28038
G1 X142.036 Y237.289 Z0.800 E0.28038
G1 X142.436 Y237.047 Z0.800 E0.28038
G1 X142.844 Y236.817 Z0.800 E0.28038
G1 X143.259 Y236.600 Z0.800 E0.28038
G1 X143.681 Y236.396 Z0.800 E0.28038
G1 X144.109 Y236.205 Z0.800 E0.28038
G1 X144.542 Y236.028 Z0.800 E0.28038
G1 X144.981 Y235.865 Z0.800 E0.28038
G1 X145.425 Y235.715 Z0.800 E0.28038
G1 X145.873 Y235.579 Z0.800 E0.28038
G1 X146.325 Y235.457 Z0.800 E0.28038
G1 X146.781 Y235.349 Z0.800 E0.28038
G1 X147.240 Y235.256 Z0.800 E0.28038
G1 X147.702 Y235.177 Z0.800 E0.28038
G1 X148.165 Y235.113 Z0.800 E0.28038
G1 X148.631 Y235.063 Z0.800 E0.28038
G1 X149.098 Y235.027 Z0.800 E0.28038
G1 X149.566 Y235.006 Z0.800 E0.28038
G1 X150.034 Y235.000 Z0.800 E0.28038
G1 X150.502 Y235.008 Z0.800 E0.28038
G1 X150.970 Y235.031 Z0.800 E0.28038
G1 X151.437 Y235.069 Z0.800 E0.28038
G1 X151.902 Y235.121 Z0.800 E0.28038
G1 X152.366 Y235.188 Z0.800 E0.28038
G1 X152.827 Y235.269 Z0.800 E0.28038
G1 X153.286 Y235.364 Z0.800 E0.28038
G1 X153.741 Y235.474 Z0.800 E0.28038
G1 X154.193 Y235.598 Z0.800 E0.28038
G1 X154.640 Y235.736 Z0.800 E0.28038
G1 X155.083 Y235.888 Z0.800 E0.28038
G1 X155.521 Y236.053 Z0.800 E0.28038
G1 X155.954 Y236.232 Z0.800 E0.28038
G1 X156.381 Y236.425 Z0.800 E0.28038
G1 X156.802 Y236.631 Z0.800 E0.28038
G1 X157.216 Y236.850 Z0.800 E0.28038
G1 X157.623 Y237.081 Z0.800 E0.28038
G1 X158.022 Y237.326 Z0.800 E0.28038
G1 X158.414 Y237.582 Z0.800 E0.28038
G1 X158.798 Y237.851 Z0.800 E0.28038
G1 X159.173 Y238.131 Z0.800 E0.28038
G1 X159.539 Y238.424 Z0.800 E0.28038
G1 X159.895 Y238.727 Z0.800 E0.28038
G1 X160.242 Y239.041 Z0.800 E0.28038
G1 X160.580 Y239.366 Z0.800 E0.28038
G1 X160.906 Y239.702 Z0.800 E0.28038
G1 X161.223 Y240.047 Z0.800 E0.28038
G1 X161.528 Y240.403 Z0.800 E0.28038
G1 X161.822 Y240.767 Z0.800 E0.28038
G1 X162.104 Y241.141 Z0.800 E0.28038
G1 X162.375 Y241.523 Z0.800 E0.28038
G1 X162.634 Y241.913 Z0.800 E0.28038
G1 X162.880 Y242.312 Z0.800 E0.28038
G1 X163.114 Y242.718 Z0.800 E0.28038
G1 X163.335 Y243.130 Z0.800 E0.28038
G1 X163.542 Y243.550 Z0.800 E0.28038
G1 X163.737 Y243.976 Z0.800 E0.28038
G1 X163.919 Y244.408 Z0.800 E0.28038
G1 X164.086 Y244.845 Z0.800 E0.28038
G1 X164.240 Y245.287 Z0.800 E0.28038
G1 X164.381 Y245.734 Z0.800 E0.28038
G1 X164.507 Y246.185 Z0.800 E0.28038
G1 X164.619 Y246.640 Z0.800 E0.28038
G1 X164.717 Y247.098 Z0.800 E0.28038
G1 X164.800 Y247.559 Z0.800 E0.28038
G1 X164.869 Y248.022 Z0.800 E0.28038
G1 X164.924 Y248.487 Z0.800 E0.28038
G1 X164.963 Y248.954 Z0.800 E0.28038
G1 E-3.0 F600
G92 E0
M106 S255             ; Fan 100% for air printing
; Mesh layer (n=0)
M221 S50
G1 Z7.950 F6000
G1 X165.000 Y250.000 F6000
G1 Z0.800 F3000
G1 E3.0 F300
G1 F90
G1 X164.993 Y250.474 Z0.861 E0.50515
G1 X164.970 Y250.947 Z1.422 E0.77656
G1 X164.933 Y251.419 Z1.982 E0.77656
G1 X164.881 Y251.889 Z2.543 E0.77656
G1 X164.813 Y252.358 Z3.104 E0.77656
G1 X164.732 Y252.825 Z3.665 E0.77656
G1 X164.635 Y253.288 Z4.226 E0.77656
G1 X164.524 Y253.749 Z4.786 E0.77656
G4 P6000
G1 X164.398 Y254.205 Z4.553 E0.55870
G1 X164.259 Y254.658 Z3.992 E0.77656
G1 X164.104 Y255.106 Z3.431 E0.77656
G1 X163.936 Y255.548 Z2.870 E0.77656
G1 X163.754 Y255.985 Z2.310 E0.77656
G1 X163.558 Y256.417 Z1.749 E0.77656
G1 X163.349 Y256.841 Z1.188 E0.77656
G1 X163.126 Y257.259 Z0.800 E0.64768
G4 P6000
G1 X162.891 Y257.670 Z0.800 E0.50104
G1 X162.642 Y258.073 Z1.094 E0.58999
G1 X162.381 Y258.468 Z1.655 E0.77656
G1 X162.107 Y258.855 Z2.216 E0.77656
G1 X161.822 Y259.233 Z2.777 E0.77656
G1 X161.524 Y259.601 Z3.338 E0.77656
G1 X161.216 Y259.960 Z3.898 E0.77656
G1 X160.896 Y260.310 Z4.459 E0.77656
G1 X160.565 Y260.648 Z4.880 E0.67011
G4 P6000
G1 X160.223 Y260.977 Z4.319 E0.77656
G1 X159.872 Y261.294 Z3.758 E0.77656
G1 X159.510 Y261.600 Z3.197 E0.77656
G1 X159.139 Y261.894 Z2.637 E0.77656
G1 X158.759 Y262.177 Z2.076 E0.77656
G1 X158.370 Y262.447 Z1.515 E0.77656
G1 X157.973 Y262.705 Z0.954 E0.77656
G1 X157.568 Y262.951 Z0.800 E0.52695
G4 P6000
G1 X157.156 Y263.183 Z0.800 E0.50104
G1 X156.736 Y263.403 Z1.328 E0.75049
G1 X156.309 Y263.608 Z1.889 E0.77656
G1 X155.877 Y263.801 Z2.450 E0.77656
G1 X155.438 Y263.980 Z3.011 E0.77656
G1 X154.994 Y264.144 Z3.571 E0.77656
G1 X154.545 Y264.295 Z4.132 E0.77656
G1 X154.092 Y264.431 Z4.693 E0.77656
G4 P6000
G1 X153.634 Y264.553 Z4.646 E0.50347
G1 X153.173 Y264.661 Z4.085 E0.77656
G1 X152.708 Y264.753 Z3.525 E0.77656
G1 X152.241 Y264.832 Z2.964 E0.77656
G1 X151.772 Y264.895 Z2.403 E0.77656
G1 X151.301 Y264.943 Z1.842 E0.77656
G1 X150.828 Y264.977 Z1.281 E0.77656
G1 X150.355 Y264.996 Z0.800 E0.71445
G4 P6000
G1 X149.882 Y265.000 Z0.800 E0.50104
G1 X149.408 Y264.988 Z1.001 E0.54430
G1 X148.935 Y264.962 Z1.562 E0.77656
G1 X148.463 Y264.921 Z2.123 E0.77656
G1 X147.993 Y264.865 Z2.683 E0.77656
G1 X147.525 Y264.794 Z3.244 E0.77656
G1 X147.059 Y264.709 Z3.805 E0.77656
G1 X146.596 Y264.609 Z4.366 E0.77656
G1 X146.137 Y264.494 Z4.927 E0.77656
G4 P6000
G1 X145.681 Y264.365 Z4.413 E0.73948
G1 X145.230 Y264.221 Z3.852 E0.77656
G1 X144.783 Y264.064 Z3.291 E0.77656
G1 X144.342 Y263.892 Z2.730 E0.77656
G1 X143.906 Y263.706 Z2.169 E0.77656
G1 X143.477 Y263.507 Z1.609 E0.77656
G1 X143.053 Y263.295 Z1.048 E0.77656
G1 X142.637 Y263.069 Z0.800 E0.56545
G4 P6000
G1 X142.228 Y262.830 Z0.800 E0.50104
G1 X141.827 Y262.578 Z1.235 E0.68008
G1 X141.434 Y262.314 Z1.795 E0.77656
G1 X141.050 Y262.037 Z2.356 E0.77656
G1 X140.674 Y261.749 Z2.917 E0.77656
G1 X140.308 Y261.448 Z3.478 E0.77656
G1 X139.951 Y261.137 Z4.039 E0.77656
G1 X139.605 Y260.814 Z4.599 E0.77656
G1 X139.269 Y260.480 Z4.740 E0.52253
G4 P6000
G1 X138.943 Y260.136 Z4.179 E0.77656
G1 X138.629 Y259.782 Z3.618 E0.77656
G1 X138.325 Y259.418 Z3.057 E0.77656
G1 X138.034 Y259.045 Z2.496 E0.77656
G1 X137.754 Y258.663 Z1.936 E0.77656
G1 X137.487 Y258.272 Z1.375 E0.77656
G1 X137.232 Y257.873 Z0.814 E0.77656
G1 X136.990 Y257.466 Z0.800 E0.50126
G4 P6000
G1 X136.761 Y257.051 Z0.908 E0.51379
G1 X136.545 Y256.630 Z1.468 E0.77656
G1 X136.342 Y256.202 Z2.029 E0.77656
G1 X136.153 Y255.768 Z2.590 E0.77656
G1 X135.978 Y255.328 Z3.151 E0.77656
G1 X135.817 Y254.882 Z3.712 E0.77656
G1 X135.670 Y254.432 Z4.272 E0.77656
G1 X135.537 Y253.978 Z4.833 E0.77656
G4 P6000
G1 X135.419 Y253.519 Z4.506 E0.60895
G1 X135.315 Y253.057 Z3.945 E0.77656
G1 X135.226 Y252.592 Z3.384 E0.77656
G1 X135.151 Y252.124 Z2.824 E0.77656
G1 X135.091 Y251.654 Z2.263 E0.77656
G1 X135.047 Y251.183 Z1.702 E0.77656
G1 X135.017 Y250.710 Z1.141 E0.77656
G1 X135.002 Y250.237 Z0.800 E0.61753
G4 P6000
G1 X135.002 Y249.763 Z0.800 E0.50104
G1 X135.017 Y249.290 Z1.141 E0.61753
G1 X135.047 Y248.817 Z1.702 E0.77656
G1 X135.091 Y248.346 Z2.263 E0.77656
G1 X135.151 Y247.876 Z2.824 E0.77656
G1 X135.226 Y247.408 Z3.384 E0.77656
G1 X135.315 Y246.943 Z3.945 E0.77656
G1 X135.419 Y246.481 Z4.506 E0.77656
G1 X135.537 Y246.022 Z4.833 E0.60895
G4 P6000
G1 X135.670 Y245.568 Z4.272 E0.77656
G1 X135.817 Y245.118 Z3.712 E0.77656
G1 X135.978 Y244.672 Z3.151 E0.77656
G1 X136.153 Y244.232 Z2.590 E0.77656
G1 X136.342 Y243.798 Z2.029 E0.77656
G1 X136.545 Y243.370 Z1.468 E0.77656
G1 X136.761 Y242.949 Z0.908 E0.77656
G1 X136.990 Y242.534 Z0.800 E0.51379
G4 P6000
G1 X137.232 Y242.127 Z0.814 E0.50126
G1 X137.487 Y241.728 Z1.375 E0.77656
G1 X137.754 Y241.337 Z1.936 E0.77656
G1 X138.034 Y240.955 Z2.496 E0.77656
G1 X138.325 Y240.582 Z3.057 E0.77656
G1 X138.629 Y240.218 Z3.618 E0.77656
G1 X138.943 Y239.864 Z4.179 E0.77656
G1 X139.269 Y239.520 Z4.740 E0.77656
G4 P6000
G1 X139.605 Y239.186 Z4.599 E0.52253
G1 X139.951 Y238.863 Z4.039 E0.77656
G1 X140.308 Y238.552 Z3.478 E0.77656
G1 X140.674 Y238.251 Z2.917 E0.77656
G1 X141.050 Y237.963 Z2.356 E0.77656
G1 X141.434 Y237.686 Z1.795 E0.77656
G1 X141.827 Y237.422 Z1.235 E0.77656
G1 X142.228 Y237.170 Z0.800 E0.68008
G4 P6000
G1 X142.637 Y236.931 Z0.800 E0.50104
G1 X143.053 Y236.705 Z1.048 E0.56545
G1 X143.477 Y236.493 Z1.609 E0.77656
G1 X143.906 Y236.294 Z2.169 E0.77656
G1 X144.342 Y236.108 Z2.730 E0.77656
G1 X144.783 Y235.936 Z3.291 E0.77656
G1 X145.230 Y235.779 Z3.852 E0.77656
G1 X145.681 Y235.635 Z4.413 E0.77656
G1 X146.137 Y235.506 Z4.927 E0.73948
G4 P6000
G1 X146.596 Y235.391 Z4.366 E0.77656
G1 X147.059 Y235.291 Z3.805 E0.77656
G1 X147.525 Y235.206 Z3.244 E0.77656
G1 X147.993 Y235.135 Z2.683 E0.77656
G1 X148.463 Y235.079 Z2.123 E0.77656
G1 X148.935 Y235.038 Z1.562 E0.77656
G1 X149.408 Y235.012 Z1.001 E0.77656
G1 X149.882 Y235.000 Z0.800 E0.54430
G4 P6000
G1 X150.355 Y235.004 Z0.800 E0.50104
G1 X150.828 Y235.023 Z1.281 E0.71445
G1 X151.301 Y235.057 Z1.842 E0.77656
G1 X151.772 Y235.105 Z2.403 E0.77656
G1 X152.241 Y235.168 Z2.964 E0.77656
G1 X152.708 Y235.247 Z3.525 E0.77656
G1 X153.173 Y235.339 Z4.085 E0.77656
G1 X153.634 Y235.447 Z4.646 E0.77656
G1 X154.092 Y235.569 Z4.693 E0.50347
G4 P6000
G1 X154.545 Y235.705 Z4.132 E0.77656
G1 X154.994 Y235.856 Z3.571 E0.77656
G1 X155.438 Y236.020 Z3.011 E0.77656
G1 X155.877 Y236.199 Z2.450 E0.77656
G1 X156.309 Y236.392 Z1.889 E0.77656
G1 X156.736 Y236.597 Z1.328 E0.77656
G1 X157.156 Y236.817 Z0.800 E0.75049
G4 P6000
G1 X157.568 Y237.049 Z0.800 E0.50104
G1 X157.973 Y237.295 Z0.954 E0.52695
G1 X158.370 Y237.553 Z1.515 E0.77656
G1 X158.759 Y237.823 Z2.076 E0.77656
G1 X159.139 Y238.106 Z2.637 E0.77656
G1 X159.510 Y238.400 Z3.197 E0.77656
G1 X159.872 Y238.706 Z3.758 E0.77656
G1 X160.223 Y239.023 Z4.319 E0.77656
G1 X160.565 Y239.352 Z4.880 E0.77656
G4 P6000
G1 X160.896 Y239.690 Z4.459 E0.67011
G1 X161.216 Y240.040 Z3.898 E0.77656
G1 X161.524 Y240.399 Z3.338 E0.77656
G1 X161.822 Y240.767 Z2.777 E0.77656
G1 X162.107 Y241.145 Z2.216 E0.77656
G1 X162.381 Y241.532 Z1.655 E0.77656
G1 X162.642 Y241.927 Z1.094 E0.77656
G1 X162.891 Y242.330 Z0.800 E0.58999
G4 P6000
G1 X163.126 Y242.741 Z0.800 E0.50104
G1 X163.349 Y243.159 Z1.188 E0.64768
G1 X163.558 Y243.583 Z1.749 E0.77656
G1 X163.754 Y244.015 Z2.310 E0.77656
G1 X163.936 Y244.452 Z2.870 E0.77656
G1 X164.104 Y244.894 Z3.431 E0.77656
G1 X164.259 Y245.342 Z3.992 E0.77656
G1 X164.398 Y245.795 Z4.553 E0.77656
G1 X164.524 Y246.251 Z4.786 E0.55870
G4 P6000
G1 X164.635 Y246.712 Z4.226 E0.77656
G1 X164.732 Y247.175 Z3.665 E0.77656
G1 X164.813 Y247.642 Z3.104 E0.77656
G1 X164.881 Y248.111 Z2.543 E0.77656
G1 X164.933 Y248.581 Z1.982 E0.77656
G1 X164.970 Y249.053 Z1.422 E0.77656
G1 X164.993 Y249.526 Z0.861 E0.77656
G1 X165.000 Y250.000 Z0.800 E0.50515
G1 E-3.0 F600
G92 E0
M106 S0               ; Fan off before next ring

; ============================================================
; [ 7]  Speed=4.5mm/s  Dwell=1500ms
; Center: X150 Y290
; ============================================================
; Mini purge
G1 Z3.80 F6000
G1 X135.0 Y263.0 F6000
G1 Z0.80 F2000
G92 E0
G1 E3 F150
G1 X165.0 E17.9605 F900
G1 E-3.0 F600
G92 E0
; Base ring
M221 S100
G1 Z3.80 F6000
G1 X173.000 Y290.000 F6000
G1 Z0.800 F3000
G1 X165.000 Y290.000 E7.78946 F900
G1 F900
G1 X164.993 Y290.468 Z0.800 E0.28038
G1 X164.971 Y290.936 Z0.800 E0.28038
G1 X164.934 Y291.403 Z0.800 E0.28038
G1 X164.883 Y291.869 Z0.800 E0.28038
G1 X164.818 Y292.332 Z0.800 E0.28038
G1 X164.738 Y292.794 Z0.800 E0.28038
G1 X164.643 Y293.252 Z0.800 E0.28038
G1 X164.534 Y293.708 Z0.800 E0.28038
G1 X164.412 Y294.160 Z0.800 E0.28038
G1 X164.275 Y294.608 Z0.800 E0.28038
G1 X164.124 Y295.051 Z0.800 E0.28038
G1 X163.959 Y295.490 Z0.800 E0.28038
G1 X163.781 Y295.923 Z0.800 E0.28038
G1 X163.590 Y296.350 Z0.800 E0.28038
G1 X163.385 Y296.771 Z0.800 E0.28038
G1 X163.167 Y297.186 Z0.800 E0.28038
G1 X162.936 Y297.593 Z0.800 E0.28038
G1 X162.693 Y297.993 Z0.800 E0.28038
G1 X162.437 Y298.386 Z0.800 E0.28038
G1 X162.169 Y298.770 Z0.800 E0.28038
G1 X161.889 Y299.146 Z0.800 E0.28038
G1 X161.598 Y299.512 Z0.800 E0.28038
G1 X161.296 Y299.870 Z0.800 E0.28038
G1 X160.982 Y300.217 Z0.800 E0.28038
G1 X160.658 Y300.555 Z0.800 E0.28038
G1 X160.323 Y300.883 Z0.800 E0.28038
G1 X159.978 Y301.200 Z0.800 E0.28038
G1 X159.624 Y301.506 Z0.800 E0.28038
G1 X159.260 Y301.801 Z0.800 E0.28038
G1 X158.887 Y302.084 Z0.800 E0.28038
G1 X158.505 Y302.356 Z0.800 E0.28038
G1 X158.115 Y302.615 Z0.800 E0.28038
G1 X157.718 Y302.862 Z0.800 E0.28038
G1 X157.312 Y303.097 Z0.800 E0.28038
G1 X156.900 Y303.319 Z0.800 E0.28038
G1 X156.481 Y303.528 Z0.800 E0.28038
G1 X156.055 Y303.723 Z0.800 E0.28038
G1 X155.624 Y303.906 Z0.800 E0.28038
G1 X155.187 Y304.075 Z0.800 E0.28038
G1 X154.745 Y304.230 Z0.800 E0.28038
G1 X154.299 Y304.371 Z0.800 E0.28038
G1 X153.848 Y304.498 Z0.800 E0.28038
G1 X153.393 Y304.611 Z0.800 E0.28038
G1 X152.936 Y304.710 Z0.800 E0.28038
G1 X152.475 Y304.794 Z0.800 E0.28038
G1 X152.012 Y304.864 Z0.800 E0.28038
G1 X151.547 Y304.920 Z0.800 E0.28038
G1 X151.080 Y304.961 Z0.800 E0.28038
G1 X150.613 Y304.987 Z0.800 E0.28038
G1 X150.145 Y304.999 Z0.800 E0.28038
G1 X149.676 Y304.997 Z0.800 E0.28038
G1 X149.208 Y304.979 Z0.800 E0.28038
G1 X148.741 Y304.947 Z0.800 E0.28038
G1 X148.275 Y304.901 Z0.800 E0.28038
G1 X147.811 Y304.839 Z0.800 E0.28038
G1 X147.349 Y304.764 Z0.800 E0.28038
G1 X146.889 Y304.674 Z0.800 E0.28038
G1 X146.432 Y304.570 Z0.800 E0.28038
G1 X145.979 Y304.451 Z0.800 E0.28038
G1 X145.530 Y304.319 Z0.800 E0.28038
G1 X145.085 Y304.172 Z0.800 E0.28038
G1 X144.645 Y304.012 Z0.800 E0.28038
G1 X144.211 Y303.838 Z0.800 E0.28038
G1 X143.781 Y303.650 Z0.800 E0.28038
G1 X143.358 Y303.449 Z0.800 E0.28038
G1 X142.942 Y303.236 Z0.800 E0.28038
G1 X142.532 Y303.009 Z0.800 E0.28038
G1 X142.129 Y302.769 Z0.800 E0.28038
G1 X141.735 Y302.517 Z0.800 E0.28038
G1 X141.348 Y302.253 Z0.800 E0.28038
G1 X140.970 Y301.977 Z0.800 E0.28038
G1 X140.600 Y301.689 Z0.800 E0.28038
G1 X140.240 Y301.390 Z0.800 E0.28038
G1 X139.889 Y301.080 Z0.800 E0.28038
G1 X139.548 Y300.759 Z0.800 E0.28038
G1 X139.217 Y300.427 Z0.800 E0.28038
G1 X138.897 Y300.086 Z0.800 E0.28038
G1 X138.588 Y299.734 Z0.800 E0.28038
G1 X138.289 Y299.373 Z0.800 E0.28038
G1 X138.002 Y299.003 Z0.800 E0.28038
G1 X137.727 Y298.624 Z0.800 E0.28038
G1 X137.464 Y298.237 Z0.800 E0.28038
G1 X137.213 Y297.841 Z0.800 E0.28038
G1 X136.974 Y297.438 Z0.800 E0.28038
G1 X136.748 Y297.028 Z0.800 E0.28038
G1 X136.535 Y296.611 Z0.800 E0.28038
G1 X136.336 Y296.187 Z0.800 E0.28038
G1 X136.149 Y295.758 Z0.800 E0.28038
G1 X135.976 Y295.323 Z0.800 E0.28038
G1 X135.817 Y294.882 Z0.800 E0.28038
G1 X135.671 Y294.437 Z0.800 E0.28038
G1 X135.540 Y293.988 Z0.800 E0.28038
G1 X135.422 Y293.534 Z0.800 E0.28038
G1 X135.319 Y293.077 Z0.800 E0.28038
G1 X135.230 Y292.618 Z0.800 E0.28038
G1 X135.156 Y292.155 Z0.800 E0.28038
G1 X135.096 Y291.691 Z0.800 E0.28038
G1 X135.050 Y291.225 Z0.800 E0.28038
G1 X135.019 Y290.757 Z0.800 E0.28038
G1 X135.003 Y290.289 Z0.800 E0.28038
G1 X135.001 Y289.821 Z0.800 E0.28038
G1 X135.014 Y289.353 Z0.800 E0.28038
G1 X135.041 Y288.885 Z0.800 E0.28038
G1 X135.084 Y288.419 Z0.800 E0.28038
G1 X135.140 Y287.954 Z0.800 E0.28038
G1 X135.211 Y287.491 Z0.800 E0.28038
G1 X135.297 Y287.031 Z0.800 E0.28038
G1 X135.397 Y286.573 Z0.800 E0.28038
G1 X135.511 Y286.119 Z0.800 E0.28038
G1 X135.639 Y285.669 Z0.800 E0.28038
G1 X135.781 Y285.222 Z0.800 E0.28038
G1 X135.937 Y284.781 Z0.800 E0.28038
G1 X136.107 Y284.344 Z0.800 E0.28038
G1 X136.290 Y283.913 Z0.800 E0.28038
G1 X136.487 Y283.488 Z0.800 E0.28038
G1 X136.697 Y283.070 Z0.800 E0.28038
G1 X136.920 Y282.658 Z0.800 E0.28038
G1 X137.155 Y282.253 Z0.800 E0.28038
G1 X137.403 Y281.856 Z0.800 E0.28038
G1 X137.664 Y281.467 Z0.800 E0.28038
G1 X137.936 Y281.086 Z0.800 E0.28038
G1 X138.220 Y280.713 Z0.800 E0.28038
G1 X138.516 Y280.350 Z0.800 E0.28038
G1 X138.823 Y279.996 Z0.800 E0.28038
G1 X139.141 Y279.652 Z0.800 E0.28038
G1 X139.469 Y279.318 Z0.800 E0.28038
G1 X139.808 Y278.995 Z0.800 E0.28038
G1 X140.156 Y278.682 Z0.800 E0.28038
G1 X140.514 Y278.380 Z0.800 E0.28038
G1 X140.882 Y278.090 Z0.800 E0.28038
G1 X141.258 Y277.811 Z0.800 E0.28038
G1 X141.643 Y277.544 Z0.800 E0.28038
G1 X142.036 Y277.289 Z0.800 E0.28038
G1 X142.436 Y277.047 Z0.800 E0.28038
G1 X142.844 Y276.817 Z0.800 E0.28038
G1 X143.259 Y276.600 Z0.800 E0.28038
G1 X143.681 Y276.396 Z0.800 E0.28038
G1 X144.109 Y276.205 Z0.800 E0.28038
G1 X144.542 Y276.028 Z0.800 E0.28038
G1 X144.981 Y275.865 Z0.800 E0.28038
G1 X145.425 Y275.715 Z0.800 E0.28038
G1 X145.873 Y275.579 Z0.800 E0.28038
G1 X146.325 Y275.457 Z0.800 E0.28038
G1 X146.781 Y275.349 Z0.800 E0.28038
G1 X147.240 Y275.256 Z0.800 E0.28038
G1 X147.702 Y275.177 Z0.800 E0.28038
G1 X148.165 Y275.113 Z0.800 E0.28038
G1 X148.631 Y275.063 Z0.800 E0.28038
G1 X149.098 Y275.027 Z0.800 E0.28038
G1 X149.566 Y275.006 Z0.800 E0.28038
G1 X150.034 Y275.000 Z0.800 E0.28038
G1 X150.502 Y275.008 Z0.800 E0.28038
G1 X150.970 Y275.031 Z0.800 E0.28038
G1 X151.437 Y275.069 Z0.800 E0.28038
G1 X151.902 Y275.121 Z0.800 E0.28038
G1 X152.366 Y275.188 Z0.800 E0.28038
G1 X152.827 Y275.269 Z0.800 E0.28038
G1 X153.286 Y275.364 Z0.800 E0.28038
G1 X153.741 Y275.474 Z0.800 E0.28038
G1 X154.193 Y275.598 Z0.800 E0.28038
G1 X154.640 Y275.736 Z0.800 E0.28038
G1 X155.083 Y275.888 Z0.800 E0.28038
G1 X155.521 Y276.053 Z0.800 E0.28038
G1 X155.954 Y276.232 Z0.800 E0.28038
G1 X156.381 Y276.425 Z0.800 E0.28038
G1 X156.802 Y276.631 Z0.800 E0.28038
G1 X157.216 Y276.850 Z0.800 E0.28038
G1 X157.623 Y277.081 Z0.800 E0.28038
G1 X158.022 Y277.326 Z0.800 E0.28038
G1 X158.414 Y277.582 Z0.800 E0.28038
G1 X158.798 Y277.851 Z0.800 E0.28038
G1 X159.173 Y278.131 Z0.800 E0.28038
G1 X159.539 Y278.424 Z0.800 E0.28038
G1 X159.895 Y278.727 Z0.800 E0.28038
G1 X160.242 Y279.041 Z0.800 E0.28038
G1 X160.580 Y279.366 Z0.800 E0.28038
G1 X160.906 Y279.702 Z0.800 E0.28038
G1 X161.223 Y280.047 Z0.800 E0.28038
G1 X161.528 Y280.403 Z0.800 E0.28038
G1 X161.822 Y280.767 Z0.800 E0.28038
G1 X162.104 Y281.141 Z0.800 E0.28038
G1 X162.375 Y281.523 Z0.800 E0.28038
G1 X162.634 Y281.913 Z0.800 E0.28038
G1 X162.880 Y282.312 Z0.800 E0.28038
G1 X163.114 Y282.718 Z0.800 E0.28038
G1 X163.335 Y283.130 Z0.800 E0.28038
G1 X163.542 Y283.550 Z0.800 E0.28038
G1 X163.737 Y283.976 Z0.800 E0.28038
G1 X163.919 Y284.408 Z0.800 E0.28038
G1 X164.086 Y284.845 Z0.800 E0.28038
G1 X164.240 Y285.287 Z0.800 E0.28038
G1 X164.381 Y285.734 Z0.800 E0.28038
G1 X164.507 Y286.185 Z0.800 E0.28038
G1 X164.619 Y286.640 Z0.800 E0.28038
G1 X164.717 Y287.098 Z0.800 E0.28038
G1 X164.800 Y287.559 Z0.800 E0.28038
G1 X164.869 Y288.022 Z0.800 E0.28038
G1 X164.924 Y288.487 Z0.800 E0.28038
G1 X164.963 Y288.954 Z0.800 E0.28038
G1 E-3.0 F600
G92 E0
M106 S255             ; Fan 100% for air printing
; Mesh layer (n=0)
M221 S50
G1 Z7.950 F6000
G1 X165.000 Y290.000 F6000
G1 Z0.800 F3000
G1 E3.0 F300
G1 F270
G1 X164.993 Y290.474 Z0.861 E0.50515
G1 X164.970 Y290.947 Z1.422 E0.77656
G1 X164.933 Y291.419 Z1.982 E0.77656
G1 X164.881 Y291.889 Z2.543 E0.77656
G1 X164.813 Y292.358 Z3.104 E0.77656
G1 X164.732 Y292.825 Z3.665 E0.77656
G1 X164.635 Y293.288 Z4.226 E0.77656
G1 X164.524 Y293.749 Z4.786 E0.77656
G4 P1500
G1 X164.398 Y294.205 Z4.553 E0.55870
G1 X164.259 Y294.658 Z3.992 E0.77656
G1 X164.104 Y295.106 Z3.431 E0.77656
G1 X163.936 Y295.548 Z2.870 E0.77656
G1 X163.754 Y295.985 Z2.310 E0.77656
G1 X163.558 Y296.417 Z1.749 E0.77656
G1 X163.349 Y296.841 Z1.188 E0.77656
G1 X163.126 Y297.259 Z0.800 E0.64768
G4 P1500
G1 X162.891 Y297.670 Z0.800 E0.50104
G1 X162.642 Y298.073 Z1.094 E0.58999
G1 X162.381 Y298.468 Z1.655 E0.77656
G1 X162.107 Y298.855 Z2.216 E0.77656
G1 X161.822 Y299.233 Z2.777 E0.77656
G1 X161.524 Y299.601 Z3.338 E0.77656
G1 X161.216 Y299.960 Z3.898 E0.77656
G1 X160.896 Y300.310 Z4.459 E0.77656
G1 X160.565 Y300.648 Z4.880 E0.67011
G4 P1500
G1 X160.223 Y300.977 Z4.319 E0.77656
G1 X159.872 Y301.294 Z3.758 E0.77656
G1 X159.510 Y301.600 Z3.197 E0.77656
G1 X159.139 Y301.894 Z2.637 E0.77656
G1 X158.759 Y302.177 Z2.076 E0.77656
G1 X158.370 Y302.447 Z1.515 E0.77656
G1 X157.973 Y302.705 Z0.954 E0.77656
G1 X157.568 Y302.951 Z0.800 E0.52695
G4 P1500
G1 X157.156 Y303.183 Z0.800 E0.50104
G1 X156.736 Y303.403 Z1.328 E0.75049
G1 X156.309 Y303.608 Z1.889 E0.77656
G1 X155.877 Y303.801 Z2.450 E0.77656
G1 X155.438 Y303.980 Z3.011 E0.77656
G1 X154.994 Y304.144 Z3.571 E0.77656
G1 X154.545 Y304.295 Z4.132 E0.77656
G1 X154.092 Y304.431 Z4.693 E0.77656
G4 P1500
G1 X153.634 Y304.553 Z4.646 E0.50347
G1 X153.173 Y304.661 Z4.085 E0.77656
G1 X152.708 Y304.753 Z3.525 E0.77656
G1 X152.241 Y304.832 Z2.964 E0.77656
G1 X151.772 Y304.895 Z2.403 E0.77656
G1 X151.301 Y304.943 Z1.842 E0.77656
G1 X150.828 Y304.977 Z1.281 E0.77656
G1 X150.355 Y304.996 Z0.800 E0.71445
G4 P1500
G1 X149.882 Y305.000 Z0.800 E0.50104
G1 X149.408 Y304.988 Z1.001 E0.54430
G1 X148.935 Y304.962 Z1.562 E0.77656
G1 X148.463 Y304.921 Z2.123 E0.77656
G1 X147.993 Y304.865 Z2.683 E0.77656
G1 X147.525 Y304.794 Z3.244 E0.77656
G1 X147.059 Y304.709 Z3.805 E0.77656
G1 X146.596 Y304.609 Z4.366 E0.77656
G1 X146.137 Y304.494 Z4.927 E0.77656
G4 P1500
G1 X145.681 Y304.365 Z4.413 E0.73948
G1 X145.230 Y304.221 Z3.852 E0.77656
G1 X144.783 Y304.064 Z3.291 E0.77656
G1 X144.342 Y303.892 Z2.730 E0.77656
G1 X143.906 Y303.706 Z2.169 E0.77656
G1 X143.477 Y303.507 Z1.609 E0.77656
G1 X143.053 Y303.295 Z1.048 E0.77656
G1 X142.637 Y303.069 Z0.800 E0.56545
G4 P1500
G1 X142.228 Y302.830 Z0.800 E0.50104
G1 X141.827 Y302.578 Z1.235 E0.68008
G1 X141.434 Y302.314 Z1.795 E0.77656
G1 X141.050 Y302.037 Z2.356 E0.77656
G1 X140.674 Y301.749 Z2.917 E0.77656
G1 X140.308 Y301.448 Z3.478 E0.77656
G1 X139.951 Y301.137 Z4.039 E0.77656
G1 X139.605 Y300.814 Z4.599 E0.77656
G1 X139.269 Y300.480 Z4.740 E0.52253
G4 P1500
G1 X138.943 Y300.136 Z4.179 E0.77656
G1 X138.629 Y299.782 Z3.618 E0.77656
G1 X138.325 Y299.418 Z3.057 E0.77656
G1 X138.034 Y299.045 Z2.496 E0.77656
G1 X137.754 Y298.663 Z1.936 E0.77656
G1 X137.487 Y298.272 Z1.375 E0.77656
G1 X137.232 Y297.873 Z0.814 E0.77656
G1 X136.990 Y297.466 Z0.800 E0.50126
G4 P1500
G1 X136.761 Y297.051 Z0.908 E0.51379
G1 X136.545 Y296.630 Z1.468 E0.77656
G1 X136.342 Y296.202 Z2.029 E0.77656
G1 X136.153 Y295.768 Z2.590 E0.77656
G1 X135.978 Y295.328 Z3.151 E0.77656
G1 X135.817 Y294.882 Z3.712 E0.77656
G1 X135.670 Y294.432 Z4.272 E0.77656
G1 X135.537 Y293.978 Z4.833 E0.77656
G4 P1500
G1 X135.419 Y293.519 Z4.506 E0.60895
G1 X135.315 Y293.057 Z3.945 E0.77656
G1 X135.226 Y292.592 Z3.384 E0.77656
G1 X135.151 Y292.124 Z2.824 E0.77656
G1 X135.091 Y291.654 Z2.263 E0.77656
G1 X135.047 Y291.183 Z1.702 E0.77656
G1 X135.017 Y290.710 Z1.141 E0.77656
G1 X135.002 Y290.237 Z0.800 E0.61753
G4 P1500
G1 X135.002 Y289.763 Z0.800 E0.50104
G1 X135.017 Y289.290 Z1.141 E0.61753
G1 X135.047 Y288.817 Z1.702 E0.77656
G1 X135.091 Y288.346 Z2.263 E0.77656
G1 X135.151 Y287.876 Z2.824 E0.77656
G1 X135.226 Y287.408 Z3.384 E0.77656
G1 X135.315 Y286.943 Z3.945 E0.77656
G1 X135.419 Y286.481 Z4.506 E0.77656
G1 X135.537 Y286.022 Z4.833 E0.60895
G4 P1500
G1 X135.670 Y285.568 Z4.272 E0.77656
G1 X135.817 Y285.118 Z3.712 E0.77656
G1 X135.978 Y284.672 Z3.151 E0.77656
G1 X136.153 Y284.232 Z2.590 E0.77656
G1 X136.342 Y283.798 Z2.029 E0.77656
G1 X136.545 Y283.370 Z1.468 E0.77656
G1 X136.761 Y282.949 Z0.908 E0.77656
G1 X136.990 Y282.534 Z0.800 E0.51379
G4 P1500
G1 X137.232 Y282.127 Z0.814 E0.50126
G1 X137.487 Y281.728 Z1.375 E0.77656
G1 X137.754 Y281.337 Z1.936 E0.77656
G1 X138.034 Y280.955 Z2.496 E0.77656
G1 X138.325 Y280.582 Z3.057 E0.77656
G1 X138.629 Y280.218 Z3.618 E0.77656
G1 X138.943 Y279.864 Z4.179 E0.77656
G1 X139.269 Y279.520 Z4.740 E0.77656
G4 P1500
G1 X139.605 Y279.186 Z4.599 E0.52253
G1 X139.951 Y278.863 Z4.039 E0.77656
G1 X140.308 Y278.552 Z3.478 E0.77656
G1 X140.674 Y278.251 Z2.917 E0.77656
G1 X141.050 Y277.963 Z2.356 E0.77656
G1 X141.434 Y277.686 Z1.795 E0.77656
G1 X141.827 Y277.422 Z1.235 E0.77656
G1 X142.228 Y277.170 Z0.800 E0.68008
G4 P1500
G1 X142.637 Y276.931 Z0.800 E0.50104
G1 X143.053 Y276.705 Z1.048 E0.56545
G1 X143.477 Y276.493 Z1.609 E0.77656
G1 X143.906 Y276.294 Z2.169 E0.77656
G1 X144.342 Y276.108 Z2.730 E0.77656
G1 X144.783 Y275.936 Z3.291 E0.77656
G1 X145.230 Y275.779 Z3.852 E0.77656
G1 X145.681 Y275.635 Z4.413 E0.77656
G1 X146.137 Y275.506 Z4.927 E0.73948
G4 P1500
G1 X146.596 Y275.391 Z4.366 E0.77656
G1 X147.059 Y275.291 Z3.805 E0.77656
G1 X147.525 Y275.206 Z3.244 E0.77656
G1 X147.993 Y275.135 Z2.683 E0.77656
G1 X148.463 Y275.079 Z2.123 E0.77656
G1 X148.935 Y275.038 Z1.562 E0.77656
G1 X149.408 Y275.012 Z1.001 E0.77656
G1 X149.882 Y275.000 Z0.800 E0.54430
G4 P1500
G1 X150.355 Y275.004 Z0.800 E0.50104
G1 X150.828 Y275.023 Z1.281 E0.71445
G1 X151.301 Y275.057 Z1.842 E0.77656
G1 X151.772 Y275.105 Z2.403 E0.77656
G1 X152.241 Y275.168 Z2.964 E0.77656
G1 X152.708 Y275.247 Z3.525 E0.77656
G1 X153.173 Y275.339 Z4.085 E0.77656
G1 X153.634 Y275.447 Z4.646 E0.77656
G1 X154.092 Y275.569 Z4.693 E0.50347
G4 P1500
G1 X154.545 Y275.705 Z4.132 E0.77656
G1 X154.994 Y275.856 Z3.571 E0.77656
G1 X155.438 Y276.020 Z3.011 E0.77656
G1 X155.877 Y276.199 Z2.450 E0.77656
G1 X156.309 Y276.392 Z1.889 E0.77656
G1 X156.736 Y276.597 Z1.328 E0.77656
G1 X157.156 Y276.817 Z0.800 E0.75049
G4 P1500
G1 X157.568 Y277.049 Z0.800 E0.50104
G1 X157.973 Y277.295 Z0.954 E0.52695
G1 X158.370 Y277.553 Z1.515 E0.77656
G1 X158.759 Y277.823 Z2.076 E0.77656
G1 X159.139 Y278.106 Z2.637 E0.77656
G1 X159.510 Y278.400 Z3.197 E0.77656
G1 X159.872 Y278.706 Z3.758 E0.77656
G1 X160.223 Y279.023 Z4.319 E0.77656
G1 X160.565 Y279.352 Z4.880 E0.77656
G4 P1500
G1 X160.896 Y279.690 Z4.459 E0.67011
G1 X161.216 Y280.040 Z3.898 E0.77656
G1 X161.524 Y280.399 Z3.338 E0.77656
G1 X161.822 Y280.767 Z2.777 E0.77656
G1 X162.107 Y281.145 Z2.216 E0.77656
G1 X162.381 Y281.532 Z1.655 E0.77656
G1 X162.642 Y281.927 Z1.094 E0.77656
G1 X162.891 Y282.330 Z0.800 E0.58999
G4 P1500
G1 X163.126 Y282.741 Z0.800 E0.50104
G1 X163.349 Y283.159 Z1.188 E0.64768
G1 X163.558 Y283.583 Z1.749 E0.77656
G1 X163.754 Y284.015 Z2.310 E0.77656
G1 X163.936 Y284.452 Z2.870 E0.77656
G1 X164.104 Y284.894 Z3.431 E0.77656
G1 X164.259 Y285.342 Z3.992 E0.77656
G1 X164.398 Y285.795 Z4.553 E0.77656
G1 X164.524 Y286.251 Z4.786 E0.55870
G4 P1500
G1 X164.635 Y286.712 Z4.226 E0.77656
G1 X164.732 Y287.175 Z3.665 E0.77656
G1 X164.813 Y287.642 Z3.104 E0.77656
G1 X164.881 Y288.111 Z2.543 E0.77656
G1 X164.933 Y288.581 Z1.982 E0.77656
G1 X164.970 Y289.053 Z1.422 E0.77656
G1 X164.993 Y289.526 Z0.861 E0.77656
G1 X165.000 Y290.000 Z0.800 E0.50515
G1 E-3.0 F600
G92 E0
M106 S0               ; Fan off before next ring

; ============================================================
; [ 8]  Speed=4.5mm/s  Dwell=3000ms
; Center: X150 Y330
; ============================================================
; Mini purge
G1 Z3.80 F6000
G1 X135.0 Y303.0 F6000
G1 Z0.80 F2000
G92 E0
G1 E3 F150
G1 X165.0 E17.9605 F900
G1 E-3.0 F600
G92 E0
; Base ring
M221 S100
G1 Z3.80 F6000
G1 X173.000 Y330.000 F6000
G1 Z0.800 F3000
G1 X165.000 Y330.000 E7.78946 F900
G1 F900
G1 X164.993 Y330.468 Z0.800 E0.28038
G1 X164.971 Y330.936 Z0.800 E0.28038
G1 X164.934 Y331.403 Z0.800 E0.28038
G1 X164.883 Y331.869 Z0.800 E0.28038
G1 X164.818 Y332.332 Z0.800 E0.28038
G1 X164.738 Y332.794 Z0.800 E0.28038
G1 X164.643 Y333.252 Z0.800 E0.28038
G1 X164.534 Y333.708 Z0.800 E0.28038
G1 X164.412 Y334.160 Z0.800 E0.28038
G1 X164.275 Y334.608 Z0.800 E0.28038
G1 X164.124 Y335.051 Z0.800 E0.28038
G1 X163.959 Y335.490 Z0.800 E0.28038
G1 X163.781 Y335.923 Z0.800 E0.28038
G1 X163.590 Y336.350 Z0.800 E0.28038
G1 X163.385 Y336.771 Z0.800 E0.28038
G1 X163.167 Y337.186 Z0.800 E0.28038
G1 X162.936 Y337.593 Z0.800 E0.28038
G1 X162.693 Y337.993 Z0.800 E0.28038
G1 X162.437 Y338.386 Z0.800 E0.28038
G1 X162.169 Y338.770 Z0.800 E0.28038
G1 X161.889 Y339.146 Z0.800 E0.28038
G1 X161.598 Y339.512 Z0.800 E0.28038
G1 X161.296 Y339.870 Z0.800 E0.28038
G1 X160.982 Y340.217 Z0.800 E0.28038
G1 X160.658 Y340.555 Z0.800 E0.28038
G1 X160.323 Y340.883 Z0.800 E0.28038
G1 X159.978 Y341.200 Z0.800 E0.28038
G1 X159.624 Y341.506 Z0.800 E0.28038
G1 X159.260 Y341.801 Z0.800 E0.28038
G1 X158.887 Y342.084 Z0.800 E0.28038
G1 X158.505 Y342.356 Z0.800 E0.28038
G1 X158.115 Y342.615 Z0.800 E0.28038
G1 X157.718 Y342.862 Z0.800 E0.28038
G1 X157.312 Y343.097 Z0.800 E0.28038
G1 X156.900 Y343.319 Z0.800 E0.28038
G1 X156.481 Y343.528 Z0.800 E0.28038
G1 X156.055 Y343.723 Z0.800 E0.28038
G1 X155.624 Y343.906 Z0.800 E0.28038
G1 X155.187 Y344.075 Z0.800 E0.28038
G1 X154.745 Y344.230 Z0.800 E0.28038
G1 X154.299 Y344.371 Z0.800 E0.28038
G1 X153.848 Y344.498 Z0.800 E0.28038
G1 X153.393 Y344.611 Z0.800 E0.28038
G1 X152.936 Y344.710 Z0.800 E0.28038
G1 X152.475 Y344.794 Z0.800 E0.28038
G1 X152.012 Y344.864 Z0.800 E0.28038
G1 X151.547 Y344.920 Z0.800 E0.28038
G1 X151.080 Y344.961 Z0.800 E0.28038
G1 X150.613 Y344.987 Z0.800 E0.28038
G1 X150.145 Y344.999 Z0.800 E0.28038
G1 X149.676 Y344.997 Z0.800 E0.28038
G1 X149.208 Y344.979 Z0.800 E0.28038
G1 X148.741 Y344.947 Z0.800 E0.28038
G1 X148.275 Y344.901 Z0.800 E0.28038
G1 X147.811 Y344.839 Z0.800 E0.28038
G1 X147.349 Y344.764 Z0.800 E0.28038
G1 X146.889 Y344.674 Z0.800 E0.28038
G1 X146.432 Y344.570 Z0.800 E0.28038
G1 X145.979 Y344.451 Z0.800 E0.28038
G1 X145.530 Y344.319 Z0.800 E0.28038
G1 X145.085 Y344.172 Z0.800 E0.28038
G1 X144.645 Y344.012 Z0.800 E0.28038
G1 X144.211 Y343.838 Z0.800 E0.28038
G1 X143.781 Y343.650 Z0.800 E0.28038
G1 X143.358 Y343.449 Z0.800 E0.28038
G1 X142.942 Y343.236 Z0.800 E0.28038
G1 X142.532 Y343.009 Z0.800 E0.28038
G1 X142.129 Y342.769 Z0.800 E0.28038
G1 X141.735 Y342.517 Z0.800 E0.28038
G1 X141.348 Y342.253 Z0.800 E0.28038
G1 X140.970 Y341.977 Z0.800 E0.28038
G1 X140.600 Y341.689 Z0.800 E0.28038
G1 X140.240 Y341.390 Z0.800 E0.28038
G1 X139.889 Y341.080 Z0.800 E0.28038
G1 X139.548 Y340.759 Z0.800 E0.28038
G1 X139.217 Y340.427 Z0.800 E0.28038
G1 X138.897 Y340.086 Z0.800 E0.28038
G1 X138.588 Y339.734 Z0.800 E0.28038
G1 X138.289 Y339.373 Z0.800 E0.28038
G1 X138.002 Y339.003 Z0.800 E0.28038
G1 X137.727 Y338.624 Z0.800 E0.28038
G1 X137.464 Y338.237 Z0.800 E0.28038
G1 X137.213 Y337.841 Z0.800 E0.28038
G1 X136.974 Y337.438 Z0.800 E0.28038
G1 X136.748 Y337.028 Z0.800 E0.28038
G1 X136.535 Y336.611 Z0.800 E0.28038
G1 X136.336 Y336.187 Z0.800 E0.28038
G1 X136.149 Y335.758 Z0.800 E0.28038
G1 X135.976 Y335.323 Z0.800 E0.28038
G1 X135.817 Y334.882 Z0.800 E0.28038
G1 X135.671 Y334.437 Z0.800 E0.28038
G1 X135.540 Y333.988 Z0.800 E0.28038
G1 X135.422 Y333.534 Z0.800 E0.28038
G1 X135.319 Y333.077 Z0.800 E0.28038
G1 X135.230 Y332.618 Z0.800 E0.28038
G1 X135.156 Y332.155 Z0.800 E0.28038
G1 X135.096 Y331.691 Z0.800 E0.28038
G1 X135.050 Y331.225 Z0.800 E0.28038
G1 X135.019 Y330.757 Z0.800 E0.28038
G1 X135.003 Y330.289 Z0.800 E0.28038
G1 X135.001 Y329.821 Z0.800 E0.28038
G1 X135.014 Y329.353 Z0.800 E0.28038
G1 X135.041 Y328.885 Z0.800 E0.28038
G1 X135.084 Y328.419 Z0.800 E0.28038
G1 X135.140 Y327.954 Z0.800 E0.28038
G1 X135.211 Y327.491 Z0.800 E0.28038
G1 X135.297 Y327.031 Z0.800 E0.28038
G1 X135.397 Y326.573 Z0.800 E0.28038
G1 X135.511 Y326.119 Z0.800 E0.28038
G1 X135.639 Y325.669 Z0.800 E0.28038
G1 X135.781 Y325.222 Z0.800 E0.28038
G1 X135.937 Y324.781 Z0.800 E0.28038
G1 X136.107 Y324.344 Z0.800 E0.28038
G1 X136.290 Y323.913 Z0.800 E0.28038
G1 X136.487 Y323.488 Z0.800 E0.28038
G1 X136.697 Y323.070 Z0.800 E0.28038
G1 X136.920 Y322.658 Z0.800 E0.28038
G1 X137.155 Y322.253 Z0.800 E0.28038
G1 X137.403 Y321.856 Z0.800 E0.28038
G1 X137.664 Y321.467 Z0.800 E0.28038
G1 X137.936 Y321.086 Z0.800 E0.28038
G1 X138.220 Y320.713 Z0.800 E0.28038
G1 X138.516 Y320.350 Z0.800 E0.28038
G1 X138.823 Y319.996 Z0.800 E0.28038
G1 X139.141 Y319.652 Z0.800 E0.28038
G1 X139.469 Y319.318 Z0.800 E0.28038
G1 X139.808 Y318.995 Z0.800 E0.28038
G1 X140.156 Y318.682 Z0.800 E0.28038
G1 X140.514 Y318.380 Z0.800 E0.28038
G1 X140.882 Y318.090 Z0.800 E0.28038
G1 X141.258 Y317.811 Z0.800 E0.28038
G1 X141.643 Y317.544 Z0.800 E0.28038
G1 X142.036 Y317.289 Z0.800 E0.28038
G1 X142.436 Y317.047 Z0.800 E0.28038
G1 X142.844 Y316.817 Z0.800 E0.28038
G1 X143.259 Y316.600 Z0.800 E0.28038
G1 X143.681 Y316.396 Z0.800 E0.28038
G1 X144.109 Y316.205 Z0.800 E0.28038
G1 X144.542 Y316.028 Z0.800 E0.28038
G1 X144.981 Y315.865 Z0.800 E0.28038
G1 X145.425 Y315.715 Z0.800 E0.28038
G1 X145.873 Y315.579 Z0.800 E0.28038
G1 X146.325 Y315.457 Z0.800 E0.28038
G1 X146.781 Y315.349 Z0.800 E0.28038
G1 X147.240 Y315.256 Z0.800 E0.28038
G1 X147.702 Y315.177 Z0.800 E0.28038
G1 X148.165 Y315.113 Z0.800 E0.28038
G1 X148.631 Y315.063 Z0.800 E0.28038
G1 X149.098 Y315.027 Z0.800 E0.28038
G1 X149.566 Y315.006 Z0.800 E0.28038
G1 X150.034 Y315.000 Z0.800 E0.28038
G1 X150.502 Y315.008 Z0.800 E0.28038
G1 X150.970 Y315.031 Z0.800 E0.28038
G1 X151.437 Y315.069 Z0.800 E0.28038
G1 X151.902 Y315.121 Z0.800 E0.28038
G1 X152.366 Y315.188 Z0.800 E0.28038
G1 X152.827 Y315.269 Z0.800 E0.28038
G1 X153.286 Y315.364 Z0.800 E0.28038
G1 X153.741 Y315.474 Z0.800 E0.28038
G1 X154.193 Y315.598 Z0.800 E0.28038
G1 X154.640 Y315.736 Z0.800 E0.28038
G1 X155.083 Y315.888 Z0.800 E0.28038
G1 X155.521 Y316.053 Z0.800 E0.28038
G1 X155.954 Y316.232 Z0.800 E0.28038
G1 X156.381 Y316.425 Z0.800 E0.28038
G1 X156.802 Y316.631 Z0.800 E0.28038
G1 X157.216 Y316.850 Z0.800 E0.28038
G1 X157.623 Y317.081 Z0.800 E0.28038
G1 X158.022 Y317.326 Z0.800 E0.28038
G1 X158.414 Y317.582 Z0.800 E0.28038
G1 X158.798 Y317.851 Z0.800 E0.28038
G1 X159.173 Y318.131 Z0.800 E0.28038
G1 X159.539 Y318.424 Z0.800 E0.28038
G1 X159.895 Y318.727 Z0.800 E0.28038
G1 X160.242 Y319.041 Z0.800 E0.28038
G1 X160.580 Y319.366 Z0.800 E0.28038
G1 X160.906 Y319.702 Z0.800 E0.28038
G1 X161.223 Y320.047 Z0.800 E0.28038
G1 X161.528 Y320.403 Z0.800 E0.28038
G1 X161.822 Y320.767 Z0.800 E0.28038
G1 X162.104 Y321.141 Z0.800 E0.28038
G1 X162.375 Y321.523 Z0.800 E0.28038
G1 X162.634 Y321.913 Z0.800 E0.28038
G1 X162.880 Y322.312 Z0.800 E0.28038
G1 X163.114 Y322.718 Z0.800 E0.28038
G1 X163.335 Y323.130 Z0.800 E0.28038
G1 X163.542 Y323.550 Z0.800 E0.28038
G1 X163.737 Y323.976 Z0.800 E0.28038
G1 X163.919 Y324.408 Z0.800 E0.28038
G1 X164.086 Y324.845 Z0.800 E0.28038
G1 X164.240 Y325.287 Z0.800 E0.28038
G1 X164.381 Y325.734 Z0.800 E0.28038
G1 X164.507 Y326.185 Z0.800 E0.28038
G1 X164.619 Y326.640 Z0.800 E0.28038
G1 X164.717 Y327.098 Z0.800 E0.28038
G1 X164.800 Y327.559 Z0.800 E0.28038
G1 X164.869 Y328.022 Z0.800 E0.28038
G1 X164.924 Y328.487 Z0.800 E0.28038
G1 X164.963 Y328.954 Z0.800 E0.28038
G1 E-3.0 F600
G92 E0
M106 S255             ; Fan 100% for air printing
; Mesh layer (n=0)
M221 S50
G1 Z7.950 F6000
G1 X165.000 Y330.000 F6000
G1 Z0.800 F3000
G1 E3.0 F300
G1 F270
G1 X164.993 Y330.474 Z0.861 E0.50515
G1 X164.970 Y330.947 Z1.422 E0.77656
G1 X164.933 Y331.419 Z1.982 E0.77656
G1 X164.881 Y331.889 Z2.543 E0.77656
G1 X164.813 Y332.358 Z3.104 E0.77656
G1 X164.732 Y332.825 Z3.665 E0.77656
G1 X164.635 Y333.288 Z4.226 E0.77656
G1 X164.524 Y333.749 Z4.786 E0.77656
G4 P3000
G1 X164.398 Y334.205 Z4.553 E0.55870
G1 X164.259 Y334.658 Z3.992 E0.77656
G1 X164.104 Y335.106 Z3.431 E0.77656
G1 X163.936 Y335.548 Z2.870 E0.77656
G1 X163.754 Y335.985 Z2.310 E0.77656
G1 X163.558 Y336.417 Z1.749 E0.77656
G1 X163.349 Y336.841 Z1.188 E0.77656
G1 X163.126 Y337.259 Z0.800 E0.64768
G4 P3000
G1 X162.891 Y337.670 Z0.800 E0.50104
G1 X162.642 Y338.073 Z1.094 E0.58999
G1 X162.381 Y338.468 Z1.655 E0.77656
G1 X162.107 Y338.855 Z2.216 E0.77656
G1 X161.822 Y339.233 Z2.777 E0.77656
G1 X161.524 Y339.601 Z3.338 E0.77656
G1 X161.216 Y339.960 Z3.898 E0.77656
G1 X160.896 Y340.310 Z4.459 E0.77656
G1 X160.565 Y340.648 Z4.880 E0.67011
G4 P3000
G1 X160.223 Y340.977 Z4.319 E0.77656
G1 X159.872 Y341.294 Z3.758 E0.77656
G1 X159.510 Y341.600 Z3.197 E0.77656
G1 X159.139 Y341.894 Z2.637 E0.77656
G1 X158.759 Y342.177 Z2.076 E0.77656
G1 X158.370 Y342.447 Z1.515 E0.77656
G1 X157.973 Y342.705 Z0.954 E0.77656
G1 X157.568 Y342.951 Z0.800 E0.52695
G4 P3000
G1 X157.156 Y343.183 Z0.800 E0.50104
G1 X156.736 Y343.403 Z1.328 E0.75049
G1 X156.309 Y343.608 Z1.889 E0.77656
G1 X155.877 Y343.801 Z2.450 E0.77656
G1 X155.438 Y343.980 Z3.011 E0.77656
G1 X154.994 Y344.144 Z3.571 E0.77656
G1 X154.545 Y344.295 Z4.132 E0.77656
G1 X154.092 Y344.431 Z4.693 E0.77656
G4 P3000
G1 X153.634 Y344.553 Z4.646 E0.50347
G1 X153.173 Y344.661 Z4.085 E0.77656
G1 X152.708 Y344.753 Z3.525 E0.77656
G1 X152.241 Y344.832 Z2.964 E0.77656
G1 X151.772 Y344.895 Z2.403 E0.77656
G1 X151.301 Y344.943 Z1.842 E0.77656
G1 X150.828 Y344.977 Z1.281 E0.77656
G1 X150.355 Y344.996 Z0.800 E0.71445
G4 P3000
G1 X149.882 Y345.000 Z0.800 E0.50104
G1 X149.408 Y344.988 Z1.001 E0.54430
G1 X148.935 Y344.962 Z1.562 E0.77656
G1 X148.463 Y344.921 Z2.123 E0.77656
G1 X147.993 Y344.865 Z2.683 E0.77656
G1 X147.525 Y344.794 Z3.244 E0.77656
G1 X147.059 Y344.709 Z3.805 E0.77656
G1 X146.596 Y344.609 Z4.366 E0.77656
G1 X146.137 Y344.494 Z4.927 E0.77656
G4 P3000
G1 X145.681 Y344.365 Z4.413 E0.73948
G1 X145.230 Y344.221 Z3.852 E0.77656
G1 X144.783 Y344.064 Z3.291 E0.77656
G1 X144.342 Y343.892 Z2.730 E0.77656
G1 X143.906 Y343.706 Z2.169 E0.77656
G1 X143.477 Y343.507 Z1.609 E0.77656
G1 X143.053 Y343.295 Z1.048 E0.77656
G1 X142.637 Y343.069 Z0.800 E0.56545
G4 P3000
G1 X142.228 Y342.830 Z0.800 E0.50104
G1 X141.827 Y342.578 Z1.235 E0.68008
G1 X141.434 Y342.314 Z1.795 E0.77656
G1 X141.050 Y342.037 Z2.356 E0.77656
G1 X140.674 Y341.749 Z2.917 E0.77656
G1 X140.308 Y341.448 Z3.478 E0.77656
G1 X139.951 Y341.137 Z4.039 E0.77656
G1 X139.605 Y340.814 Z4.599 E0.77656
G1 X139.269 Y340.480 Z4.740 E0.52253
G4 P3000
G1 X138.943 Y340.136 Z4.179 E0.77656
G1 X138.629 Y339.782 Z3.618 E0.77656
G1 X138.325 Y339.418 Z3.057 E0.77656
G1 X138.034 Y339.045 Z2.496 E0.77656
G1 X137.754 Y338.663 Z1.936 E0.77656
G1 X137.487 Y338.272 Z1.375 E0.77656
G1 X137.232 Y337.873 Z0.814 E0.77656
G1 X136.990 Y337.466 Z0.800 E0.50126
G4 P3000
G1 X136.761 Y337.051 Z0.908 E0.51379
G1 X136.545 Y336.630 Z1.468 E0.77656
G1 X136.342 Y336.202 Z2.029 E0.77656
G1 X136.153 Y335.768 Z2.590 E0.77656
G1 X135.978 Y335.328 Z3.151 E0.77656
G1 X135.817 Y334.882 Z3.712 E0.77656
G1 X135.670 Y334.432 Z4.272 E0.77656
G1 X135.537 Y333.978 Z4.833 E0.77656
G4 P3000
G1 X135.419 Y333.519 Z4.506 E0.60895
G1 X135.315 Y333.057 Z3.945 E0.77656
G1 X135.226 Y332.592 Z3.384 E0.77656
G1 X135.151 Y332.124 Z2.824 E0.77656
G1 X135.091 Y331.654 Z2.263 E0.77656
G1 X135.047 Y331.183 Z1.702 E0.77656
G1 X135.017 Y330.710 Z1.141 E0.77656
G1 X135.002 Y330.237 Z0.800 E0.61753
G4 P3000
G1 X135.002 Y329.763 Z0.800 E0.50104
G1 X135.017 Y329.290 Z1.141 E0.61753
G1 X135.047 Y328.817 Z1.702 E0.77656
G1 X135.091 Y328.346 Z2.263 E0.77656
G1 X135.151 Y327.876 Z2.824 E0.77656
G1 X135.226 Y327.408 Z3.384 E0.77656
G1 X135.315 Y326.943 Z3.945 E0.77656
G1 X135.419 Y326.481 Z4.506 E0.77656
G1 X135.537 Y326.022 Z4.833 E0.60895
G4 P3000
G1 X135.670 Y325.568 Z4.272 E0.77656
G1 X135.817 Y325.118 Z3.712 E0.77656
G1 X135.978 Y324.672 Z3.151 E0.77656
G1 X136.153 Y324.232 Z2.590 E0.77656
G1 X136.342 Y323.798 Z2.029 E0.77656
G1 X136.545 Y323.370 Z1.468 E0.77656
G1 X136.761 Y322.949 Z0.908 E0.77656
G1 X136.990 Y322.534 Z0.800 E0.51379
G4 P3000
G1 X137.232 Y322.127 Z0.814 E0.50126
G1 X137.487 Y321.728 Z1.375 E0.77656
G1 X137.754 Y321.337 Z1.936 E0.77656
G1 X138.034 Y320.955 Z2.496 E0.77656
G1 X138.325 Y320.582 Z3.057 E0.77656
G1 X138.629 Y320.218 Z3.618 E0.77656
G1 X138.943 Y319.864 Z4.179 E0.77656
G1 X139.269 Y319.520 Z4.740 E0.77656
G4 P3000
G1 X139.605 Y319.186 Z4.599 E0.52253
G1 X139.951 Y318.863 Z4.039 E0.77656
G1 X140.308 Y318.552 Z3.478 E0.77656
G1 X140.674 Y318.251 Z2.917 E0.77656
G1 X141.050 Y317.963 Z2.356 E0.77656
G1 X141.434 Y317.686 Z1.795 E0.77656
G1 X141.827 Y317.422 Z1.235 E0.77656
G1 X142.228 Y317.170 Z0.800 E0.68008
G4 P3000
G1 X142.637 Y316.931 Z0.800 E0.50104
G1 X143.053 Y316.705 Z1.048 E0.56545
G1 X143.477 Y316.493 Z1.609 E0.77656
G1 X143.906 Y316.294 Z2.169 E0.77656
G1 X144.342 Y316.108 Z2.730 E0.77656
G1 X144.783 Y315.936 Z3.291 E0.77656
G1 X145.230 Y315.779 Z3.852 E0.77656
G1 X145.681 Y315.635 Z4.413 E0.77656
G1 X146.137 Y315.506 Z4.927 E0.73948
G4 P3000
G1 X146.596 Y315.391 Z4.366 E0.77656
G1 X147.059 Y315.291 Z3.805 E0.77656
G1 X147.525 Y315.206 Z3.244 E0.77656
G1 X147.993 Y315.135 Z2.683 E0.77656
G1 X148.463 Y315.079 Z2.123 E0.77656
G1 X148.935 Y315.038 Z1.562 E0.77656
G1 X149.408 Y315.012 Z1.001 E0.77656
G1 X149.882 Y315.000 Z0.800 E0.54430
G4 P3000
G1 X150.355 Y315.004 Z0.800 E0.50104
G1 X150.828 Y315.023 Z1.281 E0.71445
G1 X151.301 Y315.057 Z1.842 E0.77656
G1 X151.772 Y315.105 Z2.403 E0.77656
G1 X152.241 Y315.168 Z2.964 E0.77656
G1 X152.708 Y315.247 Z3.525 E0.77656
G1 X153.173 Y315.339 Z4.085 E0.77656
G1 X153.634 Y315.447 Z4.646 E0.77656
G1 X154.092 Y315.569 Z4.693 E0.50347
G4 P3000
G1 X154.545 Y315.705 Z4.132 E0.77656
G1 X154.994 Y315.856 Z3.571 E0.77656
G1 X155.438 Y316.020 Z3.011 E0.77656
G1 X155.877 Y316.199 Z2.450 E0.77656
G1 X156.309 Y316.392 Z1.889 E0.77656
G1 X156.736 Y316.597 Z1.328 E0.77656
G1 X157.156 Y316.817 Z0.800 E0.75049
G4 P3000
G1 X157.568 Y317.049 Z0.800 E0.50104
G1 X157.973 Y317.295 Z0.954 E0.52695
G1 X158.370 Y317.553 Z1.515 E0.77656
G1 X158.759 Y317.823 Z2.076 E0.77656
G1 X159.139 Y318.106 Z2.637 E0.77656
G1 X159.510 Y318.400 Z3.197 E0.77656
G1 X159.872 Y318.706 Z3.758 E0.77656
G1 X160.223 Y319.023 Z4.319 E0.77656
G1 X160.565 Y319.352 Z4.880 E0.77656
G4 P3000
G1 X160.896 Y319.690 Z4.459 E0.67011
G1 X161.216 Y320.040 Z3.898 E0.77656
G1 X161.524 Y320.399 Z3.338 E0.77656
G1 X161.822 Y320.767 Z2.777 E0.77656
G1 X162.107 Y321.145 Z2.216 E0.77656
G1 X162.381 Y321.532 Z1.655 E0.77656
G1 X162.642 Y321.927 Z1.094 E0.77656
G1 X162.891 Y322.330 Z0.800 E0.58999
G4 P3000
G1 X163.126 Y322.741 Z0.800 E0.50104
G1 X163.349 Y323.159 Z1.188 E0.64768
G1 X163.558 Y323.583 Z1.749 E0.77656
G1 X163.754 Y324.015 Z2.310 E0.77656
G1 X163.936 Y324.452 Z2.870 E0.77656
G1 X164.104 Y324.894 Z3.431 E0.77656
G1 X164.259 Y325.342 Z3.992 E0.77656
G1 X164.398 Y325.795 Z4.553 E0.77656
G1 X164.524 Y326.251 Z4.786 E0.55870
G4 P3000
G1 X164.635 Y326.712 Z4.226 E0.77656
G1 X164.732 Y327.175 Z3.665 E0.77656
G1 X164.813 Y327.642 Z3.104 E0.77656
G1 X164.881 Y328.111 Z2.543 E0.77656
G1 X164.933 Y328.581 Z1.982 E0.77656
G1 X164.970 Y329.053 Z1.422 E0.77656
G1 X164.993 Y329.526 Z0.861 E0.77656
G1 X165.000 Y330.000 Z0.800 E0.50515
G1 E-3.0 F600
G92 E0
M106 S0               ; Fan off before next ring

; ============================================================
; [ 9]  Speed=4.5mm/s  Dwell=6000ms
; Center: X150 Y370
; ============================================================
; Mini purge
G1 Z3.80 F6000
G1 X135.0 Y343.0 F6000
G1 Z0.80 F2000
G92 E0
G1 E3 F150
G1 X165.0 E17.9605 F900
G1 E-3.0 F600
G92 E0
; Base ring
M221 S100
G1 Z3.80 F6000
G1 X173.000 Y370.000 F6000
G1 Z0.800 F3000
G1 X165.000 Y370.000 E7.78946 F900
G1 F900
G1 X164.993 Y370.468 Z0.800 E0.28038
G1 X164.971 Y370.936 Z0.800 E0.28038
G1 X164.934 Y371.403 Z0.800 E0.28038
G1 X164.883 Y371.869 Z0.800 E0.28038
G1 X164.818 Y372.332 Z0.800 E0.28038
G1 X164.738 Y372.794 Z0.800 E0.28038
G1 X164.643 Y373.252 Z0.800 E0.28038
G1 X164.534 Y373.708 Z0.800 E0.28038
G1 X164.412 Y374.160 Z0.800 E0.28038
G1 X164.275 Y374.608 Z0.800 E0.28038
G1 X164.124 Y375.051 Z0.800 E0.28038
G1 X163.959 Y375.490 Z0.800 E0.28038
G1 X163.781 Y375.923 Z0.800 E0.28038
G1 X163.590 Y376.350 Z0.800 E0.28038
G1 X163.385 Y376.771 Z0.800 E0.28038
G1 X163.167 Y377.186 Z0.800 E0.28038
G1 X162.936 Y377.593 Z0.800 E0.28038
G1 X162.693 Y377.993 Z0.800 E0.28038
G1 X162.437 Y378.386 Z0.800 E0.28038
G1 X162.169 Y378.770 Z0.800 E0.28038
G1 X161.889 Y379.146 Z0.800 E0.28038
G1 X161.598 Y379.512 Z0.800 E0.28038
G1 X161.296 Y379.870 Z0.800 E0.28038
G1 X160.982 Y380.217 Z0.800 E0.28038
G1 X160.658 Y380.555 Z0.800 E0.28038
G1 X160.323 Y380.883 Z0.800 E0.28038
G1 X159.978 Y381.200 Z0.800 E0.28038
G1 X159.624 Y381.506 Z0.800 E0.28038
G1 X159.260 Y381.801 Z0.800 E0.28038
G1 X158.887 Y382.084 Z0.800 E0.28038
G1 X158.505 Y382.356 Z0.800 E0.28038
G1 X158.115 Y382.615 Z0.800 E0.28038
G1 X157.718 Y382.862 Z0.800 E0.28038
G1 X157.312 Y383.097 Z0.800 E0.28038
G1 X156.900 Y383.319 Z0.800 E0.28038
G1 X156.481 Y383.528 Z0.800 E0.28038
G1 X156.055 Y383.723 Z0.800 E0.28038
G1 X155.624 Y383.906 Z0.800 E0.28038
G1 X155.187 Y384.075 Z0.800 E0.28038
G1 X154.745 Y384.230 Z0.800 E0.28038
G1 X154.299 Y384.371 Z0.800 E0.28038
G1 X153.848 Y384.498 Z0.800 E0.28038
G1 X153.393 Y384.611 Z0.800 E0.28038
G1 X152.936 Y384.710 Z0.800 E0.28038
G1 X152.475 Y384.794 Z0.800 E0.28038
G1 X152.012 Y384.864 Z0.800 E0.28038
G1 X151.547 Y384.920 Z0.800 E0.28038
G1 X151.080 Y384.961 Z0.800 E0.28038
G1 X150.613 Y384.987 Z0.800 E0.28038
G1 X150.145 Y384.999 Z0.800 E0.28038
G1 X149.676 Y384.997 Z0.800 E0.28038
G1 X149.208 Y384.979 Z0.800 E0.28038
G1 X148.741 Y384.947 Z0.800 E0.28038
G1 X148.275 Y384.901 Z0.800 E0.28038
G1 X147.811 Y384.839 Z0.800 E0.28038
G1 X147.349 Y384.764 Z0.800 E0.28038
G1 X146.889 Y384.674 Z0.800 E0.28038
G1 X146.432 Y384.570 Z0.800 E0.28038
G1 X145.979 Y384.451 Z0.800 E0.28038
G1 X145.530 Y384.319 Z0.800 E0.28038
G1 X145.085 Y384.172 Z0.800 E0.28038
G1 X144.645 Y384.012 Z0.800 E0.28038
G1 X144.211 Y383.838 Z0.800 E0.28038
G1 X143.781 Y383.650 Z0.800 E0.28038
G1 X143.358 Y383.449 Z0.800 E0.28038
G1 X142.942 Y383.236 Z0.800 E0.28038
G1 X142.532 Y383.009 Z0.800 E0.28038
G1 X142.129 Y382.769 Z0.800 E0.28038
G1 X141.735 Y382.517 Z0.800 E0.28038
G1 X141.348 Y382.253 Z0.800 E0.28038
G1 X140.970 Y381.977 Z0.800 E0.28038
G1 X140.600 Y381.689 Z0.800 E0.28038
G1 X140.240 Y381.390 Z0.800 E0.28038
G1 X139.889 Y381.080 Z0.800 E0.28038
G1 X139.548 Y380.759 Z0.800 E0.28038
G1 X139.217 Y380.427 Z0.800 E0.28038
G1 X138.897 Y380.086 Z0.800 E0.28038
G1 X138.588 Y379.734 Z0.800 E0.28038
G1 X138.289 Y379.373 Z0.800 E0.28038
G1 X138.002 Y379.003 Z0.800 E0.28038
G1 X137.727 Y378.624 Z0.800 E0.28038
G1 X137.464 Y378.237 Z0.800 E0.28038
G1 X137.213 Y377.841 Z0.800 E0.28038
G1 X136.974 Y377.438 Z0.800 E0.28038
G1 X136.748 Y377.028 Z0.800 E0.28038
G1 X136.535 Y376.611 Z0.800 E0.28038
G1 X136.336 Y376.187 Z0.800 E0.28038
G1 X136.149 Y375.758 Z0.800 E0.28038
G1 X135.976 Y375.323 Z0.800 E0.28038
G1 X135.817 Y374.882 Z0.800 E0.28038
G1 X135.671 Y374.437 Z0.800 E0.28038
G1 X135.540 Y373.988 Z0.800 E0.28038
G1 X135.422 Y373.534 Z0.800 E0.28038
G1 X135.319 Y373.077 Z0.800 E0.28038
G1 X135.230 Y372.618 Z0.800 E0.28038
G1 X135.156 Y372.155 Z0.800 E0.28038
G1 X135.096 Y371.691 Z0.800 E0.28038
G1 X135.050 Y371.225 Z0.800 E0.28038
G1 X135.019 Y370.757 Z0.800 E0.28038
G1 X135.003 Y370.289 Z0.800 E0.28038
G1 X135.001 Y369.821 Z0.800 E0.28038
G1 X135.014 Y369.353 Z0.800 E0.28038
G1 X135.041 Y368.885 Z0.800 E0.28038
G1 X135.084 Y368.419 Z0.800 E0.28038
G1 X135.140 Y367.954 Z0.800 E0.28038
G1 X135.211 Y367.491 Z0.800 E0.28038
G1 X135.297 Y367.031 Z0.800 E0.28038
G1 X135.397 Y366.573 Z0.800 E0.28038
G1 X135.511 Y366.119 Z0.800 E0.28038
G1 X135.639 Y365.669 Z0.800 E0.28038
G1 X135.781 Y365.222 Z0.800 E0.28038
G1 X135.937 Y364.781 Z0.800 E0.28038
G1 X136.107 Y364.344 Z0.800 E0.28038
G1 X136.290 Y363.913 Z0.800 E0.28038
G1 X136.487 Y363.488 Z0.800 E0.28038
G1 X136.697 Y363.070 Z0.800 E0.28038
G1 X136.920 Y362.658 Z0.800 E0.28038
G1 X137.155 Y362.253 Z0.800 E0.28038
G1 X137.403 Y361.856 Z0.800 E0.28038
G1 X137.664 Y361.467 Z0.800 E0.28038
G1 X137.936 Y361.086 Z0.800 E0.28038
G1 X138.220 Y360.713 Z0.800 E0.28038
G1 X138.516 Y360.350 Z0.800 E0.28038
G1 X138.823 Y359.996 Z0.800 E0.28038
G1 X139.141 Y359.652 Z0.800 E0.28038
G1 X139.469 Y359.318 Z0.800 E0.28038
G1 X139.808 Y358.995 Z0.800 E0.28038
G1 X140.156 Y358.682 Z0.800 E0.28038
G1 X140.514 Y358.380 Z0.800 E0.28038
G1 X140.882 Y358.090 Z0.800 E0.28038
G1 X141.258 Y357.811 Z0.800 E0.28038
G1 X141.643 Y357.544 Z0.800 E0.28038
G1 X142.036 Y357.289 Z0.800 E0.28038
G1 X142.436 Y357.047 Z0.800 E0.28038
G1 X142.844 Y356.817 Z0.800 E0.28038
G1 X143.259 Y356.600 Z0.800 E0.28038
G1 X143.681 Y356.396 Z0.800 E0.28038
G1 X144.109 Y356.205 Z0.800 E0.28038
G1 X144.542 Y356.028 Z0.800 E0.28038
G1 X144.981 Y355.865 Z0.800 E0.28038
G1 X145.425 Y355.715 Z0.800 E0.28038
G1 X145.873 Y355.579 Z0.800 E0.28038
G1 X146.325 Y355.457 Z0.800 E0.28038
G1 X146.781 Y355.349 Z0.800 E0.28038
G1 X147.240 Y355.256 Z0.800 E0.28038
G1 X147.702 Y355.177 Z0.800 E0.28038
G1 X148.165 Y355.113 Z0.800 E0.28038
G1 X148.631 Y355.063 Z0.800 E0.28038
G1 X149.098 Y355.027 Z0.800 E0.28038
G1 X149.566 Y355.006 Z0.800 E0.28038
G1 X150.034 Y355.000 Z0.800 E0.28038
G1 X150.502 Y355.008 Z0.800 E0.28038
G1 X150.970 Y355.031 Z0.800 E0.28038
G1 X151.437 Y355.069 Z0.800 E0.28038
G1 X151.902 Y355.121 Z0.800 E0.28038
G1 X152.366 Y355.188 Z0.800 E0.28038
G1 X152.827 Y355.269 Z0.800 E0.28038
G1 X153.286 Y355.364 Z0.800 E0.28038
G1 X153.741 Y355.474 Z0.800 E0.28038
G1 X154.193 Y355.598 Z0.800 E0.28038
G1 X154.640 Y355.736 Z0.800 E0.28038
G1 X155.083 Y355.888 Z0.800 E0.28038
G1 X155.521 Y356.053 Z0.800 E0.28038
G1 X155.954 Y356.232 Z0.800 E0.28038
G1 X156.381 Y356.425 Z0.800 E0.28038
G1 X156.802 Y356.631 Z0.800 E0.28038
G1 X157.216 Y356.850 Z0.800 E0.28038
G1 X157.623 Y357.081 Z0.800 E0.28038
G1 X158.022 Y357.326 Z0.800 E0.28038
G1 X158.414 Y357.582 Z0.800 E0.28038
G1 X158.798 Y357.851 Z0.800 E0.28038
G1 X159.173 Y358.131 Z0.800 E0.28038
G1 X159.539 Y358.424 Z0.800 E0.28038
G1 X159.895 Y358.727 Z0.800 E0.28038
G1 X160.242 Y359.041 Z0.800 E0.28038
G1 X160.580 Y359.366 Z0.800 E0.28038
G1 X160.906 Y359.702 Z0.800 E0.28038
G1 X161.223 Y360.047 Z0.800 E0.28038
G1 X161.528 Y360.403 Z0.800 E0.28038
G1 X161.822 Y360.767 Z0.800 E0.28038
G1 X162.104 Y361.141 Z0.800 E0.28038
G1 X162.375 Y361.523 Z0.800 E0.28038
G1 X162.634 Y361.913 Z0.800 E0.28038
G1 X162.880 Y362.312 Z0.800 E0.28038
G1 X163.114 Y362.718 Z0.800 E0.28038
G1 X163.335 Y363.130 Z0.800 E0.28038
G1 X163.542 Y363.550 Z0.800 E0.28038
G1 X163.737 Y363.976 Z0.800 E0.28038
G1 X163.919 Y364.408 Z0.800 E0.28038
G1 X164.086 Y364.845 Z0.800 E0.28038
G1 X164.240 Y365.287 Z0.800 E0.28038
G1 X164.381 Y365.734 Z0.800 E0.28038
G1 X164.507 Y366.185 Z0.800 E0.28038
G1 X164.619 Y366.640 Z0.800 E0.28038
G1 X164.717 Y367.098 Z0.800 E0.28038
G1 X164.800 Y367.559 Z0.800 E0.28038
G1 X164.869 Y368.022 Z0.800 E0.28038
G1 X164.924 Y368.487 Z0.800 E0.28038
G1 X164.963 Y368.954 Z0.800 E0.28038
G1 E-3.0 F600
G92 E0
M106 S255             ; Fan 100% for air printing
; Mesh layer (n=0)
M221 S50
G1 Z7.950 F6000
G1 X165.000 Y370.000 F6000
G1 Z0.800 F3000
G1 E3.0 F300
G1 F270
G1 X164.993 Y370.474 Z0.861 E0.50515
G1 X164.970 Y370.947 Z1.422 E0.77656
G1 X164.933 Y371.419 Z1.982 E0.77656
G1 X164.881 Y371.889 Z2.543 E0.77656
G1 X164.813 Y372.358 Z3.104 E0.77656
G1 X164.732 Y372.825 Z3.665 E0.77656
G1 X164.635 Y373.288 Z4.226 E0.77656
G1 X164.524 Y373.749 Z4.786 E0.77656
G4 P6000
G1 X164.398 Y374.205 Z4.553 E0.55870
G1 X164.259 Y374.658 Z3.992 E0.77656
G1 X164.104 Y375.106 Z3.431 E0.77656
G1 X163.936 Y375.548 Z2.870 E0.77656
G1 X163.754 Y375.985 Z2.310 E0.77656
G1 X163.558 Y376.417 Z1.749 E0.77656
G1 X163.349 Y376.841 Z1.188 E0.77656
G1 X163.126 Y377.259 Z0.800 E0.64768
G4 P6000
G1 X162.891 Y377.670 Z0.800 E0.50104
G1 X162.642 Y378.073 Z1.094 E0.58999
G1 X162.381 Y378.468 Z1.655 E0.77656
G1 X162.107 Y378.855 Z2.216 E0.77656
G1 X161.822 Y379.233 Z2.777 E0.77656
G1 X161.524 Y379.601 Z3.338 E0.77656
G1 X161.216 Y379.960 Z3.898 E0.77656
G1 X160.896 Y380.310 Z4.459 E0.77656
G1 X160.565 Y380.648 Z4.880 E0.67011
G4 P6000
G1 X160.223 Y380.977 Z4.319 E0.77656
G1 X159.872 Y381.294 Z3.758 E0.77656
G1 X159.510 Y381.600 Z3.197 E0.77656
G1 X159.139 Y381.894 Z2.637 E0.77656
G1 X158.759 Y382.177 Z2.076 E0.77656
G1 X158.370 Y382.447 Z1.515 E0.77656
G1 X157.973 Y382.705 Z0.954 E0.77656
G1 X157.568 Y382.951 Z0.800 E0.52695
G4 P6000
G1 X157.156 Y383.183 Z0.800 E0.50104
G1 X156.736 Y383.403 Z1.328 E0.75049
G1 X156.309 Y383.608 Z1.889 E0.77656
G1 X155.877 Y383.801 Z2.450 E0.77656
G1 X155.438 Y383.980 Z3.011 E0.77656
G1 X154.994 Y384.144 Z3.571 E0.77656
G1 X154.545 Y384.295 Z4.132 E0.77656
G1 X154.092 Y384.431 Z4.693 E0.77656
G4 P6000
G1 X153.634 Y384.553 Z4.646 E0.50347
G1 X153.173 Y384.661 Z4.085 E0.77656
G1 X152.708 Y384.753 Z3.525 E0.77656
G1 X152.241 Y384.832 Z2.964 E0.77656
G1 X151.772 Y384.895 Z2.403 E0.77656
G1 X151.301 Y384.943 Z1.842 E0.77656
G1 X150.828 Y384.977 Z1.281 E0.77656
G1 X150.355 Y384.996 Z0.800 E0.71445
G4 P6000
G1 X149.882 Y385.000 Z0.800 E0.50104
G1 X149.408 Y384.988 Z1.001 E0.54430
G1 X148.935 Y384.962 Z1.562 E0.77656
G1 X148.463 Y384.921 Z2.123 E0.77656
G1 X147.993 Y384.865 Z2.683 E0.77656
G1 X147.525 Y384.794 Z3.244 E0.77656
G1 X147.059 Y384.709 Z3.805 E0.77656
G1 X146.596 Y384.609 Z4.366 E0.77656
G1 X146.137 Y384.494 Z4.927 E0.77656
G4 P6000
G1 X145.681 Y384.365 Z4.413 E0.73948
G1 X145.230 Y384.221 Z3.852 E0.77656
G1 X144.783 Y384.064 Z3.291 E0.77656
G1 X144.342 Y383.892 Z2.730 E0.77656
G1 X143.906 Y383.706 Z2.169 E0.77656
G1 X143.477 Y383.507 Z1.609 E0.77656
G1 X143.053 Y383.295 Z1.048 E0.77656
G1 X142.637 Y383.069 Z0.800 E0.56545
G4 P6000
G1 X142.228 Y382.830 Z0.800 E0.50104
G1 X141.827 Y382.578 Z1.235 E0.68008
G1 X141.434 Y382.314 Z1.795 E0.77656
G1 X141.050 Y382.037 Z2.356 E0.77656
G1 X140.674 Y381.749 Z2.917 E0.77656
G1 X140.308 Y381.448 Z3.478 E0.77656
G1 X139.951 Y381.137 Z4.039 E0.77656
G1 X139.605 Y380.814 Z4.599 E0.77656
G1 X139.269 Y380.480 Z4.740 E0.52253
G4 P6000
G1 X138.943 Y380.136 Z4.179 E0.77656
G1 X138.629 Y379.782 Z3.618 E0.77656
G1 X138.325 Y379.418 Z3.057 E0.77656
G1 X138.034 Y379.045 Z2.496 E0.77656
G1 X137.754 Y378.663 Z1.936 E0.77656
G1 X137.487 Y378.272 Z1.375 E0.77656
G1 X137.232 Y377.873 Z0.814 E0.77656
G1 X136.990 Y377.466 Z0.800 E0.50126
G4 P6000
G1 X136.761 Y377.051 Z0.908 E0.51379
G1 X136.545 Y376.630 Z1.468 E0.77656
G1 X136.342 Y376.202 Z2.029 E0.77656
G1 X136.153 Y375.768 Z2.590 E0.77656
G1 X135.978 Y375.328 Z3.151 E0.77656
G1 X135.817 Y374.882 Z3.712 E0.77656
G1 X135.670 Y374.432 Z4.272 E0.77656
G1 X135.537 Y373.978 Z4.833 E0.77656
G4 P6000
G1 X135.419 Y373.519 Z4.506 E0.60895
G1 X135.315 Y373.057 Z3.945 E0.77656
G1 X135.226 Y372.592 Z3.384 E0.77656
G1 X135.151 Y372.124 Z2.824 E0.77656
G1 X135.091 Y371.654 Z2.263 E0.77656
G1 X135.047 Y371.183 Z1.702 E0.77656
G1 X135.017 Y370.710 Z1.141 E0.77656
G1 X135.002 Y370.237 Z0.800 E0.61753
G4 P6000
G1 X135.002 Y369.763 Z0.800 E0.50104
G1 X135.017 Y369.290 Z1.141 E0.61753
G1 X135.047 Y368.817 Z1.702 E0.77656
G1 X135.091 Y368.346 Z2.263 E0.77656
G1 X135.151 Y367.876 Z2.824 E0.77656
G1 X135.226 Y367.408 Z3.384 E0.77656
G1 X135.315 Y366.943 Z3.945 E0.77656
G1 X135.419 Y366.481 Z4.506 E0.77656
G1 X135.537 Y366.022 Z4.833 E0.60895
G4 P6000
G1 X135.670 Y365.568 Z4.272 E0.77656
G1 X135.817 Y365.118 Z3.712 E0.77656
G1 X135.978 Y364.672 Z3.151 E0.77656
G1 X136.153 Y364.232 Z2.590 E0.77656
G1 X136.342 Y363.798 Z2.029 E0.77656
G1 X136.545 Y363.370 Z1.468 E0.77656
G1 X136.761 Y362.949 Z0.908 E0.77656
G1 X136.990 Y362.534 Z0.800 E0.51379
G4 P6000
G1 X137.232 Y362.127 Z0.814 E0.50126
G1 X137.487 Y361.728 Z1.375 E0.77656
G1 X137.754 Y361.337 Z1.936 E0.77656
G1 X138.034 Y360.955 Z2.496 E0.77656
G1 X138.325 Y360.582 Z3.057 E0.77656
G1 X138.629 Y360.218 Z3.618 E0.77656
G1 X138.943 Y359.864 Z4.179 E0.77656
G1 X139.269 Y359.520 Z4.740 E0.77656
G4 P6000
G1 X139.605 Y359.186 Z4.599 E0.52253
G1 X139.951 Y358.863 Z4.039 E0.77656
G1 X140.308 Y358.552 Z3.478 E0.77656
G1 X140.674 Y358.251 Z2.917 E0.77656
G1 X141.050 Y357.963 Z2.356 E0.77656
G1 X141.434 Y357.686 Z1.795 E0.77656
G1 X141.827 Y357.422 Z1.235 E0.77656
G1 X142.228 Y357.170 Z0.800 E0.68008
G4 P6000
G1 X142.637 Y356.931 Z0.800 E0.50104
G1 X143.053 Y356.705 Z1.048 E0.56545
G1 X143.477 Y356.493 Z1.609 E0.77656
G1 X143.906 Y356.294 Z2.169 E0.77656
G1 X144.342 Y356.108 Z2.730 E0.77656
G1 X144.783 Y355.936 Z3.291 E0.77656
G1 X145.230 Y355.779 Z3.852 E0.77656
G1 X145.681 Y355.635 Z4.413 E0.77656
G1 X146.137 Y355.506 Z4.927 E0.73948
G4 P6000
G1 X146.596 Y355.391 Z4.366 E0.77656
G1 X147.059 Y355.291 Z3.805 E0.77656
G1 X147.525 Y355.206 Z3.244 E0.77656
G1 X147.993 Y355.135 Z2.683 E0.77656
G1 X148.463 Y355.079 Z2.123 E0.77656
G1 X148.935 Y355.038 Z1.562 E0.77656
G1 X149.408 Y355.012 Z1.001 E0.77656
G1 X149.882 Y355.000 Z0.800 E0.54430
G4 P6000
G1 X150.355 Y355.004 Z0.800 E0.50104
G1 X150.828 Y355.023 Z1.281 E0.71445
G1 X151.301 Y355.057 Z1.842 E0.77656
G1 X151.772 Y355.105 Z2.403 E0.77656
G1 X152.241 Y355.168 Z2.964 E0.77656
G1 X152.708 Y355.247 Z3.525 E0.77656
G1 X153.173 Y355.339 Z4.085 E0.77656
G1 X153.634 Y355.447 Z4.646 E0.77656
G1 X154.092 Y355.569 Z4.693 E0.50347
G4 P6000
G1 X154.545 Y355.705 Z4.132 E0.77656
G1 X154.994 Y355.856 Z3.571 E0.77656
G1 X155.438 Y356.020 Z3.011 E0.77656
G1 X155.877 Y356.199 Z2.450 E0.77656
G1 X156.309 Y356.392 Z1.889 E0.77656
G1 X156.736 Y356.597 Z1.328 E0.77656
G1 X157.156 Y356.817 Z0.800 E0.75049
G4 P6000
G1 X157.568 Y357.049 Z0.800 E0.50104
G1 X157.973 Y357.295 Z0.954 E0.52695
G1 X158.370 Y357.553 Z1.515 E0.77656
G1 X158.759 Y357.823 Z2.076 E0.77656
G1 X159.139 Y358.106 Z2.637 E0.77656
G1 X159.510 Y358.400 Z3.197 E0.77656
G1 X159.872 Y358.706 Z3.758 E0.77656
G1 X160.223 Y359.023 Z4.319 E0.77656
G1 X160.565 Y359.352 Z4.880 E0.77656
G4 P6000
G1 X160.896 Y359.690 Z4.459 E0.67011
G1 X161.216 Y360.040 Z3.898 E0.77656
G1 X161.524 Y360.399 Z3.338 E0.77656
G1 X161.822 Y360.767 Z2.777 E0.77656
G1 X162.107 Y361.145 Z2.216 E0.77656
G1 X162.381 Y361.532 Z1.655 E0.77656
G1 X162.642 Y361.927 Z1.094 E0.77656
G1 X162.891 Y362.330 Z0.800 E0.58999
G4 P6000
G1 X163.126 Y362.741 Z0.800 E0.50104
G1 X163.349 Y363.159 Z1.188 E0.64768
G1 X163.558 Y363.583 Z1.749 E0.77656
G1 X163.754 Y364.015 Z2.310 E0.77656
G1 X163.936 Y364.452 Z2.870 E0.77656
G1 X164.104 Y364.894 Z3.431 E0.77656
G1 X164.259 Y365.342 Z3.992 E0.77656
G1 X164.398 Y365.795 Z4.553 E0.77656
G1 X164.524 Y366.251 Z4.786 E0.55870
G4 P6000
G1 X164.635 Y366.712 Z4.226 E0.77656
G1 X164.732 Y367.175 Z3.665 E0.77656
G1 X164.813 Y367.642 Z3.104 E0.77656
G1 X164.881 Y368.111 Z2.543 E0.77656
G1 X164.933 Y368.581 Z1.982 E0.77656
G1 X164.970 Y369.053 Z1.422 E0.77656
G1 X164.993 Y369.526 Z0.861 E0.77656
G1 X165.000 Y370.000 Z0.800 E0.50515
G1 E-3.0 F600
G92 E0
M106 S0               ; Fan off before next ring

; --- End ---
M106 S0
M104 S0
M140 S0
G1 Z80 F3000
G28 X0
M84